accession	geo_PC1	geo_PC2	geo_PC3
RS_GCF_000617845.2	-52.360911487621	-9.52694368221449	12.1144657324107
GB_GCA_000828835.1	-37.2894415049136	5.9912145678814	-25.3936516000414
RS_GCF_000964545.1	-40.3266211602246	-20.4286656966071	17.4370472694135
RS_GCF_001652915.1	-42.9413687162002	8.4271652839702	-22.7080405135676
RS_GCF_000876015.1	-48.2718744222612	3.29408153587486	-19.2053053653244
RS_GCF_001293525.1	-46.2759797647259	6.05520022678182	-20.7047170844987
RS_GCF_001748145.1	-45.3404495288563	6.19354116053332	-21.3543724306316
RS_GCF_001592285.1	24.4042907693837	-42.0660893700627	3.55576072295786
RS_GCF_001592305.1	33.9903984257754	-36.6915520729599	11.0713661902236
RS_GCF_002072155.1	-43.2600085868655	8.63443009128646	-22.4961214613391
RS_GCF_001895145.1	-46.1343671090402	6.84133784917462	-20.7420531585569
GB_GCA_002897935.1	-48.5155249495184	19.7513840042136	-12.6287330955482
GB_GCA_002897855.1	-48.5155249495184	19.7513840042136	-12.6287330955482
GB_GCA_002897995.1	-48.5155249495184	19.7513840042136	-12.6287330955482
GB_GCA_002897735.1	-48.5155249495184	19.7513840042136	-12.6287330955483
GB_GCA_002897615.1	-48.5155249495184	19.7513840042136	-12.6287330955483
GB_GCA_002898955.1	-43.6867880456189	8.49428704593991	-22.2505147167222
RS_GCF_009937955.1	-43.965165426388	7.81700769261294	-22.14890710868
RS_GCF_009937975.1	-43.9806732038967	7.92800986102206	-22.1285713112189
RS_GCF_003402535.1	-43.4779449755016	8.75286854360778	-22.3435219830716
RS_GCF_003574215.1	-44.3115426366469	8.20791110959757	-21.8777096247828
RS_GCF_003865015.1	-45.221330644938	6.15944452552094	-21.4349544814334
RS_GCF_003864975.1	-43.8322035789827	7.50333704700772	-22.2557814853517
RS_GCF_003967275.1	-37.1937455503527	5.86689848553185	-25.4208438745809
RS_GCF_003967195.1	-35.491229611055	7.92699915794199	-26.2306585968638
GB_GCA_003966565.1	-37.1937455503527	5.86689848553185	-25.4208438745809
RS_GCF_003966715.1	37.6532806754123	36.5590338800667	-28.4201459146828
RS_GCF_003851545.1	-46.083813525806	5.84181173028059	-20.855475724797
GB_GCA_004323595.1	-37.1937455503527	5.86689848553185	-25.4208438745809
GB_GCA_014190675.1	-45.3845143481971	6.14780824847439	-21.3265844236829
RS_GCF_007992095.1	-45.0821079020108	7.24985260709547	-21.4581441813505
RS_GCF_009937995.1	-35.9111556463214	6.48561058974533	-25.983279783571
RS_GCF_009811755.1	-48.6017084989894	4.80890333288769	-18.8996974975724
RS_GCF_011764485.1	-53.2463660000896	4.22034710119956	-13.2824736000682
RS_GCF_011764585.1	-43.8462573236456	7.48391510037772	-22.2483692436715
RS_GCF_016629565.1	-54.8943995749413	2.07344757016441	-10.1366864065174
RS_GCF_013282155.1	-46.6267902020186	-0.985347004161212	-19.4330235701499
RS_GCF_019973615.1	-42.950817035642	8.3954079169942	-22.7060594647094
GB_GCA_016861105.1	-47.2664234613425	4.33289570949855	-20.0244363445468
GB_GCA_016861185.1	-47.2664234613425	4.33289570949854	-20.0244363445468
RS_GCF_019972155.1	-46.8548065183757	3.96098048388037	-20.3216052530263
RS_GCF_019655435.1	-49.0507742617694	4.83502653609606	-18.4819134625214
RS_GCF_022179805.1	-44.4865607625568	7.80356798975617	-21.8084313437044
GB_GCA_021604645.1	-42.5487116644427	6.98652877882283	-23.0032171353969
GB_GCA_024347195.1	-38.3262512378177	6.13696229381268	-24.9731376716294
RS_GCF_022835695.1	-43.3818151059934	8.36461365744334	-22.4598301996732
RS_GCF_023734135.1	-43.5884826675824	8.31103314586551	-22.3373830077751
RS_GCF_900172255.1	-42.0785823582886	3.50719467065632	-22.9930537700809
RS_GCF_900172295.1	-48.6271737264063	0.342680239725413	-18.4620893227117
RS_GCF_900172345.1	-49.8572151467269	0.587586121227835	-17.3290606172073
RS_GCF_900172365.1	-49.1608725683646	-2.26249439993472	-16.6588167857974
RS_GCF_900172265.1	-49.9132839332265	0.728438778541874	-17.3095724155694
RS_GCF_900172225.1	31.6967403925797	-38.5149266048695	12.7218158107484
RS_GCF_900184815.1	-49.3295017533932	0.705930693232872	-17.9045800988249
RS_GCF_900184935.1	-50.0299507858615	0.598483939226467	-17.1440981716051
RS_GCF_900185015.1	-48.4346581450077	1.33477465289529	-18.8840330050339
RS_GCF_900184945.1	-47.3895303958962	-0.842778446188843	-18.9839532058183
RS_GCF_900184895.1	-47.3895303958962	-0.842778446188849	-18.9839532058183
RS_GCF_900185715.1	-46.3079708499654	49.9102573654914	27.4390010698674
RS_GCF_900185725.1	-46.5818660021472	49.340846693016	27.6169067445882
GB_GCA_900197615.1	36.4904741481138	-33.4669219843919	12.7268436404545
GB_GCA_900197625.1	36.4904741481138	-33.4669219843919	12.7268436404545
RS_GCF_902502825.2	-45.7321806033388	-13.2673149689688	-6.5459698139331
RS_GCF_900302455.1	31.925428057467	-38.3588884912972	12.6334871024247
RS_GCF_900302465.1	-45.7499821659957	0.315040987109388	-20.4468825709357
RS_GCF_900302475.1	-49.9132839332266	0.728438778541871	-17.3095724155694
RS_GCF_900302485.1	-48.3131560603823	1.4392563933319	-19.0061330790288
RS_GCF_900302505.1	-49.9132839332266	0.728438778541862	-17.3095724155694
RS_GCF_900313035.1	36.4905835043846	-33.4667736695887	12.726812298498
RS_GCF_900313025.1	36.4905835043846	-33.4667736695887	12.726812298498
GB_GCA_900313015.1	36.4905751405736	-33.4667885191801	12.7267954107456
GB_GCA_900313005.1	36.4905751405736	-33.4667885191801	12.7267954107456
GB_GCA_919592095.1	-56.915938557043	13.6099568327834	20.643312557114
RS_GCF_024925465.1	-23.2894195604238	-12.1247639442215	66.4223421360961
GB_GCA_919902475.1	24.2013971908816	-42.2729087554779	4.00119419643438
GB_GCA_919902775.1	24.1911930282635	-42.275759104047	4.00185807632729
GB_GCA_919902965.1	24.1781462873992	-42.2783300183442	4.00010119012477
GB_GCA_919902765.1	24.2013971908816	-42.2729087554779	4.00119419643436
GB_GCA_945787495.1	30.4031575268813	-38.603159271445	3.74797840783257
GB_GCA_945788625.1	30.4031575268813	-38.603159271445	3.74797840783256
GB_GCA_945787105.1	30.2234441696455	-38.8028076797489	3.85810333060228
GB_GCA_945869355.1	22.6914342141324	-43.1473958218341	7.3093263576785
GB_GCA_945875225.1	22.6914342141324	-43.1473958218341	7.30932635767851
GB_GCA_945870465.1	22.6914342141324	-43.1473958218341	7.3093263576785
GB_GCA_945872335.1	25.7152482355642	-42.432503612846	8.48763519924319
GB_GCA_945861265.1	25.7152482355642	-42.4325036128461	8.48763519924319
GB_GCA_945860515.1	25.9491921087521	-42.3474305396841	8.47378168039786
GB_GCA_945861225.1	25.9491921087521	-42.3474305396841	8.47378168039787
GB_GCA_945861275.1	25.9491921087521	-42.3474305396842	8.47378168039785
GB_GCA_945889625.1	25.9491921087521	-42.3474305396842	8.47378168039785
GB_GCA_945893085.1	25.9491921087521	-42.3474305396842	8.47378168039784
GB_GCA_945861895.1	25.9491921087521	-42.3474305396842	8.47378168039784
GB_GCA_945893125.1	25.9491921087521	-42.3474305396842	8.47378168039783
GB_GCA_945861855.1	25.9491921087521	-42.3474305396842	8.47378168039783
GB_GCA_945861785.1	23.0631521439928	-42.7850917499093	5.08289181617364
GB_GCA_945885345.1	23.0631521439928	-42.7850917499093	5.08289181617365
GB_GCA_945881875.1	23.0631521439928	-42.7850917499093	5.08289181617365
GB_GCA_945862495.1	23.0631521439928	-42.7850917499093	5.08289181617366
GB_GCA_945862305.1	23.0631521439928	-42.7850917499093	5.08289181617365
GB_GCA_945881965.1	23.0631521439928	-42.7850917499093	5.08289181617365
GB_GCA_945862355.1	23.0631521439928	-42.7850917499093	5.08289181617364
GB_GCA_945862265.1	23.0631521439928	-42.7850917499093	5.08289181617365
GB_GCA_945862135.1	23.0631521439928	-42.7850917499093	5.08289181617365
GB_GCA_945865935.1	23.0631521439928	-42.7850917499093	5.08289181617365
GB_GCA_945889015.1	23.0631521439928	-42.7850917499093	5.08289181617364
GB_GCA_945862985.1	23.0631521439928	-42.7850917499093	5.08289181617364
GB_GCA_945874805.1	22.1487472688948	-42.7949420594864	4.74826127778913
GB_GCA_945883615.1	22.1487472688948	-42.7949420594864	4.74826127778915
GB_GCA_945890735.1	22.1487472688948	-42.7949420594864	4.74826127778917
GB_GCA_945890705.1	22.1487472688948	-42.7949420594864	4.74826127778917
GB_GCA_945876565.1	22.1487472688948	-42.7949420594864	4.74826127778915
GB_GCA_945877235.1	22.1487472688948	-42.7949420594864	4.74826127778913
GB_GCA_945869245.1	22.1487472688948	-42.7949420594865	4.74826127778914
GB_GCA_945883795.1	22.1487472688948	-42.7949420594865	4.74826127778914
GB_GCA_945870205.1	22.1487472688948	-42.7949420594865	4.74826127778916
GB_GCA_945897955.1	22.1487472688948	-42.7949420594865	4.74826127778915
GB_GCA_945870035.1	22.1487472688948	-42.7949420594865	4.74826127778913
GB_GCA_945871285.1	22.1487472688948	-42.7949420594865	4.74826127778914
GB_GCA_945878355.1	22.1487472688948	-42.7949420594865	4.74826127778915
GB_GCA_945901825.1	22.1487472688948	-42.7949420594865	4.74826127778914
GB_GCA_945897475.1	22.7914221887064	-43.1384403642438	7.35163641917377
GB_GCA_945897365.1	22.355045405653	-42.8029217252006	4.83382150502629
GB_GCA_945875955.1	22.355045405653	-42.8029217252006	4.83382150502629
GB_GCA_945878995.1	22.355045405653	-42.8029217252007	4.83382150502631
GB_GCA_945878385.1	22.355045405653	-42.8029217252007	4.83382150502632
GB_GCA_945887835.1	22.355045405653	-42.8029217252006	4.83382150502632
GB_GCA_945901125.1	22.355045405653	-42.8029217252006	4.83382150502631
GB_GCA_945901045.1	22.355045405653	-42.8029217252006	4.83382150502632
GB_GCA_945898095.1	22.3550454056531	-42.8029217252006	4.8338215050263
GB_GCA_945898115.1	22.3550454056531	-42.8029217252006	4.8338215050263
GB_GCA_945901855.1	26.4459359149454	-42.1527042832815	7.69827433302833
GB_GCA_945897515.1	26.4459359149454	-42.1527042832814	7.69827433302832
GB_GCA_945864585.1	26.4459359149454	-42.1527042832814	7.69827433302831
GB_GCA_945901405.1	26.4459359149454	-42.1527042832814	7.69827433302831
GB_GCA_945906755.1	26.4459359149454	-42.1527042832814	7.69827433302831
GB_GCA_945906765.1	26.4459359149454	-42.1527042832814	7.69827433302831
GB_GCA_945864455.1	22.5204605268752	-43.1645775376906	7.34324349374103
GB_GCA_945903565.1	22.5204605268752	-43.1645775376906	7.34324349374102
GB_GCA_945906815.1	22.5204605268752	-43.1645775376906	7.34324349374104
GB_GCA_945906975.1	22.5204605268752	-43.1645775376906	7.34324349374103
GB_GCA_945878885.1	22.5204605268752	-43.1645775376906	7.34324349374104
GB_GCA_945907045.1	22.5204605268752	-43.1645775376906	7.34324349374103
GB_GCA_934525625.1	-37.2649942662989	-22.5798512610482	10.6461766469239
GB_GCA_900149695.1	36.4904741481138	-33.4669219843918	12.7268436404545
RS_GCF_900143565.1	36.4904741481138	-33.4669219843918	12.7268436404545
GB_GCA_900143615.1	36.4904741481138	-33.4669219843918	12.7268436404545
RS_GCF_900143535.1	36.4904741481138	-33.4669219843918	12.7268436404545
RS_GCF_001258055.1	25.8968885426899	-42.2384137768466	9.89271494269169
RS_GCF_001269345.1	22.2317205270367	-42.9152399752054	5.29895740202896
RS_GCF_001269365.1	21.9957509648622	-43.1236541141104	6.47155408882172
RS_GCF_001403735.1	31.9632267451397	-38.3659760552835	12.4394936638707
RS_GCF_001403795.1	-45.4690900573519	2.65302518043741	-21.1024657571222
GB_GCA_001404055.1	31.9933581381659	-38.4692363390229	11.5329656616847
RS_GCF_001404515.1	31.9933581381659	-38.4692363390229	11.5329656616846
RS_GCF_001458195.1	43.1060722430452	-18.9852315876299	24.3822341205451
RS_GCF_001458315.1	31.9813889908441	-38.3468908613071	12.4668276788305
RS_GCF_001458355.1	23.619617889918	-41.0776693190375	0.956505554444956
RS_GCF_001458255.1	31.9933581381659	-38.4692363390228	11.5329656616846
RS_GCF_001458415.1	31.9857901715124	-38.3494097933588	12.4336429172961
RS_GCF_001457775.1	31.9933581381659	-38.4692363390228	11.5329656616846
RS_GCF_001458395.1	-49.9111833423643	0.730315905492646	-17.3123512291847
RS_GCF_001458215.1	31.9857901715124	-38.3494097933588	12.4336429172961
RS_GCF_900187115.1	59.6666369331605	32.5646924045897	43.5019724961213
RS_GCF_900499075.1	-6.67717967252693	-23.8569307961257	-16.1022452527546
RS_GCF_900537175.1	36.4904741481138	-33.4669219843918	12.7268436404545
RS_GCF_900537075.1	36.4904741481138	-33.4669219843918	12.7268436404545
RS_GCF_900696085.1	34.6698345998868	-18.1500024531677	40.9517398296925
RS_GCF_902459695.1	-47.3322786260724	0.289859721348316	-19.5160780398026
RS_GCF_902459765.1	59.6666369331605	32.5646924045897	43.5019724961213
RS_GCF_902459655.1	59.6666369331605	32.5646924045897	43.5019724961213
RS_GCF_902459565.1	27.472717056608	-40.7028964839097	3.52510078582194
RS_GCF_902459805.1	59.6666369331605	32.5646924045897	43.5019724961213
RS_GCF_902459735.1	59.6666369331605	32.5646924045897	43.5019724961212
RS_GCF_902459775.1	59.6666369331605	32.5646924045897	43.5019724961212
RS_GCF_902459665.1	26.4635000133597	-40.748266264103	2.36028354951076
RS_GCF_902459615.1	27.472717056608	-40.7028964839097	3.52510078582194
RS_GCF_902459745.1	27.472717056608	-40.7028964839097	3.52510078582193
RS_GCF_902459725.1	27.472717056608	-40.7028964839097	3.52510078582193
RS_GCF_902459555.1	27.472717056608	-40.7028964839097	3.52510078582193
RS_GCF_902459685.1	27.472717056608	-40.7028964839097	3.52510078582193
RS_GCF_902459585.1	59.6666369331605	32.5646924045897	43.5019724961212
RS_GCF_902459645.1	59.6666369331605	32.5646924045897	43.5019724961213
RS_GCF_902459705.1	27.472717056608	-40.7028964839097	3.52510078582191
GB_GCA_902623175.1	-15.5621957516258	61.8164531468012	-5.40018514785228
GB_GCA_902625475.1	-15.5621957516258	61.8164531468011	-5.40018514785231
GB_GCA_902631295.1	-10.5125709769074	57.854608377692	-12.8588667397308
GB_GCA_902631395.1	-10.5125709769074	57.854608377692	-12.8588667397308
GB_GCA_902541695.1	53.7923334180252	14.1763004645404	-4.71820321799961
GB_GCA_902543185.1	53.7923334180252	14.1763004645404	-4.71820321799961
GB_GCA_902611605.1	53.7923334180252	14.1763004645404	-4.71820321799961
GB_GCA_902518075.1	53.7923334180252	14.1763004645404	-4.7182032179996
GB_GCA_902520195.1	53.7923334180252	14.1763004645404	-4.7182032179996
GB_GCA_902536515.1	53.7923334180252	14.1763004645404	-4.71820321799961
GB_GCA_902541775.1	53.7923334180252	14.1763004645404	-4.71820321799961
GB_GCA_902573735.1	53.7923334180252	14.1763004645404	-4.71820321799961
GB_GCA_902578545.1	53.7923334180252	14.1763004645404	-4.71820321799961
GB_GCA_902562285.1	-3.40912929108136	46.3843168920458	-27.1457906640111
GB_GCA_902554885.1	51.3291682893248	2.67154911990483	-3.27772947642201
GB_GCA_902557415.1	51.3291682893248	2.67154911990483	-3.27772947642201
GB_GCA_902570265.1	55.4728266949962	19.8659151344382	-0.762385578537727
GB_GCA_902635985.1	8.20661938035062	1.64367731982764	75.5591933487994
GB_GCA_902534325.1	34.1349817097898	63.9132385860849	26.6982920955532
GB_GCA_902602765.1	-33.5848365565098	69.5629714137947	23.4250308560654
GB_GCA_902727905.1	24.8573413726767	-40.6605474460467	0.864171177420823
GB_GCA_902727935.1	24.8573413726767	-40.6605474460467	0.864171177420835
GB_GCA_902727915.1	24.8573413726767	-40.6605474460467	0.864171177420853
GB_GCA_902727895.1	24.8573413726767	-40.6605474460467	0.864171177420861
GB_GCA_902825995.1	46.6844210782515	18.3914321228931	-21.9061350102387
GB_GCA_902826345.1	46.6844210782515	18.3914321228931	-21.9061350102387
GB_GCA_902826305.1	46.6844210782515	18.3914321228931	-21.9061350102387
GB_GCA_902826195.1	46.6844210782515	18.3914321228931	-21.9061350102387
GB_GCA_902826155.1	46.6844210782515	18.3914321228931	-21.9061350102387
RS_GCF_903815225.1	31.1046037866016	-22.0731698143373	40.1610106534844
GB_GCA_903832285.1	15.1207963549469	-32.6170227512813	-10.5245306425404
GB_GCA_903908065.1	56.9701725627634	22.5603616711178	5.67437665104182
GB_GCA_903938815.1	26.8300656020893	-41.9607855630851	7.28880277333884
GB_GCA_903843235.1	15.1225068210073	-32.612096403764	-10.529171669512
GB_GCA_903944725.1	26.8300656020893	-41.9607855630851	7.28880277333884
GB_GCA_903832735.1	14.1777267849676	-37.7396034454406	-4.71416421824133
GB_GCA_903848955.1	18.8191961130741	-35.9346181094909	-6.84952470662547
GB_GCA_903951445.1	26.8300656020893	-41.9607855630851	7.28880277333883
GB_GCA_903951825.1	26.8300656020893	-41.9607855630851	7.28880277333882
GB_GCA_903954045.1	26.8300656020893	-41.9607855630851	7.28880277333882
GB_GCA_903933915.1	26.8300656020893	-41.9607855630851	7.28880277333882
GB_GCA_903874585.1	39.5712067487608	8.38272150500563	-24.892888100307
GB_GCA_903869365.1	14.1949246981874	-37.7558277639974	-4.69382159491213
GB_GCA_903903185.1	39.5710616760028	8.381707808147	-24.8925567841105
GB_GCA_903905735.1	39.5710616760028	8.38170780814699	-24.8925567841105
GB_GCA_903959855.1	26.8300656020893	-41.9607855630851	7.28880277333882
GB_GCA_903935355.1	26.8300656020893	-41.9607855630851	7.28880277333882
GB_GCA_903960915.1	26.8300656020893	-41.9607855630851	7.28880277333883
GB_GCA_903843315.1	14.2512604305586	-37.8432970601034	-4.57626617659205
GB_GCA_903906635.1	39.5702497812808	8.38163758142767	-24.8931626094775
GB_GCA_903934795.1	26.8300656020893	-41.9607855630851	7.28880277333886
GB_GCA_903886165.1	17.7698083400307	-38.7435925232209	-3.55677759598766
GB_GCA_903894155.1	15.1225068210073	-32.612096403764	-10.529171669512
GB_GCA_903845935.1	15.1225068210073	-32.612096403764	-10.529171669512
GB_GCA_903867305.1	16.7079817580248	-35.6601512540387	-7.34723002172888
GB_GCA_903892995.1	14.1426006880924	-37.7435979395778	-4.70282697271463
GB_GCA_903870955.1	18.8191961130742	-35.9346181094909	-6.84952470662546
GB_GCA_903826775.1	15.1207963549469	-32.6170227512814	-10.5245306425404
GB_GCA_903893215.1	8.47203678942715	9.30807804265395	-35.1972161029375
GB_GCA_903933115.1	39.5702497812808	8.38163758142766	-24.8931626094775
GB_GCA_903827075.1	18.8089137423183	-35.9056666462456	-6.88124723161199
GB_GCA_903885085.1	14.1777267849676	-37.7396034454406	-4.71416421824133
GB_GCA_903885165.1	14.1777267849676	-37.7396034454406	-4.71416421824133
GB_GCA_903856995.1	14.2512604305586	-37.8432970601034	-4.57626617659207
GB_GCA_903941205.1	26.8300656020893	-41.9607855630851	7.28880277333888
GB_GCA_903934295.1	26.8300656020893	-41.9607855630851	7.28880277333889
GB_GCA_903932865.1	26.8300656020893	-41.9607855630851	7.2888027733389
GB_GCA_903909815.1	14.1949246981874	-37.7558277639974	-4.6938215949121
GB_GCA_903820745.1	16.6926398277739	-35.6395277631807	-7.37017781709781
GB_GCA_903880855.1	18.8191961130742	-35.9346181094909	-6.84952470662544
GB_GCA_903933395.1	26.8300656020893	-41.9607855630851	7.28880277333889
GB_GCA_903950295.1	26.8300656020893	-41.9607855630851	7.28880277333889
GB_GCA_903839085.1	14.2512604305587	-37.8432970601034	-4.57626617659206
GB_GCA_903924955.1	14.2512604305586	-37.8432970601034	-4.57626617659207
GB_GCA_903869595.1	17.8155082721178	-38.7241939246973	-3.58370237477221
GB_GCA_903944555.1	26.8300656020893	-41.9607855630851	7.2888027733389
GB_GCA_903935585.1	26.8300656020893	-41.9607855630851	7.2888027733389
GB_GCA_903958565.1	26.8300656020893	-41.9607855630852	7.2888027733389
GB_GCA_903892175.1	14.1777267849676	-37.7396034454406	-4.71416421824123
GB_GCA_903853455.1	14.2174099079078	-37.7362843909802	-4.72415559196638
GB_GCA_903961095.1	26.8300656020892	-41.9607855630851	7.2888027733389
GB_GCA_903876685.1	15.1207963549469	-32.6170227512813	-10.5245306425403
GB_GCA_903837335.1	15.1207963549469	-32.6170227512813	-10.5245306425403
GB_GCA_903893565.1	15.1207963549469	-32.6170227512813	-10.5245306425404
GB_GCA_903899705.1	15.1207963549469	-32.6170227512813	-10.5245306425403
GB_GCA_903850735.1	26.8300656020892	-41.9607855630852	7.28880277333888
GB_GCA_903903735.1	26.8300656020893	-41.9607855630852	7.28880277333888
GB_GCA_903853895.1	26.8300656020892	-41.9607855630852	7.28880277333891
GB_GCA_903844825.1	26.8300656020892	-41.9607855630852	7.28880277333891
GB_GCA_903898725.1	26.8300656020892	-41.9607855630851	7.28880277333893
GB_GCA_903876715.1	26.8300656020892	-41.9607855630851	7.28880277333893
GB_GCA_903930255.1	26.8300656020892	-41.9607855630851	7.28880277333893
GB_GCA_903922075.1	26.8300656020892	-41.9607855630851	7.28880277333892
GB_GCA_903844775.1	26.8300656020892	-41.9607855630851	7.28880277333893
GB_GCA_903930395.1	26.8300656020892	-41.9607855630851	7.28880277333891
GB_GCA_903870065.1	26.8300656020892	-41.9607855630851	7.2888027733389
GB_GCA_903900805.1	26.8300656020892	-41.9607855630851	7.28880277333889
GB_GCA_903824965.1	14.1412216735575	-37.7446573708739	-4.70109566128034
GB_GCA_903828235.1	17.7698083400307	-38.7435925232209	-3.55677759598759
GB_GCA_903907905.1	17.7698083400307	-38.7435925232209	-3.55677759598758
GB_GCA_903847605.1	17.7698083400307	-38.7435925232209	-3.55677759598758
GB_GCA_903885665.1	17.7698083400307	-38.7435925232209	-3.55677759598757
GB_GCA_903866395.1	17.7698083400307	-38.7435925232209	-3.55677759598757
GB_GCA_903909415.1	17.7698083400307	-38.7435925232209	-3.55677759598757
GB_GCA_903928495.1	17.7698083400307	-38.7435925232209	-3.55677759598755
GB_GCA_903915535.1	16.7070187415973	-35.6615146879496	-7.34579546244179
GB_GCA_903876625.1	39.5702497812808	8.38163758142767	-24.8931626094776
GB_GCA_903913145.1	39.5702497812808	8.38163758142766	-24.8931626094775
GB_GCA_903904605.1	14.1777267849676	-37.7396034454406	-4.71416421824128
GB_GCA_903830985.1	14.1777267849676	-37.7396034454406	-4.71416421824129
GB_GCA_903878085.1	14.1777267849676	-37.7396034454406	-4.71416421824129
GB_GCA_903847155.1	14.1777267849676	-37.7396034454406	-4.71416421824129
GB_GCA_903844635.1	14.1777267849676	-37.7396034454406	-4.71416421824129
GB_GCA_903892315.1	14.1777267849676	-37.7396034454406	-4.71416421824129
GB_GCA_903914985.1	18.9923372076828	-37.016936275464	-5.64417575570111
GB_GCA_903889595.1	18.9923372076828	-37.016936275464	-5.64417575570112
GB_GCA_903885555.1	16.6926398277739	-35.6395277631808	-7.37017781709787
GB_GCA_903875135.1	15.1207963549469	-32.6170227512813	-10.5245306425404
GB_GCA_903918115.1	18.8191961130742	-35.9346181094909	-6.84952470662548
GB_GCA_903930805.1	18.9923372076828	-37.016936275464	-5.64417575570112
GB_GCA_903870145.1	18.9923372076828	-37.016936275464	-5.64417575570112
GB_GCA_903861115.1	14.1426006880925	-37.7435979395778	-4.70282697271442
GB_GCA_903921325.1	39.5706297685078	8.38171251059439	-24.8928992574028
GB_GCA_903888645.1	39.5701764545062	8.38145180232748	-24.8931367706893
GB_GCA_903839845.1	14.2174099079078	-37.7362843909802	-4.7241555919664
GB_GCA_903839865.1	14.2174099079077	-37.7362843909802	-4.7241555919664
GB_GCA_903924765.1	14.1949246981874	-37.7558277639974	-4.69382159491208
GB_GCA_903873725.1	14.1949246981874	-37.7558277639973	-4.69382159491209
GB_GCA_903905585.1	14.1949246981874	-37.7558277639973	-4.69382159491208
GB_GCA_903899885.1	14.1949246981874	-37.7558277639974	-4.69382159491209
GB_GCA_903832005.1	16.7079817580248	-35.6601512540385	-7.3472300217288
GB_GCA_903881515.1	16.7079817580248	-35.6601512540385	-7.3472300217288
GB_GCA_903929045.1	16.7079817580248	-35.6601512540385	-7.3472300217288
GB_GCA_903887325.1	16.7079817580248	-35.6601512540385	-7.34723002172879
GB_GCA_903842945.1	18.8191961130742	-35.9346181094909	-6.8495247066255
GB_GCA_903895005.1	18.8191961130742	-35.9346181094909	-6.84952470662552
GB_GCA_903897925.1	39.5706500212646	8.38173262075139	-24.8928923012519
GB_GCA_903914615.1	39.5706500212646	8.38173262075139	-24.8928923012519
GB_GCA_903825645.1	18.9923372076828	-37.016936275464	-5.64417575570113
GB_GCA_903891395.1	18.9923372076828	-37.016936275464	-5.64417575570113
GB_GCA_903892675.1	18.9923372076828	-37.016936275464	-5.64417575570113
GB_GCA_903845315.1	14.8747860284612	-32.8735803890971	-10.2826585351837
GB_GCA_903859155.1	14.2512604305586	-37.8432970601034	-4.57626617659218
GB_GCA_903930535.1	14.2512604305586	-37.8432970601034	-4.5762661765922
GB_GCA_903995005.1	-24.9354569696032	-27.2328522244554	32.5273379328624
RS_GCF_905397395.1	27.472717056608	-40.7028964839098	3.52510078582196
RS_GCF_905397435.1	-43.3818151059934	8.36461365744326	-22.4598301996732
RS_GCF_905397275.1	-47.3322786260723	0.289859721348346	-19.5160780398026
RS_GCF_905397375.1	29.357262758038	-36.375332175889	-1.24392986061253
GB_GCA_905479075.1	24.8456334519305	-40.6654808005885	0.864828672829812
GB_GCA_905479135.1	24.8456334519305	-40.6654808005885	0.864828672829805
GB_GCA_905479205.1	24.8456334519305	-40.6654808005885	0.864828672829802
GB_GCA_905480065.1	24.8456334519305	-40.6654808005885	0.864828672829799
GB_GCA_905480295.1	24.8456334519305	-40.6654808005885	0.864828672829799
GB_GCA_905480435.1	24.8456334519305	-40.6654808005885	0.864828672829803
GB_GCA_905480575.1	24.8456334519305	-40.6654808005885	0.864828672829794
GB_GCA_905479575.1	24.8456334519305	-40.6654808005885	0.864828672829793
GB_GCA_905479595.1	24.8456334519305	-40.6654808005885	0.8648286728298
GB_GCA_905479635.1	24.8456334519305	-40.6654808005885	0.864828672829803
GB_GCA_905479765.1	24.8456334519305	-40.6654808005885	0.864828672829794
GB_GCA_905479925.1	24.8456334519305	-40.6654808005885	0.864828672829792
GB_GCA_905479965.1	24.8456334519305	-40.6654808005885	0.864828672829794
GB_GCA_905479985.1	24.8456334519305	-40.6654808005885	0.864828672829804
GB_GCA_905612355.1	-12.0428825280659	58.2917926646395	63.685410909996
RS_GCF_914271545.1	59.6666369331605	32.5646924045897	43.5019724961212
GB_GCA_913054205.1	47.5076690696965	-9.92774309688706	-0.412722231568294
GB_GCA_913057115.1	56.955073795819	23.5253254733722	5.49705697723781
GB_GCA_913031285.1	23.1116372257882	41.1713952469778	-33.6115461360899
GB_GCA_913048575.1	49.4218695752819	49.9723411819143	50.0757680708887
GB_GCA_913061505.1	56.9723470733663	23.3635571011818	5.59169229772134
GB_GCA_913055205.1	20.5220048864338	32.3218934929067	-36.9053400174191
GB_GCA_913060815.1	45.5333866260115	-5.90100975441797	-9.00041131916157
GB_GCA_913042265.1	22.8903568108395	44.5063656465244	69.2514382132712
GB_GCA_913055765.1	27.3393099195641	39.2924896804999	-34.0117025272426
GB_GCA_913020445.1	-23.4287012628143	-29.2793048645469	26.4169336273507
GB_GCA_913057135.1	56.955073795819	23.5253254733722	5.49705697723779
GB_GCA_913030825.1	44.2728662577336	56.1747938665252	18.4076203571477
GB_GCA_913052635.1	50.3375709634975	29.1667219718748	61.7601450104205
GB_GCA_913062865.1	56.954917114146	23.5251292882788	5.49624664205178
GB_GCA_913064665.1	15.0504033916009	39.3079607783651	-34.722424579955
GB_GCA_913062835.1	56.9549171141459	23.5251292882788	5.49624664205178
GB_GCA_913009875.1	-50.0239416854415	22.8703310196644	-7.42256045993198
GB_GCA_913053665.1	36.7166565857614	0.742016014290542	58.3084013034248
GB_GCA_913047675.1	18.3071170943105	-42.2352792209294	15.4231970976981
GB_GCA_913061075.1	45.8505863690008	-5.67445998873277	-8.62188888233068
GB_GCA_913055855.1	27.339309919564	39.2924896804999	-34.0117025272426
GB_GCA_913064775.1	15.0504033916009	39.3079607783651	-34.722424579955
GB_GCA_913055575.1	27.339309919564	39.2924896804999	-34.0117025272426
GB_GCA_913053655.1	36.7166565857614	0.742016014290569	58.3084013034248
GB_GCA_913056165.1	56.9723470733663	23.3635571011818	5.59169229772132
GB_GCA_913061275.1	45.5333866260115	-5.90100975441798	-9.00041131916158
GB_GCA_913051655.1	42.9820760637666	57.3063797289134	40.9763291492627
GB_GCA_913042205.1	10.2862060248961	-38.2550419736823	27.0687192577845
GB_GCA_913057765.1	45.5333866260115	-5.90100975441798	-9.00041131916158
GB_GCA_913054185.1	32.048582476495	-38.0738432038594	13.4820333468591
GB_GCA_913061335.1	48.2301935766412	4.27270523742443	-12.1833963228599
GB_GCA_913055735.1	56.9703154430028	23.3782176679732	5.58032323291901
GB_GCA_913063035.1	56.9549171141459	23.5251292882788	5.49624664205179
GB_GCA_913031305.1	31.5947211866307	52.5100205057364	-15.7263472642995
GB_GCA_913009895.1	-50.0239416854414	22.8703310196644	-7.42256045993198
GB_GCA_913055755.1	56.9703154430028	23.3782176679733	5.58032323291902
GB_GCA_913062525.1	49.0281493294233	32.6483018358775	-15.7807338404764
GB_GCA_913060475.1	56.9723470733663	23.3635571011818	5.59169229772132
GB_GCA_913062925.1	28.3233853992089	-25.0912185534567	-12.4502520307841
GB_GCA_913061245.1	56.9723470733663	23.3635571011818	5.59169229772132
GB_GCA_913043905.1	25.2969983134042	48.5905223900424	66.1732193936023
GB_GCA_913062735.1	49.0281493294233	32.6483018358775	-15.7807338404764
GB_GCA_913054395.1	32.0485824764951	-38.0738432038594	13.4820333468592
RS_GCF_000147355.1	-53.1003543259738	3.42395249813638	-13.5459707491495
RS_GCF_000183725.1	-39.1460529696214	7.50371660092596	-24.6655398950979
RS_GCF_000186245.1	-52.9818081532063	4.0768203410013	-13.7235781305444
GB_GCA_000310245.1	36.5368032025252	33.9141701898584	-30.4703988592617
RS_GCF_000380185.1	-43.3818151059936	8.36461365744324	-22.4598301996732
RS_GCF_000372525.1	-39.3528011589402	58.6643105261696	17.49254893709
GB_GCA_000472185.1	-3.66168086645941	48.0719012204858	-25.650044228604
RS_GCF_000379105.1	-2.0262125121171	-6.10324772357446	73.7116508020718
RS_GCF_000497755.1	25.1397929412822	-42.5534588954079	9.40203876354948
GB_GCA_000504425.1	-45.7321806033387	-13.2673149689688	-6.54596981393314
RS_GCF_000506985.1	-45.2383122479554	-8.52726449140494	-14.3732551668778
RS_GCF_000153125.2	24.0881612404624	-42.182362328114	3.64936883031679
RS_GCF_000154705.2	24.0881612404624	-42.182362328114	3.64936883031679
GB_GCA_000158155.1	24.4121693422946	-40.4351178329773	0.24434467072017
RS_GCF_000158095.2	24.0881612404624	-42.182362328114	3.64936883031679
RS_GCF_000158175.1	24.4121693422946	-40.4351178329773	0.244344670720193
RS_GCF_000376265.1	28.6311008230834	-25.303480804846	-12.0971932319259
GB_GCA_000381565.1	23.2051815240357	-42.5873766246392	4.40637055621024
RS_GCF_000428045.1	49.3536548250853	16.4086749486183	-17.3186105375572
RS_GCF_000429765.1	-43.3818151059935	8.36461365744324	-22.4598301996732
RS_GCF_000429845.1	-55.6872000144769	-1.61576902321683	-6.86296685522053
RS_GCF_000425365.1	18.0280685539467	-43.059508758978	7.62915485147879
RS_GCF_000422765.1	-49.8135436919431	4.01501981753262	-17.7649944380986
RS_GCF_000473045.1	-54.1663758559881	28.489668089837	22.5716072055922
RS_GCF_000473145.1	-50.7997226169485	1.64760701988426	-16.5152497289767
RS_GCF_000473225.1	-57.2274439779471	-0.631222185783525	3.39049545882097
RS_GCF_000473325.1	25.8741880185994	-42.2417003681477	9.93282941586812
GB_GCA_000482765.1	-55.2757623698755	0.444419315233109	-8.95484600395188
RS_GCF_000473105.1	22.1701348585376	-42.233810006235	3.02282922308104
RS_GCF_000472425.1	-39.6874701892334	-18.7750029123448	30.4170841152048
RS_GCF_000429625.1	-25.6221774916984	-29.2240127855981	15.4975456032976
RS_GCF_000427785.1	-45.7321806033387	-13.2673149689688	-6.54596981393313
RS_GCF_000377645.1	23.2051815240357	-42.5873766246392	4.40637055621024
RS_GCF_000373205.1	54.5008050776926	36.4865335298747	57.6878794499912
RS_GCF_000376425.1	29.357262758038	-36.375332175889	-1.24392986061249
RS_GCF_000484635.1	-43.501379690368	8.39809781541162	-22.3814155405149
RS_GCF_000473065.1	-53.258895335602	18.7457806276936	43.4942629112016
RS_GCF_000473205.1	3.43511065154303	1.33577953122335	-32.7791802178638
RS_GCF_000472385.1	-54.166375855988	28.489668089837	22.5716072055922
RS_GCF_000472925.1	-39.6874701892334	-18.7750029123448	30.4170841152048
RS_GCF_000472965.1	-53.920419445709	17.5791939696673	40.8906727618106
RS_GCF_000422885.1	23.8858939003628	-42.910268066727	6.80631204934273
RS_GCF_000429605.1	-55.674910912316	0.413612933772118	-7.96929924871754
RS_GCF_000429665.1	-25.6221774916984	-29.2240127855981	15.4975456032976
RS_GCF_000421625.1	28.6311008230834	-25.303480804846	-12.0971932319259
RS_GCF_000373145.1	35.8961084894289	-34.4247233082853	9.38428953522227
RS_GCF_000473165.1	25.8805610020594	-42.2444484111553	9.89334299238248
RS_GCF_000423825.1	29.357262758038	-36.375332175889	-1.24392986061247
RS_GCF_000423425.1	29.3710524026724	-40.4708129705011	8.46593630485679
RS_GCF_000423645.1	-45.7321806033387	-13.2673149689688	-6.54596981393312
RS_GCF_000426505.1	4.73042886244923	-40.811182111269	13.1443111861281
RS_GCF_000426345.1	44.4144783008721	39.2762449312574	-18.2528058128028
RS_GCF_000429045.1	-51.9379840707383	-9.97373083120337	-0.83209865038975
RS_GCF_000421645.1	59.6666369331607	32.5646924045897	43.5019724961212
RS_GCF_000496075.1	-48.1561541888048	-13.1676011547599	20.3421196893648
RS_GCF_000296215.2	44.5896188888611	43.6421633999843	-12.7133610483301
RS_GCF_000261685.1	-45.7321806033387	-13.2673149689688	-6.54596981393311
RS_GCF_000442315.1	13.4285898099879	-35.7592897256479	-7.14342633959563
RS_GCF_000442275.2	-47.3322786260721	0.289859721348371	-19.5160780398027
RS_GCF_000442255.1	33.9903984257754	-36.6915520729601	11.0713661902233
RS_GCF_000293785.1	-42.646207049549	-18.8789544471448	14.1911859421224
RS_GCF_000293865.2	21.9997312512963	-43.1253054939998	6.48614548650796
RS_GCF_000242915.1	17.4948416564042	-40.2842036690796	-1.09234931011379
GB_GCA_000496475.1	25.2432871258594	16.5097039619267	-34.7323191943994
RS_GCF_000300335.1	-34.4611081348388	-14.6708088013961	52.8703459344785
RS_GCF_000300275.1	-34.4611081348388	-14.6708088013961	52.8703459344785
RS_GCF_000299875.1	12.5893375178123	-16.2627200946377	-23.5090525632566
RS_GCF_000445475.1	-56.2852937285034	-3.67835400310806	-2.58156435366702
RS_GCF_000364445.2	59.4966437555853	28.233860416937	40.363647472346
GB_GCA_000272025.2	-54.6345401406191	-1.7700856208411	24.0014976036517
RS_GCF_000292345.1	-56.9779547284991	4.00841796186045	17.4952512553162
RS_GCF_001044395.1	-38.4951954244642	-16.4055266824892	-9.05496318563209
GB_GCA_000521215.1	28.9311422389366	-38.6756916993039	1.51400118814511
RS_GCF_000527135.1	25.2344253699786	30.3046732613218	-36.4384446215722
RS_GCF_000515415.1	51.128867635212	48.6155715971521	49.9992271570567
RS_GCF_000092125.1	36.1338650450843	-34.1455508716894	10.2993639529065
RS_GCF_000092245.1	47.6563634185865	5.75834023706089	-14.2692553061905
RS_GCF_000025705.1	59.6666369331608	32.5646924045897	43.5019724961212
RS_GCF_000025605.1	30.0105555645096	-24.251993104704	-12.0099612841265
RS_GCF_000219215.1	43.399926258265	26.6565623655305	-25.9445576461933
RS_GCF_000511385.1	33.9903984257754	-36.6915520729601	11.0713661902233
RS_GCF_000607165.1	31.2830773428395	40.3789400093128	-31.2339968385295
RS_GCF_000647975.1	31.9849992965731	-38.350461446378	12.4311620208915
RS_GCF_002115725.1	-47.3322786260722	0.289859721348365	-19.5160780398027
RS_GCF_002115805.1	-48.7343641946124	0.856966840368552	-18.5142390656657
RS_GCF_001440405.1	32.1602537997749	-38.2048398361235	12.4612220695698
RS_GCF_001440395.1	51.7494583695396	38.8128108954567	-2.78607200071975
RS_GCF_001440415.1	35.1769119920897	-34.0433875086152	16.1392000792287
RS_GCF_001440475.1	-51.4007318867546	-5.02984058695993	-11.7117981875095
RS_GCF_000768555.3	24.8492098990161	-40.6606545963889	0.859061949315377
RS_GCF_000973625.1	22.8021003712264	-43.136247089771	7.32830858989834
RS_GCF_000622365.1	-48.3298806733543	1.47158711805954	-18.9973677887675
RS_GCF_000622325.1	-48.3298806733543	1.47158711805955	-18.9973677887675
RS_GCF_000622385.1	-48.3298806733543	1.47158711805955	-18.9973677887675
RS_GCF_000688515.1	-0.989171789596369	70.9936583021436	4.73860572367933
RS_GCF_900167455.1	59.6666369331608	32.5646924045897	43.5019724961211
RS_GCF_900167255.1	48.1015638990145	20.3465360129006	-20.3230521575041
RS_GCF_000746275.1	1.33799574867382	77.6724688833404	27.0975148110524
RS_GCF_000761245.1	-53.0357519052777	-7.37005814324968	-5.20934403756905
RS_GCF_000619805.1	-43.3818151059935	8.36461365744319	-22.4598301996732
RS_GCF_000511355.1	49.5790340201441	19.3705332924225	-17.6437172503452
RS_GCF_000512735.1	32.8956404594329	30.860904096878	-33.3655822501346
RS_GCF_000733775.1	23.2041911157041	-42.5881087082453	4.40839577302904
RS_GCF_000735605.1	39.7051718739257	38.2067650171091	-25.3527130200331
RS_GCF_000702305.1	25.2317522558586	30.2830495035414	-36.4400020857773
RS_GCF_000714535.1	-49.4706604554404	36.5088136379491	9.14186693887421
RS_GCF_000771745.2	-31.746354967454	74.5143989356353	30.4022118295133
GB_GCA_001295905.1	-38.4951954244642	-16.4055266824892	-9.05496318563206
GB_GCA_001295865.1	-38.4951954244642	-16.4055266824892	-9.05496318563206
GB_GCA_001295775.1	-55.3990066144915	-5.80629848966499	0.954373114077112
RS_GCF_001662875.1	-43.3818151059934	8.3646136574432	-22.4598301996732
RS_GCF_000737065.1	47.5076690696966	-9.92774309688704	-0.412722231568305
RS_GCF_000600975.2	-45.7321806033386	-13.2673149689687	-6.5459698139331
RS_GCF_000497575.1	59.6666369331609	32.5646924045896	43.501972496121
RS_GCF_000620065.1	29.6401960183832	-24.541399297896	-12.0381803261282
RS_GCF_000738435.1	25.2962854917131	-40.8442387514517	1.51534653231166
RS_GCF_000768315.1	47.5076690696965	-9.92774309688706	-0.412722231568288
RS_GCF_000743715.1	-38.3414528818823	59.5628321890765	16.5475376730151
GB_GCA_000743525.1	27.4942475122859	19.1596605026379	-34.6399085879622
GB_GCA_000747095.1	27.4942475122859	19.1596605026379	-34.6399085879622
GB_GCA_000830255.1	23.2175824394578	-42.7408095209607	11.2985133021564
RS_GCF_000759435.1	18.8546953965912	-40.9131087534114	-0.0526742860727537
RS_GCF_000935205.1	18.8546953965912	-40.9131087534114	-0.0526742860727665
RS_GCF_000767615.3	29.357262758038	-36.375332175889	-1.24392986061242
RS_GCF_002927635.1	43.9141718751882	-20.7732873093573	6.8666117167373
RS_GCF_000590925.1	-51.3179939259094	36.9166542471288	32.6475405040382
RS_GCF_000972785.3	12.101905431024	-41.7265929143425	16.4690135154445
RS_GCF_000814845.2	59.6666369331609	32.5646924045896	43.501972496121
RS_GCF_002088275.1	47.5076690696965	-9.92774309688706	-0.412722231568275
RS_GCF_001624695.1	31.1170931983426	41.7216429193808	-30.2501010519796
GB_GCA_000785145.2	24.0142508732682	33.4072389033858	-36.3904461882843
RS_GCF_000801955.1	-53.9513550390619	-3.66366562515587	23.6108573837843
RS_GCF_000807775.2	-42.1978570556061	54.668748643454	42.8709266414727
RS_GCF_000794385.1	57.5877055230074	42.3514219721003	47.9467566613831
RS_GCF_000813745.1	-3.75553774604419	48.145848494502	-25.5538658572125
RS_GCF_000813725.1	-3.75553774604419	48.145848494502	-25.5538658572125
RS_GCF_000814025.1	-3.7555377460442	48.145848494502	-25.5538658572125
RS_GCF_000812465.1	-45.8446942188711	-4.37349658186161	-17.8354326954978
RS_GCF_000815105.2	25.2432871258594	16.5097039619267	-34.7323191943993
GB_GCA_002049495.1	-0.786742899818366	-35.6436645446923	31.1901869499391
RS_GCF_001590795.1	-42.9837097833715	8.41775544586554	-22.6849794724538
RS_GCF_002407245.1	33.9903984257754	-36.6915520729601	11.0713661902233
RS_GCF_001509835.1	49.3945284687095	17.0100662215003	-17.4382346658432
RS_GCF_001205715.1	47.5076690696965	-9.92774309688705	-0.412722231568264
RS_GCF_001262635.1	-48.7750017685994	0.477636028338526	-18.3700305584937
RS_GCF_000938255.1	26.2850350655879	27.7278992251646	-36.1349146894828
RS_GCF_000938305.1	26.2850350655879	27.7278992251646	-36.1349146894828
GB_GCA_000955795.1	59.6666369331609	32.5646924045896	43.501972496121
GB_GCA_000955785.1	59.6666369331608	32.5646924045896	43.501972496121
RS_GCF_000934605.2	10.9307559107772	-41.3646920620571	17.5612425277515
RS_GCF_001580455.1	-52.9562439994125	-9.32399205301434	3.19880402298297
RS_GCF_000948415.1	-53.331655132919	4.26360824320515	-13.1351873456365
RS_GCF_001038505.1	23.101850806195	48.1903230990774	67.0700610982788
RS_GCF_001011155.1	23.101850806195	48.1903230990774	67.0700610982788
GB_GCA_000981705.1	2.55696308295638	61.9856201173812	60.40468633554
RS_GCF_001292625.1	21.2003359793032	-36.3300564186298	-5.95854553250772
GB_GCA_000961745.1	26.6819450338425	-41.9980608752768	6.99034348070527
GB_GCA_000961635.1	26.6819450338425	-41.9980608752768	6.99034348070527
RS_GCF_001595965.1	-51.4981579610982	-4.11051487766135	-12.576411555912
RS_GCF_018881715.1	22.8622248036882	-43.1348113979964	7.77677413180171
RS_GCF_003261235.1	21.2003359793032	-36.3300564186298	-5.9585455325077
RS_GCF_015291705.1	-45.358981262721	-7.9792512537454	-14.8992495041192
RS_GCF_009930815.1	-45.358981262721	-7.97925125374539	-14.8992495041192
RS_GCF_015291745.1	-53.9970569503751	-7.67941815881857	-0.678440010001514
RS_GCF_004114535.1	-53.9970569503751	-7.67941815881857	-0.67844001000152
RS_GCF_004114935.1	-55.644282093407	-4.74975297558696	-2.99940153980045
RS_GCF_015291645.1	-53.9970569503751	-7.67941815881857	-0.678440010001524
RS_GCF_015291665.1	-53.9970569503751	-7.67941815881857	-0.678440010001524
RS_GCF_004114955.1	-55.644282093407	-4.74975297558697	-2.99940153980045
RS_GCF_015291625.1	-53.9970569503751	-7.67941815881857	-0.678440010001518
RS_GCF_015291725.1	-55.644282093407	-4.74975297558697	-2.99940153980044
GB_GCA_001443385.1	36.1286412789479	34.1534964865749	-30.7186406547749
RS_GCF_001441615.1	47.5076690696965	-9.92774309688704	-0.412722231568306
RS_GCF_001006325.2	39.7051718739256	38.2067650171091	-25.352713020033
RS_GCF_000987835.1	-43.3818151059934	8.3646136574432	-22.4598301996732
RS_GCF_001017435.1	16.2528256605582	-42.1283853136276	15.8987454224051
RS_GCF_001412535.1	-47.530045974877	0.108565820544955	-19.3043302941824
RS_GCF_001412575.1	-47.530045974877	0.108565820544953	-19.3043302941824
RS_GCF_001007875.1	49.2765691557894	13.2842236799704	-16.0894937812782
GB_GCA_001724135.1	6.51738446075826	0.167892766335843	75.5872080245673
GB_GCA_001724315.1	6.51738446075826	0.167892766335844	75.5872080245674
GB_GCA_001724855.1	6.51738446075826	0.167892766335837	75.5872080245674
GB_GCA_001724995.1	6.51738446075826	0.167892766335846	75.5872080245674
GB_GCA_001725255.1	6.51738446075826	0.167892766335842	75.5872080245674
GB_GCA_001725505.1	6.51738446075826	0.167892766335847	75.5872080245674
RS_GCF_002795845.1	24.8472909733795	-40.6679487727998	0.87019476420948
RS_GCF_001305515.1	45.2660828822823	23.7957977008314	-24.2312256485427
RS_GCF_001530125.1	28.8307692922838	25.6222440721355	-35.1747410517108
RS_GCF_001045555.1	-48.5806053371147	42.5089635458091	38.6229018225059
RS_GCF_003346815.1	31.2870247226384	-38.9845339091539	11.7039930887831
RS_GCF_013201935.1	30.9515867285853	-39.2729014569319	11.2968120861788
RS_GCF_003660105.1	30.6609501617226	-34.8331758178882	-1.71654134351959
RS_GCF_013201725.1	30.9515867285853	-39.2729014569319	11.2968120861788
RS_GCF_003544915.1	31.2870247226384	-38.9845339091539	11.7039930887831
RS_GCF_003544855.1	-38.723178262254	2.52795510023068	-24.2581264563903
RS_GCF_003544935.1	31.2870247226384	-38.9845339091539	11.7039930887831
RS_GCF_003544835.1	29.357262758038	-36.375332175889	-1.24392986061238
RS_GCF_003544815.1	30.2980530564214	-39.7164542019869	11.3222739791351
RS_GCF_004214815.1	23.2474510219469	-40.2510556817728	-0.580555022952238
RS_GCF_003355515.1	27.472717056608	-40.7028964839099	3.52510078582204
RS_GCF_013201665.1	35.351490583427	-34.6917132766301	7.01178007538362
RS_GCF_013177635.1	30.4654576288141	-39.5971660505616	11.3853891749165
GB_GCA_001655195.1	25.0733124650294	-40.7956603898839	1.25819924051998
GB_GCA_001730015.1	51.1751799657953	21.680661478296	-14.4793838465064
RS_GCF_001029105.3	-35.7421960854331	-23.4530417883753	18.8577705255309
RS_GCF_002776695.1	-43.4530995867798	8.20825778243432	-22.4324994148292
RS_GCF_001189245.1	52.536931179635	40.2600456714867	1.89644337991003
RS_GCF_001189845.1	59.3147377909251	24.1588092280102	34.1287152446881
RS_GCF_001189915.1	26.8710822271681	-41.9401062623512	7.30207471926215
RS_GCF_001202025.1	-48.9671171752492	-0.268899908258865	-17.9156136400664
RS_GCF_001202035.1	-49.1702381424707	0.419549492600605	-17.9758178431406
RS_GCF_001051995.2	-55.7930891695044	-4.60751339514793	-2.67614361598044
RS_GCF_001270065.2	22.0011156461511	-43.1243989900825	6.4794333123293
GB_GCA_001602925.1	-51.3179939259095	36.9166542471287	32.6475405040382
RS_GCF_001308265.1	-47.3322786260722	0.289859721348347	-19.5160780398027
RS_GCF_001418255.1	-41.4512254718819	-19.5954954426244	17.3736766006908
RS_GCF_001908185.1	54.1452527532818	36.1593846647272	58.2385119493333
RS_GCF_001908205.1	54.1452527532818	36.1593846647272	58.2385119493333
RS_GCF_001908235.1	54.1452527532818	36.1593846647272	58.2385119493333
GB_GCA_001263235.1	24.2219103574946	-41.1890777631095	15.9830718095464
RS_GCF_003116095.1	-43.4530995867798	8.20825778243428	-22.4324994148292
RS_GCF_001238275.1	53.3767350206754	25.6939177164525	56.8360832615133
RS_GCF_001187845.1	24.8472123138419	-40.665813337764	0.866432851804787
GB_GCA_001642945.1	24.8525053820873	-40.6698036866192	0.876907538841688
GB_GCA_001602455.1	26.5897742471145	35.111966389387	-35.554903983409
RS_GCF_001298265.1	37.2404196516884	29.3454710623158	-30.7820869514413
RS_GCF_014337925.1	25.0813387418704	-40.8108214711399	1.29184557997521
RS_GCF_001620265.1	-30.5807996499035	-24.1887469425143	-0.873354901039171
RS_GCF_001420005.1	30.3187426850395	-39.40387918437	12.9799131640744
GB_GCA_001419985.1	29.6265669901659	-39.806972590874	13.0601787493492
RS_GCF_001305595.1	1.69471213443796	-39.888225145864	8.92099837253357
GB_GCA_001303245.1	51.0830615773759	21.9292130224317	-14.70938571582
GB_GCA_001304215.1	51.0830615773759	21.9292130224317	-14.70938571582
RS_GCF_001294455.1	30.3187426850395	-39.40387918437	12.9799131640744
RS_GCF_001432305.1	-45.7321806033387	-13.2673149689687	-6.54596981393311
RS_GCF_001595985.1	-51.9196115381377	-2.61308933288516	-13.21995715338
RS_GCF_019923725.1	26.8073459337783	-40.5343646363964	2.30131487244941
RS_GCF_001305295.1	-21.2866074808019	32.5690364743626	74.9486124440142
RS_GCF_001303895.1	11.7040661408433	-42.2977976561668	11.3525016182305
RS_GCF_018687595.1	13.9787609434957	-36.3423300101741	-6.49539939528608
RS_GCF_018881545.1	13.4285898099879	-35.7592897256479	-7.14342633959565
RS_GCF_018881795.1	26.1283892981696	-41.8038858900346	11.8989260072442
RS_GCF_018881595.1	26.0857054783582	-42.3037265566991	7.89840340965912
RS_GCF_018881575.1	12.6908305488858	-37.6946818552071	-4.4808298138315
RS_GCF_018881635.1	13.4285898099878	-35.7592897256479	-7.14342633959565
RS_GCF_018687575.1	22.8008293209201	-43.1369331705099	7.34080369316769
RS_GCF_018687955.1	33.8426449196715	-36.3983908993178	13.7353953585998
RS_GCF_018687355.1	21.8944731069656	-43.1549856349578	6.70429067964822
RS_GCF_018881755.1	13.9787609434957	-36.3423300101741	-6.49539939528608
RS_GCF_018687935.1	21.8944731069656	-43.1549856349578	6.70429067964822
RS_GCF_018881905.1	21.2003359793032	-36.3300564186298	-5.95854553250775
RS_GCF_003065385.1	25.9580997431872	-41.8497392875612	11.9830909687307
RS_GCF_002224225.1	22.8008293209201	-43.1369331705099	7.34080369316769
RS_GCF_003065365.1	-2.12586152044999	-38.9315513648607	12.7328019974705
RS_GCF_003072505.1	46.9287012296652	8.93389275853528	-17.4415814265039
RS_GCF_001440035.1	59.4966437555854	28.2338604169369	40.3636474723459
GB_GCA_001516065.1	26.6819450338425	-41.9980608752768	6.99034348070522
RS_GCF_001623075.1	33.1840594741219	-33.7014091516961	0.129248930888112
GB_GCA_001423405.1	26.0520401458227	-42.2755083532008	7.05340240692529
RS_GCF_001422365.1	26.0520401470102	-42.2755083527097	7.05340240664309
RS_GCF_001422405.1	26.0520401470102	-42.2755083527097	7.05340240664309
RS_GCF_001426225.1	26.0520401470102	-42.2755083527097	7.05340240664309
RS_GCF_001424545.1	26.0520401470102	-42.2755083527097	7.05340240664311
RS_GCF_001425705.1	26.2088685215743	-41.4437060438838	3.69551595900655
RS_GCF_001425835.1	26.2088685215743	-41.4437060438838	3.69551595900655
RS_GCF_001426945.1	26.2088685215743	-41.4437060438838	3.69551595900655
RS_GCF_001428625.1	22.4643934369702	-42.2060752395899	3.01775377717077
RS_GCF_001425045.1	26.2088685215743	-41.4437060438838	3.69551595900656
RS_GCF_001425865.1	26.2088685215743	-41.4437060438838	3.69551595900656
RS_GCF_001425265.1	26.2088685215743	-41.4437060438838	3.69551595900656
RS_GCF_001426505.1	26.2088685215743	-41.4437060438838	3.69551595900656
RS_GCF_001426565.1	26.2088685215743	-41.4437060438838	3.69551595900657
RS_GCF_001429505.1	26.2088685215743	-41.4437060438838	3.69551595900657
RS_GCF_001541225.1	27.1334942134751	-40.9343986229904	3.61232317359162
RS_GCF_001509585.1	-55.681248803073	-5.20009156845646	4.12492069009312
RS_GCF_009766005.1	21.5761519146596	-43.0086136673075	5.66472187053531
RS_GCF_001595645.1	41.0529441498501	50.6577896904566	-7.17063006832599
GB_GCA_001464755.1	46.38133422851	21.3443085082631	-22.8777875055073
GB_GCA_001464835.1	46.38133422851	21.3443085082631	-22.8777875055073
GB_GCA_001464765.1	46.38133422851	21.3443085082631	-22.8777875055073
GB_GCA_001464815.1	46.38133422851	21.3443085082631	-22.8777875055073
GB_GCA_001464035.1	46.381334231674	21.3443085025941	-22.8777875012204
GB_GCA_001464895.1	46.38133422851	21.3443085082631	-22.8777875055073
GB_GCA_001464955.1	46.38133422851	21.3443085082631	-22.8777875055073
GB_GCA_001464235.1	46.38133422851	21.3443085082631	-22.8777875055073
RS_GCF_001542415.1	59.1538762977539	24.9115149413231	21.7944962497217
RS_GCF_001558155.1	-48.3298806733542	1.47158711805955	-18.9973677887675
GB_GCA_001556025.1	47.8121961156819	21.9016934389527	-20.9324028420395
RS_GCF_001556045.1	47.8121961187215	21.9016934336948	-20.9324028370854
GB_GCA_001556125.1	47.8121961156819	21.9016934389527	-20.9324028420395
GB_GCA_001788415.1	36.1252191577875	34.1490666069023	-30.7227105809253
GB_GCA_001788395.1	36.1252191577875	34.1490666069023	-30.7227105809253
GB_GCA_001830325.1	36.1252191577875	34.1490666069023	-30.7227105809253
GB_GCA_001770235.1	36.1252191577875	34.1490666069023	-30.7227105809253
GB_GCA_001803815.1	36.1252191577875	34.1490666069023	-30.7227105809253
GB_GCA_001785115.1	36.1252191577875	34.1490666069023	-30.7227105809253
GB_GCA_001771065.1	36.1252191577875	34.1490666069022	-30.7227105809253
GB_GCA_001802655.1	36.1252191577875	34.1490666069023	-30.7227105809253
GB_GCA_001770815.1	36.1252191577874	34.1490666069023	-30.7227105809253
GB_GCA_001785195.1	36.1252191577874	34.1490666069022	-30.7227105809253
GB_GCA_001772005.1	36.1252191577874	34.1490666069022	-30.7227105809253
GB_GCA_001771985.1	36.1252191577874	34.1490666069022	-30.7227105809253
GB_GCA_001770655.1	36.1252191577874	34.1490666069022	-30.7227105809252
GB_GCA_001770355.1	36.1252191577874	34.1490666069022	-30.7227105809252
GB_GCA_001828935.1	36.1252191577874	34.1490666069022	-30.7227105809253
GB_GCA_001771935.1	36.1252191577874	34.1490666069022	-30.7227105809252
RS_GCF_001465595.2	23.2474510219469	-40.2510556817728	-0.58055502295222
RS_GCF_001465545.3	24.0881612404624	-42.1823623281139	3.64936883031676
RS_GCF_001551835.1	23.9288035960676	-42.9064079682596	6.87173737865522
GB_GCA_001914535.1	25.8806293688215	37.6501346854631	-35.1930066486042
GB_GCA_001917535.1	25.8806293688215	37.6501346854631	-35.1930066486042
GB_GCA_001917585.1	25.8806293688215	37.6501346854631	-35.1930066486042
GB_GCA_001872285.1	34.5344888704347	35.8516428071936	-31.2778782035133
GB_GCA_001725945.1	51.7531684369539	38.8870569265309	60.169756312695
RS_GCF_001482405.1	1.25798255180389	-37.085174026835	28.0543822311125
RS_GCF_001507545.1	1.25798255180389	-37.085174026835	28.0543822311125
RS_GCF_001507595.1	1.25798255180388	-37.085174026835	28.0543822311125
RS_GCF_001550095.1	-57.1060600651301	1.06689296165504	-2.53907989002933
RS_GCF_001691415.1	-53.3479687836672	-5.09114330378735	23.2375080057117
RS_GCF_001641635.1	59.4966437555855	28.2338604169369	40.3636474723459
RS_GCF_001687105.1	-53.3479687836673	-5.09114330378736	23.2375080057117
RS_GCF_001641695.1	59.4966437555855	28.2338604169369	40.3636474723459
RS_GCF_900188435.1	27.530645260107	39.7544850491327	-33.6326140755458
RS_GCF_001597735.1	23.7877103581712	-36.4140153321795	-4.98433365471008
RS_GCF_001597725.1	23.7877103581712	-36.4140153321795	-4.98433365471007
RS_GCF_002563775.1	27.530645260107	39.7544850491327	-33.6326140755458
RS_GCF_900104145.1	20.0854641391772	50.5237345644405	66.2078224852084
GB_GCA_001626765.1	0.851943123710467	-36.3523148617073	29.9772912516749
GB_GCA_001627925.1	2.15045717429242	-37.2413652643162	28.0031029729888
GB_GCA_001629395.1	-3.5774983866931	-33.9522893698849	34.2740234393117
RS_GCF_001880325.1	29.604502688105	-24.5564727736247	-12.0504366446517
GB_GCA_001601825.1	58.2826426489916	21.1221327769296	38.2144747115809
RS_GCF_001641335.1	53.3767282072146	25.6938959674525	56.8360811334325
RS_GCF_001975705.1	6.58118374058878	75.9361951428757	35.5640650084294
RS_GCF_001969385.1	6.58118374058879	75.9361951428758	35.5640650084295
RS_GCF_001598055.1	-51.4448771768968	-2.65257235717809	-13.8282368475504
RS_GCF_001678945.1	-57.3362661101329	-0.0282802015651891	3.59216517417635
RS_GCF_002109495.1	53.2768854928328	25.5965451632365	56.926792169187
RS_GCF_002079305.1	-55.2282738096079	0.754140384634281	-9.16241316067159
RS_GCF_001634885.1	-3.65688406254471	47.0622411801929	-26.5141144753836
RS_GCF_001618955.1	-0.879745649253132	-39.2595459524884	10.3520650967912
GB_GCA_002083525.1	-54.6395712232177	-1.68674833878406	24.1360613759722
RS_GCF_002068095.1	53.6394827067906	25.9509435606435	56.5857027887562
RS_GCF_001650635.1	-20.6315377009595	-18.3163930643623	-17.3074033022861
GB_GCA_002101235.1	47.7058368508361	39.7879116121804	-11.7192561571395
GB_GCA_002101205.1	47.7058368508361	39.7879116121804	-11.7192561571395
GB_GCA_002101225.1	47.7058368508361	39.7879116121804	-11.7192561571395
RS_GCF_001633165.1	25.7193090953849	-40.5635745246909	1.34496795854483
RS_GCF_001713455.1	25.1902735652676	30.3159100479648	-36.4488668869483
RS_GCF_001713355.1	25.1902735652676	30.3159100479648	-36.4488668869483
RS_GCF_001713375.1	25.1902735652676	30.3159100479648	-36.4488668869483
RS_GCF_001713475.1	25.1902735652676	30.3159100479648	-36.4488668869483
RS_GCF_002869745.1	-56.2101701249285	-3.82976911217639	-2.65626048835114
RS_GCF_003007735.2	6.11538600295822	-41.0255823220444	8.71587057252736
GB_GCA_001657395.1	59.6666369331609	32.5646924045896	43.501972496121
RS_GCF_003031265.1	-55.6749109123159	0.413612933772113	-7.96929924871761
RS_GCF_001645185.1	28.5067018133353	-38.8620710931457	1.29282027518793
RS_GCF_001650875.1	54.022547855928	44.5998302953703	16.2695321641049
GB_GCA_001650895.1	54.022547855928	44.5998302953703	16.2695321641049
RS_GCF_001659725.1	22.8593180522475	-43.1318426137313	7.40404332681958
RS_GCF_001984095.1	49.9512279361692	27.3495413901032	-16.495152294606
RS_GCF_001679925.1	-3.64902470345005	48.2005178708635	-25.5407341166249
GB_GCA_002162815.1	49.0281493294231	32.6483018358774	-15.7807338404763
GB_GCA_002162795.1	49.0281493294231	32.6483018358773	-15.7807338404763
GB_GCA_002162875.1	49.0281493294231	32.6483018358774	-15.7807338404763
RS_GCF_002105285.1	14.0128636029929	-22.2085524674311	-19.2648396695175
GB_GCA_001874255.1	32.048582476495	-38.0738432038594	13.4820333468592
RS_GCF_001693515.2	56.4477947236087	44.9307439639825	31.7215132833359
RS_GCF_001693385.1	56.4477947236087	44.9307439639825	31.7215132833359
RS_GCF_001693485.1	56.4477947236087	44.9307439639825	31.7215132833359
RS_GCF_014170335.1	35.9456416779197	-34.3931361083111	10.0094388123194
GB_GCA_003416895.1	48.8611551707837	17.5089653285514	-18.5048840168413
RS_GCF_001888185.1	25.4922487379127	-40.6471354856207	1.30956748434217
RS_GCF_001696535.1	56.6531015214078	32.3592447328148	7.97941476202022
RS_GCF_001696715.1	-45.7321806033386	-13.2673149689687	-6.54596981393313
GB_GCA_900156835.1	-26.6895420579664	-25.5561455316373	-2.30536909701319
RS_GCF_900156695.1	-44.5215204258346	-16.4457136522568	22.0699487693461
RS_GCF_003664005.1	-49.8101060146835	4.02183125424648	-17.7683850995608
GB_GCA_900129675.1	48.6472850122827	13.7844661741442	-17.4732664304353
RS_GCF_900129425.1	48.6472850122827	13.7844661741442	-17.4732664304353
RS_GCF_900104955.1	48.6472850122827	13.7844661741442	-17.4732664304353
RS_GCF_900103365.1	48.6472850122827	13.7844661741442	-17.4732664304353
RS_GCF_900105125.1	48.6472850122827	13.7844661741442	-17.4732664304353
RS_GCF_900141755.1	48.6472850122827	13.7844661741442	-17.4732664304353
RS_GCF_900099825.1	48.6472850122827	13.7844661741442	-17.4732664304353
RS_GCF_900129505.1	48.6472850122827	13.7844661741442	-17.4732664304353
RS_GCF_900142985.1	48.6472850122827	13.7844661741442	-17.4732664304353
RS_GCF_900142875.1	24.0881612404624	-42.1823623281139	3.64936883031672
RS_GCF_013410775.1	0.628437825221137	-39.6565379657587	9.68389366276481
RS_GCF_900199195.1	24.0881612404624	-42.1823623281139	3.6493688303167
RS_GCF_001699815.1	36.1338650450844	-34.1455508716894	10.2993639529065
RS_GCF_001746755.1	49.3915956699729	13.7575848567552	-16.1071674490236
GB_GCA_900104855.1	48.6472850122827	13.7844661741442	-17.4732664304353
RS_GCF_002075885.1	-51.7550494579936	-9.91118296431391	-1.84847681912439
RS_GCF_900176045.1	-52.9713994105368	4.05815714304722	-13.7410397814548
GB_GCA_001898115.1	6.51746441028733	0.16581061211303	75.586347123182
GB_GCA_001897615.1	6.51746441028733	0.165810612113015	75.586347123182
GB_GCA_001897675.1	6.51746441028734	0.165810612112991	75.5863471231821
GB_GCA_001897755.1	6.51746441028733	0.165810612113005	75.586347123182
GB_GCA_001898645.1	6.51746441028733	0.165810612112973	75.586347123182
GB_GCA_001898825.1	6.51746441028733	0.16581061211299	75.586347123182
GB_GCA_001898965.1	6.51746441028734	0.165810612112967	75.586347123182
GB_GCA_001899255.1	6.51746441028733	0.16581061211298	75.586347123182
GB_GCA_001899285.1	6.51746441028734	0.165810612112974	75.586347123182
GB_GCA_001899585.1	6.51746441028733	0.165810612112975	75.586347123182
GB_GCA_001899305.1	6.51746441028733	0.165810612112955	75.5863471231819
GB_GCA_001899765.1	6.51746441028733	0.165810612112944	75.5863471231819
GB_GCA_001899775.1	6.51746441028733	0.165810612112944	75.5863471231819
RS_GCF_900168195.1	-42.4584137198917	-19.0496180366728	13.3815836585567
RS_GCF_002973535.1	4.57471652707336	-39.3348174672102	22.2560539408254
RS_GCF_001884735.1	6.8630099168215	-38.7792207602709	-0.314505093040043
RS_GCF_001870675.1	6.8630099168215	-38.7792207602709	-0.314505093040046
RS_GCF_001761385.1	-47.3322786260721	0.289859721348386	-19.5160780398026
RS_GCF_001723605.1	27.2911756846749	-40.3183498973865	2.4295596013223
RS_GCF_001747405.1	52.6278456653371	29.2440421020849	-9.09932784526063
GB_GCA_001953215.1	-46.44246362695	0.840852689993622	-20.203934387884
RS_GCF_001982635.1	53.4065605525678	25.7367217065588	56.8159125701025
GB_GCA_001890945.1	-48.7649542874643	43.2197028004687	20.9186028245743
RS_GCF_001956855.1	29.4184075745501	-37.1877219450123	-0.12585661550559
RS_GCF_001890925.1	40.1065063762093	27.4447387403285	-28.7698381454683
RS_GCF_001854325.1	-53.2743904511563	-5.8567593602877	21.4667172425775
RS_GCF_001938565.1	-16.8207271655727	58.1952591615786	62.8820336592632
RS_GCF_001854125.1	-47.9483081322642	-0.194872220918893	-18.851477132303
RS_GCF_001879695.1	-55.6363488903699	-2.04449398700499	-6.66768196479126
RS_GCF_001879715.1	44.7940726548062	-18.5653683180266	5.12538601106189
RS_GCF_003952665.1	-28.8573030418979	-14.2387767644823	-18.0179758802495
GB_GCA_002238645.1	22.7728593072226	-43.0591792043178	9.4423091989042
GB_GCA_002238725.1	22.7728593072226	-43.0591792043178	9.44230919890419
GB_GCA_016865015.1	-3.78029285302392	39.0206057070784	75.0050782610031
GB_GCA_016865035.1	-47.3322786260721	0.289859721348384	-19.5160780398026
RS_GCF_002020135.1	-48.2854949668855	-1.95074711228198	-17.6533075762695
GB_GCA_016082275.1	29.0092105201453	-37.4027375258055	-0.278391999170569
RS_GCF_002020355.1	-55.6282045351774	-1.80003994823599	-6.88459944379085
RS_GCF_002192695.1	59.666636933161	32.5646924045896	43.5019724961209
RS_GCF_001953355.1	23.0230472269683	-43.1063277065303	7.32691042916923
RS_GCF_001889605.1	-57.336266110133	-0.0282802015652267	3.59216517417637
RS_GCF_001956695.1	-45.8589856723336	0.474467058010021	-20.4357759929961
GB_GCA_002631715.1	3.98647429742467	-38.6105232260048	24.5371535847101
RS_GCF_002215215.1	23.0872872123038	48.1937649468232	67.0715807169545
RS_GCF_002094885.1	-47.4725024054058	-3.59427603477375	-17.238116074739
RS_GCF_001953055.1	-47.3322786260721	0.289859721348391	-19.5160780398026
GB_GCA_002083775.1	44.990938809318	19.1096957119641	-23.9804358910586
RS_GCF_900215515.1	-43.3818151059933	8.36461365744316	-22.4598301996733
RS_GCF_002001015.1	21.2003359793032	-36.3300564186297	-5.95854553250781
RS_GCF_001999245.1	-46.5723065243711	-0.580971845485839	-19.6573722876763
RS_GCF_002001205.1	21.2003359793032	-36.3300564186297	-5.95854553250781
GB_GCA_002002705.1	21.2003359793032	-36.3300564186297	-5.95854553250781
RS_GCF_900187875.1	0.405525349703315	-25.344215256668	51.9136877168077
RS_GCF_900205755.1	25.9580997431873	-41.8497392875612	11.9830909687306
RS_GCF_002198735.1	24.0881612404624	-42.1823623281139	3.64936883031666
RS_GCF_002847505.1	-47.0581155826825	4.86065348510383	-20.1757606959849
GB_GCA_002331385.1	49.3228553380799	16.1898918218843	-17.2963665538321
GB_GCA_002366795.1	29.1098093294948	41.1763141549287	-31.8707747598162
GB_GCA_002344885.1	-44.6758303994898	53.2842867133184	27.4948992135915
GB_GCA_002428885.1	52.532236618732	30.5969028225768	-8.62188360594474
GB_GCA_002435715.1	30.9850777961445	25.7955002414176	-34.3037551330818
GB_GCA_002425245.1	-44.6758303994898	53.2842867133184	27.4948992135915
GB_GCA_002440665.1	-56.2927466934942	-3.66914313886177	-2.54240960021509
GB_GCA_002339725.1	-48.7649542874643	43.2197028004687	20.9186028245742
GB_GCA_002352425.1	29.1098093294948	41.1763141549287	-31.8707747598163
GB_GCA_002360535.1	47.3854135412841	31.2478410198272	-19.5177870575788
GB_GCA_002293155.1	32.1837471741408	-37.9936442135645	13.3734836629113
GB_GCA_002390205.1	12.5893375178123	-16.2627200946377	-23.5090525632566
GB_GCA_002292375.1	12.5893375178123	-16.2627200946377	-23.5090525632566
GB_GCA_002470165.1	-56.2927466934942	-3.66914313886177	-2.54240960021509
GB_GCA_002342365.1	49.9512279361693	27.3495413901033	-16.495152294606
GB_GCA_002347615.1	27.5150894876686	19.2181645851342	-34.6450420545499
GB_GCA_002343685.1	-44.6758303994898	53.2842867133184	27.4948992135915
GB_GCA_002381045.1	26.957306830532	-41.4397199734621	4.88622106335267
GB_GCA_002342295.1	49.9512279361693	27.3495413901033	-16.495152294606
GB_GCA_002359635.1	49.9512279361692	27.3495413901033	-16.495152294606
GB_GCA_002347285.1	27.5150894876686	19.2181645851342	-34.6450420545499
GB_GCA_002469545.1	12.5893375178123	-16.2627200946377	-23.5090525632566
GB_GCA_002470565.1	12.5893375178123	-16.2627200946377	-23.5090525632566
GB_GCA_002367285.1	29.1098093294948	41.1763141549287	-31.8707747598163
GB_GCA_002366645.1	29.1098093294948	41.1763141549287	-31.8707747598163
GB_GCA_002367255.1	29.1098093294948	41.1763141549287	-31.8707747598163
GB_GCA_002478745.1	12.5893375178123	-16.2627200946377	-23.5090525632566
GB_GCA_002352635.1	29.1098093294947	41.1763141549287	-31.8707747598163
GB_GCA_002307905.1	49.3228553380799	16.1898918218843	-17.2963665538321
GB_GCA_002452815.1	30.9850777961445	25.7955002414176	-34.3037551330818
GB_GCA_002452425.1	30.9850777961445	25.7955002414176	-34.3037551330818
GB_GCA_002366775.1	29.1098093294948	41.1763141549287	-31.8707747598163
GB_GCA_002403995.1	18.2677945580152	-5.49334225045109	-28.6369794927064
GB_GCA_002403375.1	28.8307692922839	25.6222440721354	-35.1747410517107
GB_GCA_002454975.1	43.4429117495824	20.0564608664107	-25.6294277607751
GB_GCA_002428015.1	18.2677945580152	-5.49334225045109	-28.6369794927064
GB_GCA_002424845.1	27.5186598247013	19.1702706373614	-34.6339797382461
GB_GCA_002347405.1	28.8307692922839	25.6222440721354	-35.1747410517107
GB_GCA_002292975.1	32.1837471741408	-37.9936442135645	13.3734836629113
GB_GCA_002414205.1	-54.6646081970884	-1.62580082004686	24.1167705799047
GB_GCA_002389265.1	12.5893375178123	-16.2627200946377	-23.5090525632566
GB_GCA_002292285.1	12.5893375178123	-16.2627200946377	-23.5090525632566
GB_GCA_002345845.1	28.8307692922839	25.6222440721354	-35.1747410517107
GB_GCA_002422085.1	30.9850777961444	25.7955002414176	-34.3037551330818
GB_GCA_002430125.1	18.8546953965912	-40.9131087534115	-0.0526742860728052
GB_GCA_002311915.1	49.6018101654734	16.6798740561554	-16.9530349135244
RS_GCF_002087335.1	4.73042886244922	-40.811182111269	13.144311186128
RS_GCF_003611275.1	33.858779551723	-18.439140787383	-13.457432310887
RS_GCF_004123845.1	-28.8573030418979	-14.2387767644823	-18.0179758802495
RS_GCF_002080415.1	16.5542079925904	-36.2354822248846	-6.71377071688082
RS_GCF_004123905.1	-28.8573030418979	-14.2387767644823	-18.0179758802495
RS_GCF_002073975.1	-43.2600085868659	8.63443009128648	-22.4961214613391
RS_GCF_002192535.1	22.9580949567684	-43.1076867232558	7.18111900769995
GB_GCA_002282445.1	44.6302249955001	16.7329692891103	-23.7153364329683
GB_GCA_002278925.1	44.6302249955001	16.7329692891104	-23.7153364329683
GB_GCA_002282015.1	44.6302249955001	16.7329692891104	-23.7153364329683
GB_GCA_002256785.1	44.6302249955001	16.7329692891104	-23.7153364329683
GB_GCA_002257045.1	44.6302249955001	16.7329692891104	-23.7153364329683
GB_GCA_002281755.1	44.6302249955001	16.7329692891104	-23.7153364329683
GB_GCA_002281775.1	44.6302249955001	16.7329692891104	-23.7153364329683
GB_GCA_002256995.1	44.6302249955001	16.7329692891104	-23.7153364329683
GB_GCA_002281005.1	44.6302249955001	16.7329692891104	-23.7153364329683
GB_GCA_002304505.1	44.6302249955001	16.7329692891104	-23.7153364329683
GB_GCA_002280515.1	44.6302249955001	16.7329692891104	-23.7153364329683
GB_GCA_002279795.1	44.6302249955001	16.7329692891104	-23.7153364329683
GB_GCA_002279705.1	44.6302249955001	16.7329692891104	-23.7153364329683
GB_GCA_002279355.1	44.6302249955001	16.7329692891104	-23.7153364329683
GB_GCA_002255365.1	44.6302249955001	16.7329692891104	-23.7153364329683
GB_GCA_002255575.1	44.6302249955001	16.7329692891104	-23.7153364329683
GB_GCA_003217735.2	31.6136297923266	-36.7646470298222	2.29617237022894
GB_GCA_002781745.1	34.5344888704348	35.8516428071938	-31.2778782035134
RS_GCF_003063475.1	22.8255033419906	-43.1325354080103	7.30960647149943
RS_GCF_003063455.1	21.9957509648622	-43.1236541141106	6.47155408882168
RS_GCF_003063435.1	22.2317205270366	-42.9152399752056	5.29895740202932
RS_GCF_003063415.1	22.2317205270366	-42.9152399752056	5.29895740202932
RS_GCF_003063645.1	22.2317205270366	-42.9152399752056	5.29895740202933
RS_GCF_002778325.1	22.0049197681931	-43.1076514785859	6.35556476661133
RS_GCF_003063355.1	18.7438422590633	-41.5863706576058	1.41782486581614
RS_GCF_002778275.1	22.6916065660897	-43.1542220580303	7.56331356312349
RS_GCF_003063545.1	21.8919131742943	-43.1544221269226	6.69761400793632
RS_GCF_003063575.1	21.8919131742943	-43.1544221269226	6.69761400793633
RS_GCF_002778315.1	21.8919131742943	-43.1544221269226	6.69761400793633
RS_GCF_003063335.1	25.8584694281973	-42.3663079669031	7.26825210460365
RS_GCF_003063315.1	21.7049914767496	-43.1383071830421	6.51510174325929
RS_GCF_003063505.1	21.7049914767496	-43.1383071830422	6.51510174325927
RS_GCF_003063265.1	22.9444460644734	-43.1198841435714	7.38642901912564
RS_GCF_002379095.1	29.9570100356062	17.5887328539001	-33.3726248786876
RS_GCF_002379085.1	29.9570100356062	17.5887328539	-33.3726248786876
RS_GCF_002238045.1	-55.7005350935371	-1.78962379662944	-6.70053647467617
RS_GCF_002251695.1	50.4026231456959	22.2868750597913	-16.2477297457236
GB_GCA_002840845.1	-35.1402387674431	5.30701758815354	-26.1440242060351
GB_GCA_002840835.1	-35.1402387674431	5.30701758815354	-26.1440242060351
GB_GCA_002840785.1	-35.1402387674431	5.30701758815353	-26.1440242060351
GB_GCA_002840765.1	-35.1402387674431	5.30701758815353	-26.1440242060351
GB_GCA_002842215.1	-35.1402387674431	5.30701758815353	-26.1440242060351
RS_GCF_002127265.1	21.6236948006677	-37.9707609232875	-4.06619891715347
RS_GCF_002127215.1	21.6236948006677	-37.9707609232875	-4.06619891715348
RS_GCF_008274805.1	-55.2131151312948	0.388562559714297	-9.07844502242822
RS_GCF_002119765.1	-14.0885186473405	-33.5806108188665	24.4618234996153
GB_GCA_002457055.1	32.1341697083757	-37.7795952231355	14.2756301924802
GB_GCA_002456995.1	32.1341697083757	-37.7795952231355	14.2756301924802
RS_GCF_002162035.1	40.3586242513311	21.9412692975029	-28.4056778523219
RS_GCF_002810445.1	25.1925257553023	-42.6056643572028	7.50480117672677
RS_GCF_002179965.1	48.562482778884	18.7126694258505	-19.2906130758701
GB_GCA_002171735.1	4.73042886244922	-40.811182111269	13.1443111861281
GB_GCA_002166865.1	-47.1269830584384	-3.63241552584866	-17.4825952034389
RS_GCF_002206635.1	22.7065094981111	-43.144941047748	7.29180611412192
RS_GCF_002206625.1	26.1078603107912	-42.2092196533686	6.6746191571063
RS_GCF_002504165.1	6.58118374058879	75.9361951428758	35.5640650084294
RS_GCF_002814095.1	55.6894006891673	45.5523400160102	28.5923306166579
RS_GCF_002834145.1	-45.7321806033385	-13.2673149689687	-6.54596981393315
RS_GCF_003111645.1	-44.4437822247336	-1.6491574523209	-20.3265127380286
RS_GCF_003111665.1	-44.4437822247336	-1.6491574523209	-20.3265127380286
RS_GCF_003111685.1	-48.6509772760986	0.864614130063663	-18.5923262520632
RS_GCF_002210105.1	47.5076690696966	-9.927743096887	-0.41272223156834
RS_GCF_002210095.1	47.5076690696966	-9.927743096887	-0.41272223156834
RS_GCF_002210165.1	47.5076690696966	-9.92774309688701	-0.412722231568344
GB_GCA_002256345.1	29.5814127016575	-36.4056294807802	-0.975066743562744
GB_GCA_002256205.1	29.5814127016575	-36.4056294807803	-0.975066743562751
GB_GCA_002256145.1	29.5814127016575	-36.4056294807803	-0.975066743562751
GB_GCA_002255935.1	29.5814127016575	-36.4056294807803	-0.975066743562746
RS_GCF_002220095.1	-53.1578499688759	-7.3127472238769	-5.02944254020262
GB_GCA_002938315.1	55.9677810881223	8.41163811718567	24.2559280395791
GB_GCA_002938045.1	50.5044894871765	-7.54568922491216	15.3984879256427
RS_GCF_004216475.1	-43.733349235775	8.4477267433857	-22.2271067661675
RS_GCF_014845115.1	-43.3818151059933	8.36461365744318	-22.4598301996733
GB_GCA_004379165.1	54.6441772153515	28.5704815208202	56.3426459240756
RS_GCF_002222655.1	29.7398864718528	-40.1142593057787	7.26679851724067
RS_GCF_002237555.1	21.8133734786085	-38.7184390082465	-3.1070458780314
RS_GCF_002245655.1	-37.6027058378012	-22.4436135561755	13.5370117107317
RS_GCF_002237595.1	-1.28723549122482	-35.6190979831445	31.0120849927819
GB_GCA_003241695.1	48.2594552872872	20.3017721846618	-20.0681424061618
RS_GCF_008329525.1	21.4119781273122	-43.1899924748469	7.00830156137882
RS_GCF_002278135.2	40.6859994491781	15.2755721442327	-26.6416975048361
RS_GCF_002266465.2	46.5211879185734	14.3087042911129	-20.7201230961085
RS_GCF_002266435.2	46.5211879185734	14.3087042911129	-20.7201230961086
GB_GCA_002737415.1	-30.2727381781401	-15.9051865084818	-15.5892779349828
GB_GCA_002633015.1	42.4700916984897	31.7675411736341	-25.7258645407682
GB_GCA_002632355.1	26.5158652945915	-40.9154556499991	2.76499409408462
GB_GCA_002633085.1	42.4700916984897	31.7675411736341	-25.7258645407681
RS_GCF_006496635.1	49.348138205554	16.4001780684683	-17.3256140157191
RS_GCF_002285415.1	-32.2243963930987	49.9164153675142	-5.38431790162115
RS_GCF_002285435.1	-56.6134103746384	-0.600869218577557	-4.36282868890126
RS_GCF_002993025.1	32.0962444503079	-34.1545259693293	-0.817172666207251
RS_GCF_020144925.1	29.3378129110316	-35.2818101693664	-2.53227451677277
RS_GCF_016584055.1	28.5462868890302	-40.9367603901357	10.0674504942914
GB_GCA_002733955.1	49.6018101654734	16.6798740561554	-16.9530349135244
GB_GCA_002733945.2	49.6018101654734	16.6798740561554	-16.9530349135244
GB_GCA_002733885.1	49.6018101654734	16.6798740561554	-16.9530349135244
GB_GCA_002746425.1	49.6018101654734	16.6798740561554	-16.9530349135244
GB_GCA_002746395.1	49.6018101654734	16.6798740561554	-16.9530349135244
GB_GCA_002733685.1	49.6018101654733	16.6798740561554	-16.9530349135244
GB_GCA_002733465.1	49.6018101654734	16.6798740561554	-16.9530349135244
GB_GCA_002402045.2	49.6018101654733	16.6798740561554	-16.9530349135244
GB_GCA_002401945.1	49.6018101654733	16.6798740561554	-16.9530349135244
GB_GCA_002733135.1	49.6018101654733	16.6798740561554	-16.9530349135244
GB_GCA_002733105.1	49.6018101654733	16.6798740561553	-16.9530349135244
GB_GCA_002401775.2	49.6018101654733	16.6798740561554	-16.9530349135244
GB_GCA_002401655.1	49.6018101654733	16.6798740561553	-16.9530349135244
GB_GCA_002732995.1	49.6018101654733	16.6798740561553	-16.9530349135244
GB_GCA_002732955.1	49.6018101654733	16.6798740561553	-16.9530349135244
GB_GCA_002732845.1	49.6018101654733	16.6798740561553	-16.9530349135244
GB_GCA_002400845.2	49.6018101654733	16.6798740561553	-16.9530349135244
GB_GCA_002400675.1	49.6018101654733	16.6798740561553	-16.9530349135244
GB_GCA_002753495.1	-51.5251405190057	-6.47136275314054	-9.66213769038328
GB_GCA_002753155.1	-44.5158235735088	-7.85613163141618	-15.6965920963363
RS_GCF_002407205.1	-54.5376171047013	-5.71330763616604	-4.70840891671446
RS_GCF_002300555.1	-33.7870488220145	-23.5267438338606	27.3713290642747
RS_GCF_002744735.1	23.3482867782214	47.8433047724566	67.2265909539058
RS_GCF_002358085.1	-46.7180665285917	-0.716489081273826	-19.505783461939
GB_GCA_002694065.1	-34.4611081348389	-14.6708088013961	52.8703459344785
GB_GCA_002729195.1	-11.9983317634688	38.1733758615817	-29.1098258990767
GB_GCA_002726415.1	-11.9983317634688	38.1733758615817	-29.1098258990767
GB_GCA_002714255.1	25.7812617845029	20.9439829731064	73.5245772988343
GB_GCA_002698425.1	47.5076690696968	-9.92774309688701	-0.412722231568353
GB_GCA_002706335.1	25.7812617845029	20.9439829731064	73.5245772988343
GB_GCA_002683655.1	6.58118374058877	75.9361951428758	35.5640650084294
GB_GCA_002731015.1	6.58118374058877	75.9361951428758	35.5640650084294
GB_GCA_002714245.1	25.7812617845029	20.9439829731064	73.5245772988343
GB_GCA_002717305.1	6.58118374058877	75.9361951428758	35.5640650084294
GB_GCA_002683335.1	6.58118374058877	75.9361951428758	35.5640650084294
GB_GCA_002707605.1	25.7812617845029	20.9439829731064	73.5245772988343
GB_GCA_002690705.1	4.73042886244921	-40.811182111269	13.144311186128
GB_GCA_002709525.1	6.58118374058877	75.9361951428758	35.5640650084294
GB_GCA_002717285.1	6.58118374058877	75.9361951428758	35.5640650084293
GB_GCA_002684375.1	6.58118374058877	75.9361951428758	35.5640650084293
GB_GCA_002711145.1	47.5076690696968	-9.92774309688702	-0.412722231568338
GB_GCA_002695005.1	-34.4611081348389	-14.6708088013961	52.8703459344785
GB_GCA_002703405.1	-34.4611081348389	-14.6708088013961	52.8703459344785
GB_GCA_002708825.1	6.58118374058877	75.9361951428758	35.5640650084293
GB_GCA_002718155.1	6.58118374058877	75.9361951428758	35.5640650084293
GB_GCA_002709085.1	6.58118374058874	75.9361951428758	35.5640650084294
GB_GCA_002709005.1	6.58118374058874	75.9361951428758	35.5640650084294
GB_GCA_002699695.2	47.5076690696967	-9.92774309688701	-0.412722231568335
GB_GCA_002683685.1	6.58118374058875	75.9361951428758	35.5640650084294
GB_GCA_002709505.1	6.58118374058875	75.9361951428758	35.5640650084294
GB_GCA_002709405.1	6.58118374058875	75.9361951428758	35.5640650084294
GB_GCA_002687515.1	-34.4611081348389	-14.6708088013961	52.8703459344785
GB_GCA_002696205.1	-34.4611081348389	-14.6708088013961	52.8703459344785
GB_GCA_002725625.1	6.58118374058875	75.9361951428758	35.5640650084293
GB_GCA_002706405.1	47.5076690696968	-9.92774309688699	-0.412722231568335
GB_GCA_002706605.1	47.5076690696967	-9.927743096887	-0.412722231568333
GB_GCA_002731875.1	6.58118374058875	75.9361951428758	35.5640650084294
GB_GCA_002683405.1	6.58118374058876	75.9361951428758	35.5640650084294
GB_GCA_002699185.1	47.5076690696967	-9.927743096887	-0.412722231568338
GB_GCA_002722295.1	6.58118374058876	75.9361951428758	35.5640650084294
GB_GCA_002709775.1	6.58118374058876	75.9361951428758	35.5640650084294
GB_GCA_002726655.1	-11.9983317634688	38.1733758615818	-29.1098258990767
GB_GCA_002705795.1	4.73042886244921	-40.811182111269	13.1443111861279
RS_GCF_003688665.1	23.3051733838331	-42.6250120659335	11.7911642105843
RS_GCF_002906165.1	-47.3322786260721	0.289859721348406	-19.5160780398026
RS_GCF_002754475.1	41.4457756730121	23.724108971031	-27.7445249869791
RS_GCF_002754375.1	41.4457756730121	23.724108971031	-27.7445249869791
RS_GCF_002532045.1	-54.8019526403456	-4.49969790574037	-6.04201596785453
RS_GCF_002531575.1	-54.846168437794	-4.2424135933837	-6.28551897630525
RS_GCF_002750855.1	-52.6584907352742	-2.00533008534171	-12.554179029736
RS_GCF_002837275.1	59.6666369331607	32.5646924045895	43.501972496121
RS_GCF_004116625.1	33.9903984257755	-36.6915520729601	11.0713661902233
GB_GCA_002747035.1	31.2115698253052	41.8261000000213	-30.0929028291103
GB_GCA_002748265.1	31.2115698253052	41.8261000000213	-30.0929028291103
RS_GCF_004116725.1	33.9903984257755	-36.6915520729601	11.0713661902233
RS_GCF_004118855.1	33.9903984257755	-36.6915520729601	11.0713661902233
RS_GCF_004116495.1	33.9903984257755	-36.6915520729601	11.0713661902233
RS_GCF_003316695.1	33.9903984257755	-36.6915520729601	11.0713661902233
RS_GCF_004116465.1	33.9903984257755	-36.6915520729601	11.0713661902233
RS_GCF_004116455.1	33.9903984257755	-36.6915520729601	11.0713661902233
RS_GCF_002925845.1	-52.6584907352742	-2.00533008534171	-12.554179029736
RS_GCF_002760655.1	-27.7836815656512	-27.614705962037	7.79138905832606
RS_GCF_002849615.1	-7.17490427452259	-32.8985657717357	-3.75961486905654
RS_GCF_003182595.1	-55.3811252798882	-5.43571528412689	7.07245235316805
RS_GCF_002727065.1	-55.6639010066793	-2.33955924758355	-6.33329918763699
GB_GCA_002928955.1	45.6772707776615	25.3840361215107	-23.6656441430872
GB_GCA_002928875.1	45.720902912845	25.3629863719955	-23.6157179677389
GB_GCA_002928395.1	45.7366099550559	25.3173188522323	-23.6019889180387
GB_GCA_002869085.1	27.0574826348637	39.0429551439582	-34.2651189856344
GB_GCA_002869065.1	27.0574826348637	39.0429551439582	-34.2651189856344
GB_GCA_002869565.1	27.0574826348637	39.0429551439582	-34.2651189856344
GB_GCA_002869535.1	27.0574826348636	39.0429551439582	-34.2651189856344
GB_GCA_002899765.1	27.0574826348636	39.0429551439582	-34.2651189856344
GB_GCA_002869585.1	27.0574826348637	39.0429551439582	-34.2651189856344
RS_GCF_003284725.1	5.66257135320886	-38.5487490318759	-0.15095571019632
RS_GCF_002795245.1	59.9172417864649	33.2443863178033	33.5706032277485
RS_GCF_002871005.1	-55.6363488903698	-2.04449398700503	-6.66768196479125
RS_GCF_002924445.1	-52.9310964069408	-0.93844886458964	-12.7484362581214
GB_GCA_002878035.1	-19.9279162230543	9.12345030237532	-31.3644416079423
GB_GCA_003354135.1	21.7614770583764	-39.1434469540858	-2.572513635073
GB_GCA_003354145.1	21.7614770583764	-39.1434469540858	-2.57251363507299
RS_GCF_002831585.1	-47.2733685390347	0.0731992679370424	-19.4756057167044
RS_GCF_002900975.1	-3.5452941686984	-38.4202829104285	14.747947788736
GB_GCA_003140315.1	15.5104699970902	-32.1848545510611	-10.9085892169037
GB_GCA_003157035.1	15.5106552476143	-32.1848262083389	-10.9086012756841
GB_GCA_003152455.1	15.5104065415872	-32.1847741009147	-10.9086688610763
GB_GCA_003153475.1	15.5104436183818	-32.184768518026	-10.9086713192442
GB_GCA_003153455.1	15.5104436183818	-32.184768518026	-10.9086713192442
GB_GCA_003164045.1	15.5103480205217	-32.184962766405	-10.9084972010445
RS_GCF_002858765.1	48.7022037171972	14.1907367543274	-17.5622263107185
RS_GCF_002865605.1	-48.6515401064511	0.864138228494989	-18.5916995178117
RS_GCF_003012935.1	-47.8763230968158	-8.75475197031834	-11.4291005153251
RS_GCF_002866925.1	-47.1269830584383	-3.63241552584863	-17.4825952034389
RS_GCF_002872475.1	-55.696903179285	-5.17458805578138	4.05506304938549
GB_GCA_013824165.1	45.6772707776615	25.3840361215107	-23.6656441430872
GB_GCA_013824015.1	45.6772707776615	25.3840361215107	-23.6656441430872
GB_GCA_013823855.1	45.6772707776615	25.3840361215107	-23.6656441430872
GB_GCA_013823655.1	45.6772707776615	25.3840361215107	-23.6656441430872
GB_GCA_013823635.1	45.6772707776615	25.3840361215107	-23.6656441430872
GB_GCA_013823505.1	45.6772707776615	25.3840361215107	-23.6656441430872
GB_GCA_013823325.1	45.7366628858436	25.3296127251751	-23.6005559199678
GB_GCA_013822885.1	45.7247970112571	25.3944448397332	-23.6070474737045
GB_GCA_013822265.1	45.7366628858436	25.3296127251751	-23.6005559199678
GB_GCA_013821865.1	45.7366099550559	25.3173188522323	-23.6019889180387
GB_GCA_013821825.1	45.7366099550559	25.3173188522323	-23.6019889180387
RS_GCF_003352065.1	24.8771878182662	-35.9970819990878	-4.88779339047135
RS_GCF_003352085.1	23.4664819214941	-39.2667524244133	-1.85353709906082
RS_GCF_003352045.1	24.6046665113062	-40.6374103823187	0.67583773012073
GB_GCA_003062205.1	52.2706940054636	28.2479651487571	-10.568414468374
GB_GCA_003104895.1	-44.6763560786763	53.2884888003364	27.5302418705172
GB_GCA_003105015.1	-44.6763560786763	53.2884888003364	27.5302418705172
RS_GCF_002930615.1	-47.9756059464765	-14.3911368116592	4.95021037943686
RS_GCF_006483445.1	-46.6205966896958	5.03733566108506	-20.4961583399746
RS_GCF_002917925.1	-47.2452158287629	-0.295003227739483	-19.3446837283616
RS_GCF_018687735.1	11.7720428719567	-36.1740147249231	-6.39332045099268
RS_GCF_018882205.1	25.8380578966999	-41.8880761670842	12.0064050720367
RS_GCF_018881835.1	22.6229557283798	-43.1615457794956	7.59934618345546
RS_GCF_018688315.1	21.8241787761701	-43.160761255206	6.74159700257725
RS_GCF_018882055.1	32.6804244276874	-37.9013608555913	11.4922223461819
RS_GCF_018688255.1	25.9083178484277	-41.8961839782658	11.8588076844744
RS_GCF_018882155.1	25.9022595169894	-42.1934623625347	6.03774580391054
RS_GCF_018687535.1	28.9781757672797	-34.5208529977401	-3.66732436797393
RS_GCF_018687495.1	19.4691532931966	-38.5340216242431	-3.749953722927
RS_GCF_018688155.1	11.25927917672	-30.4182284066979	-12.6109536704513
RS_GCF_018687675.1	22.7203510062528	-43.1456278642064	7.33645853386591
RS_GCF_002964845.1	-48.1278064035909	-14.2861776279101	5.28411897340081
RS_GCF_004212635.1	-0.165589010624751	-8.3191543365816	71.714416417124
GB_GCA_004359425.1	48.8535314583402	13.1134283120005	-16.7953216847418
RS_GCF_003184265.1	32.622625709092	-37.5807209306135	13.5576089057048
RS_GCF_003333315.1	47.4329109415175	29.6610204883682	-20.1418298119301
RS_GCF_003034995.1	26.4635000133598	-40.7482662641034	2.3602835495107
RS_GCF_003034985.1	-35.7421960854331	-23.4530417883753	18.8577705255309
RS_GCF_003347515.1	9.24106110193511	13.3283311989196	-36.0859217238467
GB_GCA_003565055.1	-20.158008588913	-26.7865818279821	-5.97535673691855
GB_GCA_009659925.1	27.142553657194	66.5607244490327	16.350473407823
GB_GCA_009659895.1	27.142553657194	66.5607244490327	16.3504734078229
RS_GCF_003008555.2	-47.3322786260721	0.28985972134841	-19.5160780398026
RS_GCF_003008575.1	-47.9691515360125	0.135259735324127	-18.962763918882
RS_GCF_003008515.1	-46.8090885735159	-0.465648631965098	-19.5608774256558
RS_GCF_003020115.1	26.4252120204939	-40.7786131551978	2.38228611527942
RS_GCF_003020125.1	26.4252120204939	-40.7786131551978	2.38228611527942
RS_GCF_003062295.1	28.772231241009	-39.3495601461497	15.9569528187908
RS_GCF_005503365.1	24.7683452680896	-42.7206853532357	8.68004356680111
RS_GCF_005503625.1	24.7683452680896	-42.7206853532357	8.68004356680111
GB_GCA_005502805.1	24.7683452680896	-42.7206853532358	8.68004356680109
GB_GCA_005503085.1	24.7683452680896	-42.7206853532358	8.68004356680109
GB_GCA_003149565.1	-55.6908087388458	-1.79756528098386	-6.72110415512286
RS_GCF_003056725.1	-53.6648638709195	-1.1321450210786	-11.4242232951654
RS_GCF_003148775.1	27.5048727901519	27.8148514904771	-35.7643484341051
GB_GCA_005240145.1	24.7683452680896	-42.7206853532357	8.6800435668011
RS_GCF_003053845.1	35.8524250800639	-34.1283675698191	7.34700282435275
RS_GCF_003046175.1	41.4457756730121	23.7241089710311	-27.7445249869791
RS_GCF_003054325.1	29.7398864718528	-40.1142593057787	7.26679851724073
RS_GCF_003054195.1	-51.4469646185974	-2.68196553982888	-13.8048432327202
RS_GCF_003034845.1	-43.4850755771852	-10.1900972127814	-13.8203418939013
RS_GCF_003057885.1	-47.1269830584383	-3.63241552584864	-17.4825952034389
RS_GCF_003697785.1	-30.5807996499034	-24.1887469425143	-0.8733549010392
RS_GCF_003047105.1	48.2253879633132	33.2725741468815	-16.8915615523391
RS_GCF_003852535.1	59.6666369331608	32.5646924045895	43.501972496121
RS_GCF_003852425.1	59.6666369331608	32.5646924045895	43.501972496121
GB_GCA_003241965.1	-4.6740639786678	32.433910891497	77.2551035631242
GB_GCA_003332035.1	32.1341654044693	-37.7796008792164	14.2756230020197
GB_GCA_003220265.1	25.8806293688215	37.6501346854631	-35.1930066486042
GB_GCA_003220685.1	25.8806293688215	37.650134685463	-35.1930066486042
GB_GCA_003220675.1	25.8806293688215	37.650134685463	-35.1930066486042
GB_GCA_003221655.1	25.8806293688215	37.6501346854631	-35.1930066486042
GB_GCA_003220535.1	25.8806293688215	37.6501346854631	-35.1930066486042
GB_GCA_003221635.1	25.8806293688215	37.6501346854631	-35.1930066486042
GB_GCA_003221615.1	25.8806293688215	37.6501346854631	-35.1930066486042
GB_GCA_003220495.1	25.8806293688215	37.6501346854631	-35.1930066486042
GB_GCA_003220435.1	25.8806293688214	37.6501346854631	-35.1930066486042
GB_GCA_003221515.1	25.8806293688215	37.6501346854631	-35.1930066486042
RS_GCF_003572205.1	-48.3871841781295	-4.27552563630946	-15.9204454409529
RS_GCF_003335585.1	24.8557589522938	-40.6648295553041	0.870410937530836
RS_GCF_024181725.1	-40.7684331470191	7.90368220449394	-23.8894008487877
GB_GCA_003577305.1	-45.3203087068483	-7.10563761146498	-15.8462323804415
GB_GCA_003576795.1	-45.3203087068483	-7.10563761146497	-15.8462323804415
RS_GCF_003072125.1	-45.7321806033383	-13.2673149689687	-6.54596981393318
RS_GCF_024585265.1	-42.4279557878934	-19.0867683177232	12.6207444344701
RS_GCF_013307245.1	22.5804237322846	49.1582795848116	66.5494360516439
RS_GCF_013307225.1	0.944442555633865	-24.9342334018143	52.5324693752514
RS_GCF_024585165.1	-42.4279557878934	-19.0867683177232	12.6207444344701
RS_GCF_003075075.1	23.6256767107614	-40.8727289874443	0.587226255703613
RS_GCF_003254465.1	-55.6830973423223	-1.81784247529404	-6.7266145107483
RS_GCF_003075525.1	4.57117052138803	-39.334098457153	22.2565223755691
RS_GCF_003129565.1	-48.0473222263289	-5.68585578673755	-14.9352046504047
RS_GCF_003315345.1	48.5504375695982	17.8556002989556	-19.1027485994114
RS_GCF_004362525.1	14.3979988434299	-38.3942487103446	-3.76983989015632
RS_GCF_003337555.1	23.9100868020494	-41.3819959220094	1.68664359590704
RS_GCF_003173615.1	-51.5149619194776	-10.9478245592055	3.44523039741544
RS_GCF_003336745.1	-45.7321806033383	-13.2673149689687	-6.54596981393318
RS_GCF_003258595.1	-34.4611081348388	-14.6708088013961	52.8703459344785
GB_GCA_003242525.1	54.6518639500812	28.5589552669865	56.3250394988964
RS_GCF_003344045.1	-48.0473222263289	-5.68585578673755	-14.9352046504047
RS_GCF_004792665.1	-48.0473222263289	-5.68585578673756	-14.9352046504047
RS_GCF_003205515.1	-55.7674940163215	-1.76629287753046	-6.53103684363134
GB_GCA_003645495.1	35.6954549325062	43.9019018639907	-24.3421522622261
GB_GCA_003643835.1	33.9912450969675	42.9755516625279	-26.8854043288272
GB_GCA_003645535.1	33.9912450969675	42.9755516625279	-26.8854043288272
GB_GCA_003646355.1	33.9912450969675	42.9755516625279	-26.8854043288272
GB_GCA_003645455.1	33.9912450969675	42.9755516625279	-26.8854043288272
GB_GCA_003646175.1	33.9912450969675	42.9755516625279	-26.8854043288272
RS_GCF_003172915.1	-45.7321806033383	-13.2673149689687	-6.54596981393316
GB_GCA_003233115.1	36.7166565857614	0.742016014290667	58.3084013034248
GB_GCA_003232965.1	36.7166565857614	0.742016014290685	58.3084013034248
GB_GCA_003232595.1	36.7166565857614	0.742016014290671	58.3084013034248
GB_GCA_003228955.1	36.7166565857613	0.742016014290666	58.3084013034248
GB_GCA_003228915.1	36.7166565857613	0.742016014290669	58.3084013034248
GB_GCA_003230545.1	36.7166565857613	0.742016014290687	58.3084013034248
RS_GCF_003340565.1	-47.1269830584382	-3.63241552584862	-17.4825952034389
RS_GCF_013626205.1	29.6896596441065	-37.6801109381884	0.905670068031802
GB_GCA_003265685.1	-52.5888280813834	-2.50299408892814	-12.3133881118082
RS_GCF_011813015.1	-48.9671171752489	-0.268899908258827	-17.9156136400665
GB_GCA_003252105.1	36.7166565857613	0.742016014290662	58.3084013034248
GB_GCA_003252455.1	36.7166565857613	0.742016014290674	58.3084013034248
GB_GCA_003251795.1	36.7166565857613	0.742016014290679	58.3084013034248
GB_GCA_003250175.1	36.7166565857613	0.742016014290684	58.3084013034248
GB_GCA_003249215.1	36.7166565857613	0.74201601429067	58.3084013034248
RS_GCF_003313245.1	-47.1269830584382	-3.63241552584862	-17.4825952034389
RS_GCF_003226535.1	48.8878147577804	17.7182955162413	-18.5178149153331
RS_GCF_003226565.1	27.3820193788379	38.4343373984557	-34.4461852198742
RS_GCF_003226555.1	31.1179241854256	41.725048616673	-30.2465220298282
RS_GCF_003353055.1	-47.332278626072	0.289859721348415	-19.5160780398026
RS_GCF_003568845.1	-34.4611081348388	-14.6708088013961	52.8703459344785
GB_GCA_003978875.1	-48.3201821586868	20.7124469065642	-12.1789916129946
GB_GCA_003978765.1	-49.0120090223009	22.1653798118406	-9.9014386697109
GB_GCA_003978675.1	-49.0120090223009	22.1653798118406	-9.90143866971089
GB_GCA_003972985.1	-48.3192537830454	20.7107461566384	-12.1816600139155
GB_GCA_003978455.1	-48.3192537830454	20.7107461566384	-12.1816600139155
GB_GCA_003978375.1	-48.5323135483152	21.5315805436948	-11.2059869850483
RS_GCF_003441615.1	-47.332278626072	0.289859721348415	-19.5160780398026
RS_GCF_003286075.1	-45.7321806033383	-13.2673149689687	-6.54596981393318
GB_GCA_006969625.1	-49.3681509310365	23.3531139135046	-8.19496324669634
RS_GCF_003574395.1	-38.1777511050689	-21.527127646962	5.68737873124263
RS_GCF_003390845.1	-48.9671171752489	-0.268899908258829	-17.9156136400664
RS_GCF_003298505.1	-47.1269830584382	-3.63241552584862	-17.4825952034389
RS_GCF_003385555.1	-47.1269830584382	-3.63241552584863	-17.4825952034389
RS_GCF_003298775.1	-47.1269830584382	-3.63241552584863	-17.4825952034389
RS_GCF_003574675.1	-38.1777511050689	-21.527127646962	5.68737873124264
RS_GCF_003333265.1	59.4966437555853	28.2338604169368	40.3636474723458
RS_GCF_003324675.1	-47.9691515360125	0.135259735324144	-18.962763918882
RS_GCF_003324485.1	-54.8657130306887	-2.536768675987	-8.08700131922618
GB_GCA_011050685.1	16.8983740260727	-26.4779094065275	-15.6026023068718
GB_GCA_011050655.1	16.8983740260727	-26.4779094065275	-15.6026023068718
GB_GCA_011049865.1	16.8983740260727	-26.4779094065275	-15.6026023068718
GB_GCA_011052285.1	36.7166565857613	0.742016014290667	58.3084013034249
GB_GCA_011052015.1	36.7166565857613	0.742016014290663	58.3084013034248
GB_GCA_011051825.1	-26.8476177693489	69.6694543123802	13.7474743886073
GB_GCA_011051755.1	-26.8476177693489	69.6694543123802	13.7474743886074
GB_GCA_011051715.1	-26.8476177693489	69.6694543123802	13.7474743886074
GB_GCA_011051685.1	-26.8476177693489	69.6694543123803	13.7474743886074
GB_GCA_011051425.1	-26.8476177693489	69.6694543123803	13.7474743886074
GB_GCA_011322365.1	-26.8476177693489	69.6694543123803	13.7474743886074
GB_GCA_011375045.1	-26.8476177693489	69.6694543123803	13.7474743886074
GB_GCA_011374735.1	-26.8476177693489	69.6694543123803	13.7474743886074
GB_GCA_011330645.1	-26.8476177693489	69.6694543123803	13.7474743886074
GB_GCA_011371455.1	-26.8476177693489	69.6694543123803	13.7474743886075
GB_GCA_011372505.1	-55.2306206611793	0.756798257977968	-9.15788258935476
RS_GCF_003711205.1	-47.3322786260721	0.289859721348429	-19.5160780398026
RS_GCF_010907035.1	56.9449772972063	23.2618532069906	5.45690349740384
GB_GCA_008932935.1	46.2370315792215	10.3881685960973	-19.2080684260392
RS_GCF_003344785.1	-54.3965504271905	2.6287097696794	-11.2092530155663
GB_GCA_008501635.1	-1.2699863058203	-35.6332741722817	30.9812815175385
RS_GCF_003351145.1	-54.8657130306887	-2.536768675987	-8.08700131922616
GB_GCA_003428585.1	-35.5877436026631	-21.8852034219983	0.246579472564585
RS_GCF_004328645.1	26.5799453119217	-40.8065369598808	2.60281237851256
RS_GCF_003367195.1	-47.3322786260721	0.289859721348429	-19.5160780398026
GB_GCA_004005435.1	-48.3871841781295	-4.27552563630947	-15.9204454409528
RS_GCF_018424695.1	37.0424330792003	29.0757215686116	-30.9436218497775
RS_GCF_008728195.1	45.5281443128982	35.1229410761811	-20.0706591902135
GB_GCA_009886815.1	24.102426286473	-38.4702344896184	-2.55377213620877
RS_GCF_003403095.1	-34.5255541651479	-6.92063428488312	65.0213711505772
RS_GCF_003417535.1	-46.551021714947	-0.427693088196622	-19.7343357760286
GB_GCA_003417655.1	-30.5807996499034	-24.1887469425143	-0.873354901039201
RS_GCF_003432385.1	-44.8359513063672	-5.88842498033096	-17.2979403060767
RS_GCF_003574035.1	-43.5128865174106	6.70677249924484	-22.4749198666244
RS_GCF_003574085.1	-47.9756059464766	-14.3911368116592	4.95021037943688
RS_GCF_003574095.1	-47.9756059464766	-14.3911368116592	4.95021037943687
RS_GCF_003574355.1	43.8638456060854	-20.8895155527748	6.95535172517957
RS_GCF_003443995.1	-40.0317822861049	-19.7959905563804	2.4308307648615
GB_GCA_015663215.1	53.379949453971	33.9454080032359	-3.39147746734426
GB_GCA_015663165.1	53.379949453971	33.9454080032359	-3.39147746734426
GB_GCA_015661795.1	53.3735817019531	34.0865414110126	-3.27821245446795
GB_GCA_015661535.1	53.3735817019531	34.0865414110126	-3.27821245446795
GB_GCA_015661465.1	53.3735817019531	34.0865414110127	-3.27821245446795
RS_GCF_003570715.1	-47.0119232880195	-0.609543342927452	-19.3638716736823
RS_GCF_003544895.1	17.0719646178964	-26.6219596044908	-15.4582747923657
RS_GCF_003591515.1	35.6388181255937	-34.6731738894747	12.2603770699173
RS_GCF_003594815.1	-47.3322786260721	0.289859721348421	-19.5160780398026
GB_GCA_007280315.1	23.2834117434586	28.2827050749138	-36.8321936990813
GB_GCA_007280205.1	23.2834117434586	28.2827050749138	-36.8321936990813
GB_GCA_008015455.1	30.5632390847088	41.3129439300614	-30.9549817943586
GB_GCA_008015155.1	30.5632390847088	41.3129439300614	-30.9549817943586
RS_GCF_005870025.1	-55.9152493026015	-4.83811546439074	2.03721247026286
RS_GCF_003590795.1	-51.7550494579935	-9.91118296431391	-1.84847681912438
RS_GCF_003590875.1	-51.7550494579935	-9.91118296431391	-1.84847681912438
RS_GCF_003591035.1	-51.7550494579935	-9.91118296431391	-1.84847681912438
GB_GCA_005239165.1	-26.3278669831714	-26.0881586369846	34.2930867277686
RS_GCF_003932505.1	-18.650455633195	-26.9342507086065	-6.83979336950674
GB_GCA_003696155.1	-44.517404313748	8.64526709554634	-21.6700492752096
GB_GCA_003697125.1	-44.5174043137481	8.64526709554634	-21.6700492752096
GB_GCA_003696705.1	-44.5174043137481	8.64526709554634	-21.6700492752096
GB_GCA_003695825.1	-44.5174043137481	8.64526709554634	-21.6700492752096
GB_GCA_003694465.1	-44.5174043137481	8.64526709554633	-21.6700492752096
RS_GCF_021730305.1	-45.3589812627207	-7.97925125374535	-14.8992495041193
GB_GCA_004293675.1	25.8103267130561	37.5668748484711	-35.229887862818
RS_GCF_009663685.2	58.5161298046147	27.6469604602043	15.647544526184
RS_GCF_004000215.1	-56.1684754631596	0.59045231638089	-6.58452172171627
RS_GCF_004000255.1	-56.1684754631596	0.59045231638089	-6.58452172171627
RS_GCF_004000435.1	-56.1684754631596	0.59045231638089	-6.58452172171627
RS_GCF_003667315.2	-45.7321806033383	-13.2673149689687	-6.54596981393321
GB_GCA_009924775.1	50.0181588015491	29.4177705519127	-15.6085366789279
GB_GCA_009924525.1	50.0181588015491	29.4177705519127	-15.6085366789279
GB_GCA_009923505.1	50.0181588015491	29.4177705519127	-15.6085366789279
GB_GCA_009923345.1	50.0181588015491	29.4177705519127	-15.6085366789279
GB_GCA_009923315.1	50.0181588015491	29.4177705519127	-15.6085366789279
GB_GCA_009922705.1	50.0181588015491	29.4177705519128	-15.6085366789279
GB_GCA_009928125.1	50.0181588015491	29.4177705519127	-15.6085366789279
GB_GCA_009921765.1	50.0181588015491	29.4177705519127	-15.6085366789279
GB_GCA_009921245.1	50.0181588015491	29.4177705519127	-15.6085366789279
GB_GCA_009921265.1	50.0181588015491	29.4177705519127	-15.6085366789279
GB_GCA_009920775.1	50.0181588015491	29.4177705519127	-15.6085366789279
GB_GCA_009920225.1	50.0181588015491	29.4177705519127	-15.6085366789279
GB_GCA_009919175.1	50.0181588015491	29.4177705519127	-15.6085366789279
GB_GCA_009918225.1	50.0181588015491	29.4177705519127	-15.6085366789279
GB_GCA_010030205.1	50.0181588015492	29.4177705519127	-15.6085366789279
GB_GCA_010025385.1	50.0181588015492	29.4177705519127	-15.6085366789279
RS_GCF_004011805.1	-46.5723065243711	-0.58097184548591	-19.6573722876764
RS_GCF_003667445.1	29.3572627580382	-36.3753321758891	-1.24392986061256
RS_GCF_003667345.1	-3.78029285302386	39.0206057070785	75.0050782610032
GB_GCA_007692585.1	24.604437560553	26.5962769609727	-36.4919279319545
RS_GCF_003990445.1	-52.7620141562566	1.2289875132027	-13.8175222682482
RS_GCF_004114425.1	7.94897418999204	-11.7674536978911	66.3989304922101
GB_GCA_007570905.1	-47.4600059457816	41.7998792961671	11.4499936456045
RS_GCF_004006175.1	-47.3523345090509	30.9835275685509	-4.02550030681862
RS_GCF_004684245.1	-36.0822750799461	-22.7354755101197	5.37639851403106
RS_GCF_003797765.1	28.4531922410161	-38.9140120226354	1.31337152230579
RS_GCF_004346225.1	-47.3322786260721	0.289859721348427	-19.5160780398026
RS_GCF_004745575.1	-38.1777511050689	-21.527127646962	5.68737873124266
RS_GCF_003934165.1	-52.0156080655929	-6.7554039100254	-8.40671001844498
RS_GCF_003854935.1	50.5016633662883	20.2454895369724	-15.8883514798677
GB_GCA_003963435.1	38.501129593722	39.2489092374418	-25.8689965217787
GB_GCA_003963145.1	38.501129593722	39.2489092374418	-25.8689965217787
GB_GCA_003963125.1	38.501129593722	39.2489092374418	-25.8689965217787
RS_GCF_003991405.1	-47.9483081322646	-0.19487222091898	-18.8514771323031
GB_GCA_003818495.1	41.1811402374584	25.7799353905363	-27.983663614121
RS_GCF_003837805.1	-38.1531583698491	-21.1859769601122	24.1901750048933
RS_GCF_003858655.1	-50.3566400829223	3.51575241125741	-17.1880094064421
RS_GCF_019805165.1	52.823007985715	23.7141410215661	56.4617064797804
RS_GCF_003944755.1	24.0881612404624	-42.1823623281138	3.64936883031678
RS_GCF_009762325.1	-46.7180665285917	-0.716489081273838	-19.5057834619391
RS_GCF_003953935.1	-51.4506473419539	-4.93974936240193	-11.7434628939019
RS_GCF_003970795.1	-47.8619705863083	-8.7692866278771	-11.4254934261498
RS_GCF_023571765.1	-28.857303041898	-14.2387767644825	-18.0179758802495
GB_GCA_007118445.1	-19.5087778837839	-26.9989954266766	-6.08198254712599
GB_GCA_007126715.1	-19.5087778837839	-26.9989954266766	-6.08198254712599
RS_GCF_003990645.1	-52.7620141562566	1.22898751320269	-13.8175222682482
RS_GCF_004103825.1	-51.439612714804	-4.03813199069424	-12.7324950497956
GB_GCA_009928645.1	53.8967452208161	41.8944037730194	55.6509511049766
RS_GCF_004016515.1	-55.674910912316	0.413612933772131	-7.96929924871765
GB_GCA_004144865.1	28.4798837724953	-38.8937124673559	1.31209583729226
RS_GCF_005234135.1	-47.3322786260721	0.289859721348427	-19.5160780398026
RS_GCF_004004565.1	-55.674910912316	0.413612933772131	-7.96929924871765
RS_GCF_004005935.1	-55.674910912316	0.413612933772126	-7.96929924871764
RS_GCF_004005845.1	-48.9671171752489	-0.268899908258856	-17.9156136400664
RS_GCF_004360145.1	-48.9034283615899	-4.72518154564782	-15.0163765446597
RS_GCF_004522155.1	-48.3327052200222	-8.09807483499676	-11.7981959404461
GB_GCA_006227825.1	-56.0068234881716	-4.23606687643104	-2.63503056250418
GB_GCA_006226775.1	-56.0068234881716	-4.23606687643104	-2.63503056250418
GB_GCA_004298665.1	48.697426462576	25.8366985979592	-19.2208077702389
GB_GCA_004298675.1	48.697426462576	25.8366985979592	-19.2208077702389
GB_GCA_004298065.1	48.6970344408513	25.8378660673726	-19.2212694420938
GB_GCA_004322085.1	48.6970818840163	25.8378584382626	-19.2211894773676
GB_GCA_004298465.1	48.6970818840163	25.8378584382626	-19.2211894773676
GB_GCA_004323695.1	48.6970818840163	25.8378584382626	-19.2211894773676
GB_GCA_004298015.1	48.6970818840163	25.8378584382626	-19.2211894773676
GB_GCA_004297625.1	48.6962814702528	25.8431810076102	-19.2215096686596
RS_GCF_004054105.1	18.097197227707	-42.3612407900552	3.75545491915095
RS_GCF_004123675.1	31.2830773428392	40.3789400093128	-31.2339968385296
RS_GCF_004153455.1	-47.6568112198175	0.249220084673632	-19.2545491734517
RS_GCF_008824185.1	27.2169537494082	-40.3336910519036	2.37109741182811
RS_GCF_004118635.1	27.454907603784	39.972022397548	-33.5099335353273
RS_GCF_009192995.1	-34.4611081348389	-14.670808801396	52.8703459344785
RS_GCF_009068765.1	-34.4611081348389	-14.670808801396	52.8703459344785
RS_GCF_004761865.1	-49.8766462101901	-12.5499221640625	3.31716866277795
RS_GCF_006970865.1	-47.3322786260721	0.28985972134841	-19.5160780398026
GB_GCA_021153985.1	26.3730047391063	38.2224960938469	-34.8665391076216
RS_GCF_004137355.1	-55.9185212534159	-4.47304256137194	-2.3756091813977
GB_GCA_004212795.1	32.1341654044694	-37.7796008792164	14.2756230020197
RS_GCF_004146235.1	-46.5385849815677	-0.971358432713945	-19.4950684427521
GB_GCA_004195025.1	-55.7957785895932	-4.63559952825463	-2.56871495431596
GB_GCA_004291335.1	24.0881612404624	-42.1823623281138	3.64936883031681
RS_GCF_004366635.1	-2.9223520801785	-25.4188434971587	51.7050308479683
GB_GCA_012026675.1	-44.6763560786764	53.2884888003365	27.5302418705171
GB_GCA_004799405.1	8.36917209570864	14.0487876584864	-36.2196935901419
GB_GCA_004799445.1	8.36917209570864	14.0487876584864	-36.2196935901419
RS_GCF_006459125.1	-42.5774122378731	-18.929071495928	14.2610395371081
RS_GCF_013201825.1	30.2980530564214	-39.716454201987	11.3222739791351
RS_GCF_013201705.1	46.532538440521	14.2323520065702	-20.6747895024846
RS_GCF_013201625.1	46.532538440521	14.2323520065702	-20.6747895024846
RS_GCF_013283835.1	21.2003359793032	-36.3300564186297	-5.95854553250775
RS_GCF_004214795.1	6.58118374058879	75.9361951428758	35.5640650084293
RS_GCF_004299785.2	23.2474510219468	-40.2510556817728	-0.580555022952215
GB_GCA_009694265.1	-30.2727381781402	-15.9051865084818	-15.5892779349828
GB_GCA_009694185.1	-30.2727381781402	-15.9051865084818	-15.5892779349828
GB_GCA_009693505.1	-30.2727381781402	-15.9051865084818	-15.5892779349828
GB_GCA_009693345.1	-30.2727381781402	-15.9051865084818	-15.5892779349828
GB_GCA_009693325.1	-30.2727381781402	-15.9051865084818	-15.5892779349828
GB_GCA_009693235.1	-30.2727381781402	-15.9051865084818	-15.5892779349828
GB_GCA_009692265.1	-30.2727381781402	-15.9051865084818	-15.5892779349828
RS_GCF_009910365.1	-45.6958035612193	0.110681888876111	-20.4100850300036
RS_GCF_004343615.1	-39.4507512626818	-1.61154629641478	-22.6050070979422
RS_GCF_018279705.1	-42.9249594023035	8.49334232726828	-22.7098874492416
RS_GCF_004762095.1	-38.1777511050689	-21.527127646962	5.68737873124264
GB_GCA_016870055.1	2.08527666075077	-21.2786939099708	57.7144987892687
GB_GCA_016869975.1	2.08527666075076	-21.2786939099708	57.7144987892687
GB_GCA_016869915.1	2.08527666075076	-21.2786939099708	57.7144987892687
GB_GCA_016869645.1	2.08527666075076	-21.2786939099708	57.7144987892688
GB_GCA_016869515.1	2.08527666075076	-21.2786939099708	57.7144987892687
GB_GCA_016869415.1	2.08527666075076	-21.2786939099708	57.7144987892688
GB_GCA_016869215.1	2.08527666075076	-21.2786939099708	57.7144987892688
GB_GCA_016868375.1	2.08527666075076	-21.2786939099708	57.7144987892688
GB_GCA_016868355.1	2.08527666075076	-21.2786939099708	57.7144987892688
GB_GCA_016868295.1	2.08527666075077	-21.2786939099708	57.7144987892688
GB_GCA_016868305.1	2.08527666075076	-21.2786939099708	57.7144987892688
GB_GCA_016868255.1	2.08527666075076	-21.2786939099708	57.7144987892688
GB_GCA_016868175.1	2.08527666075077	-21.2786939099708	57.7144987892688
GB_GCA_016868205.1	2.08527666075078	-21.2786939099708	57.7144987892688
GB_GCA_016868095.1	2.08527666075078	-21.2786939099708	57.7144987892688
GB_GCA_016868105.1	2.08527666075077	-21.2786939099708	57.7144987892687
GB_GCA_016868035.1	2.08527666075077	-21.2786939099708	57.7144987892687
GB_GCA_016874535.1	2.08527666075077	-21.2786939099708	57.7144987892687
GB_GCA_016872535.1	2.08527666075077	-21.2786939099708	57.7144987892687
GB_GCA_012962365.1	53.3735817019532	34.0865414110126	-3.27821245446801
GB_GCA_012961365.1	53.3735817019532	34.0865414110126	-3.27821245446802
GB_GCA_012961165.1	35.6519950556492	43.6020150997388	-24.7243632577426
GB_GCA_012960755.1	35.6519950556492	43.6020150997388	-24.7243632577426
GB_GCA_012960535.1	35.6519950556492	43.6020150997388	-24.7243632577426
GB_GCA_012960345.1	35.6519950556492	43.6020150997388	-24.7243632577426
GB_GCA_012960055.1	35.6519950558694	43.6020151017616	-24.7243632552877
GB_GCA_012959695.1	35.6519950558694	43.6020151017616	-24.7243632552877
RS_GCF_004310345.1	6.58118374058876	75.9361951428758	35.5640650084294
RS_GCF_009711415.1	-51.3179939259096	36.9166542471287	32.6475405040382
RS_GCF_016807805.1	-38.5775442687621	-3.46710196549269	-22.0689580962396
RS_GCF_004337445.1	48.0421539706981	32.1403502102168	-17.9485386210708
RS_GCF_004681975.1	-55.6033073376467	-5.42647543248019	3.06996609551808
RS_GCF_004681965.1	-47.3322786260721	0.289859721348402	-19.5160780398026
RS_GCF_004682015.1	24.9192850490616	-38.695181429497	21.1928689428826
RS_GCF_004768545.1	-45.4442192215737	-8.06770359813257	-14.7281416411023
RS_GCF_005434965.1	-46.5452161803271	-0.972704034745586	-19.4903095829075
RS_GCF_008693385.1	29.3572627580382	-36.375332175889	-1.24392986061259
RS_GCF_013267355.1	23.9135844409415	-41.9447235608502	2.93722184797888
RS_GCF_004347735.1	-42.9489185255663	-4.1225485333742	-19.6927465614624
GB_GCA_006844635.1	25.1649185023671	-42.1925942888129	11.6355160111053
RS_GCF_004348975.1	23.1433431151904	48.2492526851031	67.0202000239168
GB_GCA_004357475.1	-28.2316086965279	74.9926435860403	24.1301472028361
RS_GCF_004358185.1	-48.1226322410568	1.32847808818877	-19.1438289798245
RS_GCF_004354915.1	-48.5615468628142	1.03501949709182	-18.7124109166955
GB_GCA_021323795.1	48.8872354380924	17.716464079295	-18.5182995715621
GB_GCA_021323775.1	48.8872354380924	17.716464079295	-18.5182995715621
RS_GCF_004358675.1	-47.1688082071508	-4.04232469734809	-17.14079749194
RS_GCF_009866965.1	-48.0473222263289	-5.68585578673756	-14.9352046504047
RS_GCF_004571025.1	59.6666369331609	32.5646924045895	43.5019724961211
RS_GCF_004570865.1	59.6666369331609	32.5646924045895	43.5019724961211
RS_GCF_004564135.1	-55.6969031792852	-5.17458805578142	4.05506304938554
RS_GCF_004959925.1	-56.1948533107794	-3.84482277107395	-2.70643871697423
RS_GCF_005047655.1	-47.3322786260722	0.289859721348407	-19.5160780398026
RS_GCF_004803475.1	-49.7628567172183	0.568072739024029	-17.4239313435109
RS_GCF_004804335.1	-56.236343223128	0.67274375847581	-6.38536017750933
RS_GCF_013141915.1	-15.0639081555369	-25.5118644457654	-11.1567631689409
RS_GCF_006064855.1	13.9446609333561	-22.3082929836008	-19.1984677432294
GB_GCA_005793295.1	-50.8368533130051	-11.586714533009	2.81596311559375
GB_GCA_005789825.1	-50.8368533130051	-11.586714533009	2.81596311559375
GB_GCA_005798775.1	-50.8368533130051	-11.586714533009	2.81596311559375
RS_GCF_004795855.1	-3.78029285302385	39.0206057070785	75.0050782610032
GB_GCA_005885285.1	25.8806293688213	37.6501346854631	-35.1930066486043
GB_GCA_005884765.1	25.8806293688213	37.6501346854631	-35.1930066486043
GB_GCA_005884685.1	25.8806293688214	37.6501346854631	-35.1930066486043
GB_GCA_005881595.1	25.8806293688214	37.6501346854631	-35.1930066486043
GB_GCA_005881575.1	25.8806293688214	37.6501346854631	-35.1930066486043
GB_GCA_005884455.1	25.8806293688214	37.6501346854631	-35.1930066486043
GB_GCA_005884335.1	25.8806293688214	37.6501346854631	-35.1930066486043
GB_GCA_005882215.1	25.8806293688214	37.6501346854631	-35.1930066486043
GB_GCA_005883675.1	25.8806293688214	37.6501346854631	-35.1930066486043
GB_GCA_005888925.1	25.8806293688214	37.6501346854631	-35.1930066486043
GB_GCA_005882235.1	25.8806293688214	37.6501346854631	-35.1930066486043
GB_GCA_005882995.1	25.8806293688214	37.6501346854631	-35.1930066486043
GB_GCA_005889025.1	25.8806293688214	37.6501346854631	-35.1930066486043
GB_GCA_005883655.1	25.8806293688214	37.6501346854631	-35.1930066486043
GB_GCA_005883665.1	25.8806293688214	37.6501346854631	-35.1930066486043
GB_GCA_005881355.1	25.8806293688214	37.6501346854631	-35.1930066486043
GB_GCA_005887895.1	25.8806293688214	37.6501346854631	-35.1930066486043
RS_GCF_009469765.1	26.4635000133598	-40.7482662641033	2.36028354951067
RS_GCF_009469605.1	-55.6830088507843	-1.81910532010647	-6.72587924258845
GB_GCA_009469585.1	-55.6830088507843	-1.81910532010647	-6.72587924258846
RS_GCF_009469615.1	-55.6830088507843	-1.81910532010647	-6.72587924258845
GB_GCA_015657735.1	-55.6830088507843	-1.81910532010647	-6.72587924258845
RS_GCF_004923315.1	-43.4578206906893	8.20187895432942	-22.4302247939654
RS_GCF_004799325.1	-55.674910912316	0.413612933772168	-7.96929924871767
RS_GCF_004799285.1	-55.674910912316	0.413612933772169	-7.96929924871767
RS_GCF_004804275.1	-56.1040534312089	-2.35886333818371	-4.97394719601872
RS_GCF_005153485.1	-44.6107960894505	-7.77913338269801	-15.7072153438222
RS_GCF_005222755.1	-44.6107960894505	-7.77913338269801	-15.7072153438222
RS_GCF_005144885.1	-49.7628567172183	0.56807273902404	-17.4239313435109
RS_GCF_005871185.1	-52.7620141562567	1.22898751320267	-13.8175222682481
GB_GCA_013607775.1	-47.0214355413227	38.833004081261	5.30811471788305
GB_GCA_013607665.1	-47.0214355413226	38.833004081261	5.30811471788305
RS_GCF_005518135.1	-52.7620141562567	1.22898751320268	-13.8175222682481
RS_GCF_005048225.1	-40.5050541548892	-18.3308634769228	-2.07699280013704
GB_GCA_006218025.1	47.4631430140803	23.195128143889	-21.4739000770909
GB_GCA_006218045.1	47.4631430140803	23.195128143889	-21.4739000770909
GB_GCA_006218055.1	47.4631430140803	23.195128143889	-21.4739000770909
GB_GCA_008080565.1	47.4631430140803	23.195128143889	-21.4739000770909
GB_GCA_008080515.1	47.4631430140803	23.195128143889	-21.4739000770909
GB_GCA_008080595.1	47.4631430140802	23.195128143889	-21.4739000770909
GB_GCA_009772935.1	48.157711640216	22.3957406043381	-20.4077245018926
GB_GCA_009773635.1	47.4631430140802	23.195128143889	-21.4739000770909
RS_GCF_005217605.1	5.63655831691592	-40.9758552878866	9.46111654235378
RS_GCF_005771535.1	-47.3322786260721	0.289859721348423	-19.5160780398026
RS_GCF_005298175.1	-43.6772531022737	-4.78516020973629	-18.8544684479362
RS_GCF_009669325.1	32.5824493155377	-37.6512418237516	13.4159438025442
RS_GCF_005887615.1	-47.456580449577	-0.443862727078653	-19.1263048088547
RS_GCF_006125015.1	12.5893375178123	-16.2627200946378	-23.5090525632567
RS_GCF_018881505.1	22.8046669789616	-43.1359369918817	7.32816108014567
RS_GCF_018881855.1	25.9689117695524	-41.8746267464835	11.8550699433038
RS_GCF_007995245.1	-56.7057531004195	-2.68387876161895	3.54955757977482
RS_GCF_018881605.1	12.360702942371	-35.8830540086741	-6.85982154656216
RS_GCF_018688235.1	25.9621938483342	-41.8869424481335	11.8096274196284
RS_GCF_018687455.1	29.4105129776237	-33.5433254136495	-4.31038111949897
RS_GCF_018881965.1	14.1693561928603	-32.9049459193772	-10.2616174597521
RS_GCF_018687895.1	21.8917290998522	-43.1544498528335	6.69781931891829
RS_GCF_018881925.1	23.1015504816988	-43.099095468339	7.98002232141686
RS_GCF_018881655.1	22.911349440626	-43.1278796329241	7.84712582687808
RS_GCF_018881975.1	11.0496931741174	-30.370020198881	-12.6479953683545
RS_GCF_018687755.1	12.9081941720566	-32.3720254637292	-10.7721149291608
RS_GCF_018688095.1	26.0450435741514	-42.234437816998	6.67246406002327
RS_GCF_018882085.1	25.8363557462788	-41.8882647566199	12.0082031744938
RS_GCF_018688375.1	23.0957116326983	-43.0933321748693	7.28876421472493
RS_GCF_018882245.1	25.9150368590692	-41.8939851889087	11.8576548368834
RS_GCF_018687635.1	55.6694100713416	28.6990945728168	54.5357363145557
RS_GCF_018687975.1	32.3612072058418	-37.8314592695483	13.4428047390868
RS_GCF_018688335.1	26.1187640449214	-41.8022221514669	11.9229718303968
RS_GCF_018882125.1	25.9083178484276	-41.8961839782657	11.8588076844743
RS_GCF_018688355.1	11.5330334949246	-30.4757390146926	-12.5658403790151
RS_GCF_018882185.1	23.1015504816988	-43.099095468339	7.98002232141685
RS_GCF_005937885.2	45.762451310081	22.1308620616005	-23.6373821389885
RS_GCF_005771405.1	-52.7620141562567	1.22898751320267	-13.8175222682481
RS_GCF_007004065.1	-46.9837183671414	-0.669685158141922	-19.3547355667603
RS_GCF_007995215.1	-57.3362661101329	-0.0282802015651729	3.59216517417626
RS_GCF_024355225.1	24.8557589522939	-40.664829555304	0.870410937530712
RS_GCF_006265165.1	31.2830773428393	40.3789400093128	-31.2339968385295
RS_GCF_005938215.1	-47.3322786260721	0.289859721348423	-19.5160780398026
RS_GCF_005938225.1	-47.3322786260721	0.289859721348425	-19.5160780398026
GB_GCA_018882795.1	54.6441772153517	28.5704815208201	56.3426459240754
GB_GCA_018882835.1	54.6441772153517	28.5704815208201	56.3426459240754
GB_GCA_018882785.1	54.6441772153517	28.5704815208201	56.3426459240754
GB_GCA_018883265.1	54.6441772153517	28.5704815208201	56.3426459240753
RS_GCF_017922435.1	19.7687157483032	28.7012518008128	-37.2213162469198
RS_GCF_007625115.1	27.0574826348638	39.0429551439582	-34.2651189856345
GB_GCA_007713595.1	27.0574826348638	39.0429551439582	-34.2651189856345
RS_GCF_008039575.1	-55.6749109123159	0.413612933772179	-7.96929924871768
RS_GCF_008039615.1	-55.674910912316	0.413612933772179	-7.96929924871768
RS_GCF_006351965.1	-48.0473222263289	-5.68585578673756	-14.9352046504047
RS_GCF_009363795.1	25.2994551491482	-42.0181085802663	4.29670738974127
RS_GCF_009363715.1	25.2994551491482	-42.0181085802663	4.29670738974128
RS_GCF_009363655.1	25.2994551491482	-42.0181085802663	4.29670738974127
RS_GCF_009363615.1	25.2994551491482	-42.0181085802663	4.29670738974126
RS_GCF_009363435.1	25.2994551491482	-42.0181085802663	4.29670738974126
RS_GCF_009363255.1	25.2994551491482	-42.0181085802663	4.29670738974126
RS_GCF_007004645.1	-48.6226188830422	1.49271794054898	-18.7455496273441
RS_GCF_014195545.1	-48.6226188830422	1.49271794054898	-18.7455496273441
RS_GCF_014905095.1	-57.3362661101329	-0.0282802015651778	3.59216517417626
RS_GCF_014905115.1	-34.4611081348388	-14.670808801396	52.8703459344785
RS_GCF_006517275.1	-4.5235026315673	-25.8059840686274	50.860705482116
GB_GCA_012269655.1	-48.7971647725624	43.3553851232337	21.653523809736
GB_GCA_012270045.1	-48.7971647725624	43.3553851232337	21.653523809736
RS_GCF_007004665.1	-54.1362304548851	-7.68900333313379	0.773757547557872
RS_GCF_009746125.1	-44.9254207622026	-7.83133370167966	-15.4101743210045
RS_GCF_006519715.1	51.7045837610334	28.3465933272905	-12.0515120667087
GB_GCA_008087055.1	48.376916221751	32.9566053611141	-16.8288261224507
GB_GCA_008107695.1	28.4405362279601	-38.715255745781	0.985118800211159
GB_GCA_008107755.1	28.4405362279601	-38.715255745781	0.985118800211148
RS_GCF_008107725.1	28.4405362279601	-38.715255745781	0.985118800211156
RS_GCF_007005445.1	-53.1439881154307	-6.54731482364852	-6.5592836797177
RS_GCF_007018905.1	16.3598545125062	-17.3611450657812	-22.2777891938551
RS_GCF_008271465.1	-38.1777511050688	-21.5271276469619	5.68737873124261
GB_GCA_013791905.1	16.0395776425725	-37.8335970035732	-4.74923647941474
GB_GCA_013791855.1	16.0395776425725	-37.8335970035732	-4.74923647941475
RS_GCF_014844135.1	31.4404741657508	20.76927503077	-33.4130299771139
RS_GCF_014905135.1	-54.3964781819773	2.62867654793989	-11.2093937169354
RS_GCF_010811875.1	55.2085609577184	27.6290051213503	54.8674912735553
RS_GCF_007290395.1	46.521187918573	14.3087042911128	-20.7201230961085
RS_GCF_007833165.1	-51.4396127148042	-4.03813199069426	-12.7324950497955
RS_GCF_008124525.1	43.9342365643657	-20.7304598089134	6.84583426367437
RS_GCF_007923445.1	-47.3322786260721	0.289859721348414	-19.5160780398026
RS_GCF_007923355.1	-47.3322786260721	0.289859721348419	-19.5160780398026
RS_GCF_007954405.1	-47.7033633675781	-0.0333899874162317	-19.1149314974927
RS_GCF_009765275.1	-48.6515401064511	0.864138228494994	-18.5916995178117
RS_GCF_007922615.2	-45.7321806033383	-13.2673149689687	-6.54596981393327
GB_GCA_013153455.1	41.0542559411072	50.6780738295746	-7.12824499582447
GB_GCA_013153495.1	41.0542559411072	50.6780738295746	-7.12824499582448
GB_GCA_013153635.1	41.0542559411072	50.6780738295746	-7.12824499582448
GB_GCA_013153795.1	41.0542559411072	50.6780738295745	-7.12824499582448
GB_GCA_013153345.1	41.0542559411072	50.6780738295745	-7.12824499582448
GB_GCA_013153675.1	41.0542559411072	50.6780738295745	-7.12824499582448
GB_GCA_013151785.1	41.0542559411072	50.6780738295745	-7.12824499582449
GB_GCA_013151535.1	41.0542559411072	50.6780738295745	-7.12824499582449
GB_GCA_013152545.1	41.0542559411072	50.6780738295745	-7.1282449958245
GB_GCA_013152415.1	41.0542559411072	50.6780738295746	-7.1282449958245
GB_GCA_013151795.1	41.0542559411072	50.6780738295746	-7.1282449958245
GB_GCA_013151645.1	41.0542559411072	50.6780738295745	-7.12824499582447
GB_GCA_013151035.1	41.0542559411072	50.6780738295745	-7.12824499582447
GB_GCA_013151365.1	41.0542559411072	50.6780738295745	-7.12824499582447
GB_GCA_013151235.1	41.0542559411072	50.6780738295745	-7.12824499582448
GB_GCA_013151175.1	41.0542559411073	50.6780738295745	-7.12824499582448
GB_GCA_013151055.1	41.0542559411072	50.6780738295745	-7.12824499582447
RS_GCF_008085915.1	-22.6566300026122	33.2246618755661	74.2626595483497
RS_GCF_013177675.1	-38.7231782622541	2.52795510023064	-24.2581264563906
RS_GCF_008477545.1	48.0421539706979	32.1403502102168	-17.9485386210707
GB_GCA_007994965.1	-47.3322786260721	0.289859721348407	-19.5160780398026
RS_GCF_007997035.1	-44.9172137013352	6.55648612884284	-21.6184308471264
RS_GCF_008065155.1	-2.81480465200685	-3.1706449813939	-30.6070863585948
GB_GCA_008727115.1	-55.7930891695044	-4.60751339514792	-2.6761436159805
RS_GCF_008017535.1	-45.7321806033384	-13.2673149689687	-6.54596981393326
RS_GCF_008831265.1	-47.5300459748771	0.108565820544893	-19.3043302941823
RS_GCF_009806555.1	51.7882173776646	41.0525686845145	58.8178021735163
RS_GCF_008086115.1	-53.2681994031239	-2.23594043626147	-11.4004874605691
RS_GCF_008641065.1	-45.7321806033383	-13.2673149689687	-6.54596981393326
GB_GCA_009840595.1	-48.4473487482862	44.0018099456789	21.1639888713008
GB_GCA_009839635.1	-48.4473487482862	44.0018099456789	21.1639888713008
GB_GCA_009841725.1	-48.4473487482862	44.0018099456789	21.1639888713008
RS_GCF_008123515.1	35.2471431228085	-34.4279464308578	15.0185427408749
RS_GCF_008123425.1	35.2471431228085	-34.4279464308578	15.0185427408749
RS_GCF_019402665.1	41.6698471659887	-23.9291977848656	18.2592653915823
RS_GCF_008123965.1	25.698980227372	-40.5465302723554	16.4205913256603
GB_GCA_009846685.1	-55.6830973423222	-1.81784247529397	-6.72661451074837
RS_GCF_012184415.1	30.3915063828166	41.0449299890597	-31.2761344782682
RS_GCF_008364685.1	-28.857303041898	-14.2387767644824	-18.0179758802495
RS_GCF_014076415.1	-45.7321806033383	-13.2673149689687	-6.54596981393327
RS_GCF_008630635.1	-48.565317031287	1.00610568967849	-18.7025906216881
RS_GCF_008711325.1	-45.8638704365606	-5.45971347968951	-16.9566437754256
RS_GCF_008711285.1	-37.3188748885719	-19.8620936683675	-3.04126214746098
RS_GCF_011682065.1	-3.78029285302389	39.0206057070785	75.0050782610031
RS_GCF_008801925.2	29.0198106269519	-40.2618314120962	5.37401879019142
RS_GCF_008801835.1	27.1831124793575	33.4416621791804	-35.6207147641188
RS_GCF_008801405.1	59.6666369331609	32.5646924045895	43.5019724961211
RS_GCF_008711155.1	-54.5094348939078	-5.71305067202384	-4.79126822939624
RS_GCF_008630065.1	-20.6315377009594	-18.3163930643622	-17.3074033022861
RS_GCF_008632125.1	-46.5723065243711	-0.580971845485898	-19.6573722876764
RS_GCF_011682045.1	-3.78029285302389	39.0206057070785	75.0050782610031
RS_GCF_011682175.1	-3.78029285302389	39.0206057070785	75.0050782610032
RS_GCF_011682145.1	-3.78029285302389	39.0206057070785	75.0050782610032
GB_GCA_013298765.1	-33.0233962731464	73.2300418307173	34.0296672166753
GB_GCA_013298145.1	-33.0233962731463	73.2300418307172	34.0296672166752
GB_GCA_013298045.1	-33.0233962731463	73.2300418307172	34.0296672166752
GB_GCA_013298695.1	-33.0233962731464	73.2300418307172	34.0296672166752
GB_GCA_013298415.1	-33.0233962731464	73.2300418307172	34.0296672166752
GB_GCA_013297925.1	-33.0233962731464	73.2300418307172	34.0296672166752
GB_GCA_013297875.1	-33.0233962731464	73.2300418307172	34.0296672166752
GB_GCA_013297985.1	-33.0233962731464	73.2300418307172	34.0296672166752
GB_GCA_013298945.1	-33.0233962731464	73.2300418307172	34.0296672166752
GB_GCA_013298815.1	-33.0233962731464	73.2300418307172	34.0296672166752
GB_GCA_013297865.1	-33.0233962731464	73.2300418307172	34.0296672166752
GB_GCA_013299055.1	-33.0233962731464	73.2300418307172	34.0296672166752
GB_GCA_013299175.1	-33.0233962731464	73.2300418307172	34.0296672166752
RS_GCF_013387465.1	19.4646334100875	-43.1871834841272	9.44120125467511
GB_GCA_016125495.1	-28.301932697602	73.1169978868758	20.8564866973201
GB_GCA_016125475.1	-28.301932697602	73.1169978868758	20.85648669732
GB_GCA_016124745.1	-28.301932697602	73.1169978868758	20.8564866973201
GB_GCA_016124615.1	-28.301932697602	73.1169978868758	20.8564866973201
GB_GCA_016124535.1	-28.301932697602	73.1169978868758	20.8564866973201
GB_GCA_010365205.1	-21.2260286075809	32.6016997426565	74.9547121133348
GB_GCA_010365175.1	-21.2260286075808	32.6016997426564	74.9547121133348
GB_GCA_010365055.1	-21.2260286075809	32.6016997426564	74.9547121133348
GB_GCA_009377535.1	30.3330183034283	25.2991943942268	-34.543877863585
RS_GCF_009296265.1	31.2830773428392	40.3789400093128	-31.2339968385295
GB_GCA_015689775.1	59.6666369331609	32.5646924045896	43.5019724961211
GB_GCA_015689735.1	59.666636933161	32.5646924045896	43.5019724961211
GB_GCA_015689745.1	-56.2975929961099	-3.66330824432842	-2.51308793410825
GB_GCA_015689645.1	-56.2975929961099	-3.66330824432842	-2.51308793410825
GB_GCA_015689685.1	-56.2975929961099	-3.66330824432842	-2.51308793410825
GB_GCA_008923315.1	-55.7930891695044	-4.60751339514792	-2.67614361598047
GB_GCA_008923285.1	-55.7930891695044	-4.60751339514792	-2.67614361598047
GB_GCA_009650605.1	-49.7628567172183	0.568072739024036	-17.4239313435109
GB_GCA_015484595.1	-30.4097359554173	74.6584275617803	26.7710733528465
GB_GCA_015488875.1	-30.402630039161	74.6704443318743	26.7859937497596
GB_GCA_015488685.1	-30.402630039161	74.6704443318743	26.7859937497596
GB_GCA_015488535.1	-30.4137372413692	74.6537421909012	26.7683483325536
GB_GCA_015487615.1	-30.4137372413692	74.6537421909012	26.7683483325536
GB_GCA_015487465.1	-30.4137372413692	74.6537421909012	26.7683483325536
GB_GCA_015487835.1	-30.4137372413692	74.6537421909012	26.7683483325536
GB_GCA_015488075.1	-30.4137372413692	74.6537421909013	26.7683483325536
GB_GCA_015487265.1	-30.4137372413692	74.6537421909013	26.7683483325536
GB_GCA_015487985.1	-30.4137372413692	74.6537421909013	26.7683483325536
GB_GCA_015487335.1	-30.4137372413692	74.6537421909013	26.7683483325537
GB_GCA_015487165.1	-30.4137372413692	74.6537421909013	26.7683483325537
GB_GCA_015487815.1	-30.4137372413692	74.6537421909013	26.7683483325537
GB_GCA_015487785.1	-30.4137372413692	74.6537421909013	26.7683483325537
GB_GCA_015487065.1	-30.4100810303188	74.6576206425324	26.7698480499067
GB_GCA_015486995.1	-30.4100810303188	74.6576206425324	26.7698480499067
GB_GCA_015486375.1	-30.4103720827415	74.6576056851692	26.7703895882442
GB_GCA_015484905.1	-30.413736555411	74.6537398846323	26.7683420805389
GB_GCA_015485235.1	-30.413736555411	74.6537398846323	26.7683420805389
GB_GCA_015485375.1	-30.413736555411	74.6537398846323	26.7683420805389
GB_GCA_015485015.1	-30.413736555411	74.6537398846323	26.7683420805389
GB_GCA_015484845.1	-30.4102808923571	74.6576526584927	26.7703154101422
GB_GCA_015491895.1	-30.4102808923571	74.6576526584927	26.7703154101422
GB_GCA_015491615.1	-30.4102808923571	74.6576526584927	26.7703154101422
GB_GCA_015490215.1	-30.410061758271	74.6576498006509	26.7698767572087
GB_GCA_015490155.1	-30.410061758271	74.6576498006509	26.7698767572087
GB_GCA_015490105.1	-30.410061758271	74.6576498006509	26.7698767572087
GB_GCA_015490315.1	-30.410061758271	74.6576498006509	26.7698767572087
GB_GCA_015490055.1	-30.4102699481266	74.657877119998	26.7708264034075
GB_GCA_015494595.1	-30.4100797066006	74.6576204431617	26.7698450836696
GB_GCA_015494795.1	-30.4100797066006	74.6576204431617	26.7698450836696
GB_GCA_015494295.1	-30.4100387549808	74.6576490950773	26.7698316484325
GB_GCA_015494035.1	-30.4100387549808	74.6576490950773	26.7698316484325
GB_GCA_015492115.1	-30.4102073333103	74.6579239924649	26.77081100435
GB_GCA_015492195.1	-30.4102073333102	74.6579239924649	26.7708110043501
GB_GCA_015491955.1	-30.4026350364217	74.67044531989	26.7860065736725
GB_GCA_008933825.1	26.487529763976	-40.9162595136133	2.73520640946745
GB_GCA_008933675.1	26.487529763976	-40.9162595136133	2.73520640946745
GB_GCA_008933495.1	26.487529763976	-40.9162595136133	2.73520640946746
RS_GCF_010104355.1	27.1231591177009	-40.8732574620706	3.43913500295308
RS_GCF_009859475.1	28.1087923838492	-40.1333045780571	3.15868811521069
RS_GCF_008932115.1	34.6878060648055	-35.9432043110972	9.80304553944161
GB_GCA_012103455.1	-32.6378629401349	73.7276687620664	33.5385629456448
GB_GCA_012103395.1	-32.6378629401349	73.7276687620664	33.5385629456448
GB_GCA_012103375.1	-32.6378629401349	73.7276687620664	33.5385629456448
GB_GCA_014879745.1	45.1167491682489	23.6414425090756	-24.3952805674974
GB_GCA_014879655.1	45.1167491682489	23.6414425090757	-24.3952805674974
RS_GCF_009208075.1	-48.3558739617582	0.79927449517005	-18.8354930171987
RS_GCF_009223885.1	58.252565920245	42.5422346973698	38.9402622507651
RS_GCF_016864195.1	-47.0500992082266	-0.310555853156965	-19.4704250363444
RS_GCF_009696685.1	-35.9861419072153	-23.3647917231356	10.5584769362835
RS_GCF_009380135.2	20.5485440413351	-43.2221491995184	7.7063354194287
GB_GCA_014323925.1	-49.398275154839	23.4077617454187	-8.08744737540538
GB_GCA_014323795.1	-49.3014522173608	23.4822776602034	-8.1928751822005
RS_GCF_009380215.1	-55.6442820934068	-4.74975297558685	-2.9994015398004
RS_GCF_009380165.1	-55.6442820934067	-4.74975297558685	-2.99940153980042
GB_GCA_015519975.1	-30.413736555411	74.6537398846323	26.7683420805389
GB_GCA_009646425.1	46.9995579370721	34.3532976092355	-18.2785019147819
RS_GCF_009496005.1	-45.7321806033384	-13.2673149689687	-6.54596981393326
RS_GCF_009498455.1	-20.6315377009594	-18.3163930643622	-17.3074033022862
RS_GCF_014197795.1	-35.742196085433	-23.4530417883752	18.8577705255308
RS_GCF_014197915.1	-35.742196085433	-23.4530417883752	18.8577705255308
RS_GCF_014197855.1	29.7398864718529	-40.1142593057786	7.26679851724074
RS_GCF_009601025.1	30.118066056823	-39.9276034425388	10.3704329971724
RS_GCF_009649175.1	-43.4083589860773	8.32359870424547	-22.4480876324398
RS_GCF_009650135.1	-47.3322786260722	0.289859721348414	-19.5160780398026
GB_GCA_014304965.1	-29.6476094969176	40.4462628120754	67.8759074113325
GB_GCA_014872875.1	-14.0039859374748	-33.4123988795539	25.5511054707437
GB_GCA_014872815.1	-14.0039859374748	-33.4123988795539	25.5511054707437
RS_GCF_014884385.1	-14.0039859374748	-33.4123988795539	25.5511054707437
RS_GCF_012848475.1	48.376916221751	32.956605361114	-16.8288261224507
RS_GCF_017357825.1	-35.7758979791566	7.6902891221428	-26.1090072506509
RS_GCF_009720865.1	-47.3322786260722	0.289859721348415	-19.5160780398026
GB_GCA_009720755.1	-43.3818151059933	8.3646136574432	-22.4598301996734
GB_GCA_013139635.1	-31.3920777791216	75.0604355476895	33.4926813529226
RS_GCF_021735925.1	24.0881612404624	-42.1823623281138	3.64936883031676
GB_GCA_009996515.1	-55.7714907632912	-4.63695349815503	-2.70013620990606
RS_GCF_009789075.1	-42.4228976426309	28.33408326109	-13.8279372339052
GB_GCA_009733745.1	-48.3871841781294	-4.27552563630946	-15.9204454409528
RS_GCF_009789575.1	57.8405585037649	20.1951627411086	12.180451397755
RS_GCF_009749525.1	-45.7321806033384	-13.2673149689687	-6.54596981393325
RS_GCF_009753675.1	-48.4420649198098	-3.86408587333408	-16.2011459253228
RS_GCF_009742725.1	-47.3322786260722	0.289859721348416	-19.5160780398026
GB_GCA_011620265.1	24.2136615561124	-41.6830698912682	2.49752773815596
GB_GCA_011620315.1	24.2136615561124	-41.6830698912682	2.49752773815595
RS_GCF_013035425.1	-56.245930832108	-3.66776792083262	-2.82989450387492
RS_GCF_013033355.1	-56.245930832108	-3.66776792083261	-2.82989450387492
RS_GCF_013031405.1	-56.2420367038269	-3.66969912464658	-2.84488598937141
RS_GCF_013031245.1	-56.2420367038269	-3.66969912464658	-2.84488598937141
RS_GCF_013030985.1	-56.2420367038269	-3.66969912464658	-2.84488598937141
RS_GCF_009759665.1	56.3543813202935	26.0263991519617	2.98330852558566
GB_GCA_011523655.1	-48.6139865197753	44.0765188394773	22.8914543189316
GB_GCA_011522975.1	-48.6139865197753	44.0765188394773	22.8914543189316
GB_GCA_011525185.1	-48.6139865197753	44.0765188394773	22.8914543189316
GB_GCA_011523045.1	-48.6139865197753	44.0765188394773	22.8914543189316
GB_GCA_011391745.1	-39.1030863391148	-18.9067662131114	-2.88532458991039
GB_GCA_011391735.1	-39.1030863391148	-18.9067662131114	-2.88532458991039
GB_GCA_011391645.1	-39.1030863391148	-18.9067662131114	-2.88532458991039
GB_GCA_011391595.1	-39.1102760398182	-18.9051215121657	-2.87816523186579
GB_GCA_011391495.1	-39.122942074304	-18.898374525824	-2.87637286894984
GB_GCA_011391295.1	-39.1234880630092	-18.8978630493495	-2.87690940129981
GB_GCA_011391255.1	-39.122942074304	-18.898374525824	-2.87637286894984
GB_GCA_011391215.1	-39.122942074304	-18.898374525824	-2.87637286894983
GB_GCA_011391155.1	-39.122942074304	-18.898374525824	-2.87637286894983
GB_GCA_011390835.1	-39.122942074304	-18.898374525824	-2.87637286894983
GB_GCA_011390055.1	-39.2089715652887	-18.8627087460606	-2.83328941013313
GB_GCA_011389885.1	-39.2396030292561	-18.8439503722291	-2.83506077795508
GB_GCA_011389895.1	-39.2450632973798	-18.8388266600378	-2.84043838114426
GB_GCA_016617495.1	-56.1040534312089	-2.35886333818373	-4.9739471960187
RS_GCF_016806125.1	37.0424330792003	29.0757215686116	-30.9436218497776
RS_GCF_009800965.1	-56.2927466934945	-3.66914313886183	-2.54240960021505
RS_GCF_022530855.1	-56.6618874514338	-2.95552319974797	1.07642545487947
RS_GCF_009882975.1	-47.3322786260722	0.289859721348422	-19.5160780398026
GB_GCA_015482705.2	-56.156659628949	1.25795493878144	-6.78095306786133
RS_GCF_018882445.1	23.0632129505607	-43.1007505740981	7.34124402166606
RS_GCF_018882385.1	23.0418526331556	-43.0998427083	7.2521724426041
RS_GCF_018882405.1	22.9974888263069	-43.110840784114	7.34487298374906
RS_GCF_018882365.1	22.9673842061318	-43.1101458271877	7.24025356923514
RS_GCF_018882465.1	22.8852596018996	-43.1197622195177	7.21558401606473
RS_GCF_018882325.1	22.8697645011725	-43.1195280992643	7.18303958259006
RS_GCF_018882295.1	22.8852596018996	-43.1197622195177	7.21558401606473
RS_GCF_018882415.1	22.9566050413575	-43.1120602401755	7.24712408361038
RS_GCF_018882335.1	-1.78565775272126	-39.0387877851935	12.4757552056336
RS_GCF_018882095.1	11.0631335720362	-30.3766163135047	-12.6423444428377
RS_GCF_018687615.1	28.612097700792	-40.9089941922438	7.37065335553292
RS_GCF_009830125.1	-49.7628567172183	0.56807273902404	-17.4239313435109
RS_GCF_013179285.1	-56.245930832108	-3.66776792083261	-2.82989450387493
RS_GCF_013111185.1	-56.256220980358	-3.6301206921922	-2.84818703354418
GB_GCA_024227135.1	57.0501099475166	42.9439382052482	28.1134893465292
GB_GCA_024226455.1	57.0501099475166	42.9439382052482	28.1134893465292
GB_GCA_024244645.1	57.0501099475166	42.9439382052482	28.1134893465292
GB_GCA_024206335.1	57.0501099475166	42.9439382052482	28.1134893465292
GB_GCA_024231975.1	57.0501099475166	42.9439382052482	28.1134893465292
GB_GCA_024230095.1	57.0501099475166	42.9439382052482	28.1134893465293
GB_GCA_024227565.1	57.0501099475166	42.9439382052482	28.1134893465293
RS_GCF_012911025.1	-55.6727439544003	0.220511203721036	-7.90271181316208
RS_GCF_009857595.1	-45.7321806033384	-13.2673149689687	-6.54596981393325
RS_GCF_009857745.1	-53.9970569503749	-7.67941815881847	-0.678440010001552
RS_GCF_009826895.1	-53.9970569503749	-7.67941815881848	-0.678440010001546
GB_GCA_011772445.1	-30.7198724101515	-26.1183804339724	22.3073926886427
RS_GCF_009857885.1	-55.9244075223942	-4.45992165202327	-2.38514327514355
RS_GCF_024105635.1	6.58118374058875	75.9361951428758	35.5640650084295
RS_GCF_024105655.1	6.58118374058875	75.9361951428758	35.5640650084295
RS_GCF_010500815.1	6.58118374058875	75.9361951428758	35.5640650084295
GB_GCA_009908505.1	33.0432778716194	34.2559938527804	-32.7420210207992
GB_GCA_009908405.1	33.0432778716194	34.2559938527804	-32.7420210207992
RS_GCF_009835145.1	-1.28474353823119	-35.6217534002917	31.0059554388577
RS_GCF_009904055.1	-49.8766462101902	-12.5499221640625	3.31716866277795
GB_GCA_009937525.1	-46.3397644095063	-5.79362353515935	-16.306836470945
GB_GCA_009937505.1	-45.447364681859	-5.64066896223029	-17.0955609951718
GB_GCA_018223085.1	-51.9365383416495	-0.878339510750772	-14.2322015402067
GB_GCA_018222665.1	-51.9365383416495	-0.878339510750773	-14.2322015402067
RS_GCF_015100155.1	47.3193332265502	17.4927623505715	-20.8138430323691
RS_GCF_009908265.2	-55.6749109123159	0.413612933772183	-7.96929924871769
RS_GCF_009908165.1	-38.736025284527	-3.43861439500811	-22.0188601518155
RS_GCF_010667575.1	-46.9837183671414	-0.669685158141954	-19.3547355667603
RS_GCF_016617615.1	46.4265527204763	-15.2071245193434	4.80388320692288
GB_GCA_019509895.1	26.3525456370456	38.2482725650043	-34.8609587158994
RS_GCF_018129005.1	-45.7321806033384	-13.2673149689687	-6.54596981393324
RS_GCF_018263905.1	32.9642558840725	-37.6315694838932	8.9060057375855
RS_GCF_010500245.1	48.042153970698	32.1403502102168	-17.9485386210708
RS_GCF_010500215.1	48.042153970698	32.1403502102168	-17.9485386210708
GB_GCA_011087605.1	-32.6091236720924	73.7656586656871	33.4495761498019
RS_GCF_011006175.1	-48.1203029608586	-14.292751417379	5.28489973428801
GB_GCA_021732745.1	29.7614351767399	-38.3524941700714	2.11121903816487
GB_GCA_021732215.1	29.7614351767399	-38.3524941700714	2.11121903816488
GB_GCA_021732175.1	29.7614351767399	-38.3524941700714	2.11121903816487
GB_GCA_021732895.1	29.7614351767399	-38.3524941700714	2.11121903816488
GB_GCA_021730785.1	29.7614351767399	-38.3524941700714	2.11121903816488
GB_GCA_021731445.1	27.0725763920906	-40.3337599399512	2.20577310540294
GB_GCA_021731285.1	27.0725763920906	-40.3337599399512	2.20577310540294
GB_GCA_021731215.1	27.0725763920906	-40.3337599399512	2.20577310540294
GB_GCA_021730905.1	27.0725763920906	-40.3337599399512	2.20577310540293
RS_GCF_012932215.1	-47.3322786260722	0.289859721348431	-19.5160780398026
RS_GCF_010983895.1	-55.6639010066793	-2.33955924758357	-6.33329918763696
RS_GCF_011040495.1	-47.9178460385935	1.72725072474341	-19.3675126120894
RS_GCF_011059185.1	-51.8764209311827	-2.37624924336595	-13.444203310714
RS_GCF_011308835.1	-45.7321806033384	-13.2673149689687	-6.54596981393325
GB_GCA_013002595.1	-44.827173276773	51.2148140171528	39.8101846536959
GB_GCA_013002465.1	-44.827173276773	51.2148140171528	39.8101846536959
GB_GCA_013003245.1	-44.827173276773	51.2148140171528	39.8101846536959
GB_GCA_013002405.1	-44.827173276773	51.2148140171528	39.810184653696
GB_GCA_013002205.1	-44.8271732767729	51.2148140171528	39.810184653696
GB_GCA_013003075.1	-44.8271732767729	51.2148140171528	39.8101846536959
RS_GCF_011305995.1	-47.3322786260721	0.289859721348431	-19.5160780398026
RS_GCF_011305535.1	-47.3322786260721	0.289859721348431	-19.5160780398026
RS_GCF_015624425.1	24.0881612404623	-42.1823623281139	3.64936883031676
RS_GCF_014529705.1	59.4966437555854	28.2338604169368	40.3636474723459
RS_GCF_011174775.1	32.8954679500667	30.8641019907942	-33.3653952598075
GB_GCA_012274225.1	18.7224815254387	-5.21767621120653	-28.6706115024186
GB_GCA_012274165.1	18.7224815254387	-5.21767621120652	-28.6706115024186
GB_GCA_016839165.1	40.4301600108484	23.4875393206901	-28.5100895341541
RS_GCF_011388215.1	-33.2821574946783	-24.4676814698759	23.5575061226861
RS_GCF_011601345.1	-40.4633717824135	-17.8364991166833	-3.58668416964601
RS_GCF_011602485.1	46.4922831576733	14.189047261794	-20.7067311341475
RS_GCF_011516635.5	46.2370315792216	10.3881685960972	-19.2080684260393
RS_GCF_011516645.4	46.4922831576733	14.189047261794	-20.7067311341475
RS_GCF_018853815.1	30.4319176852497	-36.3377474595932	-0.0866179127180582
GB_GCA_012032555.1	0.800550535576719	-1.49390649454425	75.9938534491946
GB_GCA_021767845.1	-9.37467057383497	-35.6244012236565	22.4805514259637
RS_GCF_018449525.1	21.8638249146939	-43.1511097639569	6.6579980514612
RS_GCF_018449695.1	21.8638249146939	-43.1511097639569	6.6579980514612
RS_GCF_013184745.1	-55.9265263781871	-4.81277350849358	2.10052211938579
GB_GCA_019187085.1	43.9878967090364	23.7711757362432	-25.5587675753045
RS_GCF_011806565.1	49.6360823597859	26.5391771549132	-17.3393555796535
RS_GCF_011806525.1	49.6360823597859	26.5391771549132	-17.3393555796535
RS_GCF_011806455.1	49.6360823597859	26.5391771549132	-17.3393555796535
RS_GCF_013114835.1	-53.0200174893389	19.848802409208	44.0952766405043
RS_GCF_013114825.1	-53.2365973098066	18.8462584654904	43.5567476497482
GB_GCA_023910625.1	26.3718714873785	33.8342382438381	-35.8144136792318
RS_GCF_013184805.1	-55.9265263781871	-4.81277350849358	2.10052211938579
RS_GCF_021352225.1	-47.8509514138791	-0.249173152086086	-18.907684478339
RS_GCF_012395815.1	-46.0457374309266	0.175327405078784	-20.2415697755981
GB_GCA_013335535.1	43.972252662817	23.763651044919	-25.5734466228918
GB_GCA_013334975.1	43.972252662817	23.763651044919	-25.5734466228918
GB_GCA_013334925.1	43.9722526628171	23.763651044919	-25.5734466228919
GB_GCA_013373515.1	51.0159239439097	26.7069239530397	-14.3268274593977
GB_GCA_013373205.1	51.0159239439097	26.7069239530397	-14.3268274593977
GB_GCA_013373175.1	51.0159239439097	26.7069239530397	-14.3268274593977
GB_GCA_021404545.1	22.2618314940757	-42.3355078777147	13.7310011723935
GB_GCA_017792465.1	49.3228553380798	16.1898918218842	-17.2963665538321
GB_GCA_017792425.1	49.3228553380798	16.1898918218842	-17.2963665538321
GB_GCA_017792445.1	49.3228553380798	16.1898918218842	-17.2963665538321
GB_GCA_017792405.1	49.3228553380798	16.1898918218842	-17.2963665538321
GB_GCA_014239455.1	48.2038878600382	5.56924629511361	-13.172041460247
GB_GCA_014239575.1	48.2038878600382	5.56924629511362	-13.172041460247
GB_GCA_014239255.1	48.2038878600382	5.56924629511362	-13.172041460247
GB_GCA_013042895.1	-44.8210093247618	51.2284565085046	39.8097500242804
GB_GCA_013042835.1	-44.8210093247618	51.2284565085046	39.8097500242804
GB_GCA_013042605.1	-44.8210093247618	51.2284565085046	39.8097500242804
GB_GCA_013042105.1	-44.8164716824936	51.2367362535229	39.8128162196391
GB_GCA_013041975.1	-44.8164716824936	51.2367362535229	39.8128162196391
GB_GCA_013041995.1	-44.8164716824936	51.236736253523	39.8128162196392
GB_GCA_013140765.1	26.4635000133598	-40.7482662641033	2.3602835495107
RS_GCF_012844455.2	-46.809088573516	-0.465648631965109	-19.5608774256557
GB_GCA_020425125.1	-56.266088923221	-3.69294485172859	-2.67780801039914
GB_GCA_020447005.1	-56.266088923221	-3.69294485172859	-2.67780801039914
GB_GCA_020446745.1	-56.266088923221	-3.6929448517286	-2.67780801039914
GB_GCA_020446285.1	-56.266088923221	-3.69294485172859	-2.67780801039914
GB_GCA_020445565.1	-56.266088923221	-3.69294485172859	-2.67780801039914
GB_GCA_020445405.1	-56.266088923221	-3.69294485172859	-2.67780801039913
GB_GCA_020442275.1	-56.266088923221	-3.69294485172859	-2.67780801039913
GB_GCA_020441995.1	-56.2660889232211	-3.69294485172859	-2.67780801039913
GB_GCA_020441795.1	-56.2660889232211	-3.69294485172859	-2.67780801039913
GB_GCA_020441735.1	-56.266088923221	-3.69294485172859	-2.67780801039913
GB_GCA_020441545.1	-56.266088923221	-3.69294485172859	-2.67780801039913
GB_GCA_020441385.1	-56.266088923221	-3.69294485172859	-2.67780801039913
GB_GCA_020441205.1	-56.266088923221	-3.69294485172859	-2.67780801039913
GB_GCA_020441225.1	-56.266088923221	-3.69294485172859	-2.67780801039913
GB_GCA_020441125.1	-56.266088923221	-3.69294485172859	-2.67780801039913
GB_GCA_013362725.1	-3.91059999025198	47.9267263038581	-25.6923079207765
GB_GCA_018607995.1	24.6322807914737	-40.6463165126813	0.706157082460287
GB_GCA_018607965.1	24.6322807914737	-40.6463165126813	0.706157082460288
GB_GCA_018607835.1	24.6322807914737	-40.6463165126813	0.706157082460277
GB_GCA_018607725.1	24.6322807914737	-40.6463165126813	0.70615708246027
GB_GCA_018607685.1	24.6322807914737	-40.6463165126813	0.706157082460288
RS_GCF_012928505.1	0.0148287097731519	-8.84467139810156	71.2474057879977
GB_GCA_012927485.1	29.7762159917553	-25.4603096635496	-11.2200015077094
GB_GCA_012927445.1	29.7762159917553	-25.4603096635496	-11.2200015077094
GB_GCA_012927455.1	28.2821450633406	26.1820569231166	-35.4128332396143
RS_GCF_018853465.1	57.4623496318992	20.0973478630933	9.47689323443106
GB_GCA_019352115.1	31.4853256875366	-10.8975675381232	-20.2687835182594
GB_GCA_019351955.1	31.4853256875366	-10.8975675381232	-20.2687835182594
GB_GCA_013389055.1	19.8919730326587	18.7986413701936	-36.3435421831082
GB_GCA_013389025.1	19.8919730326587	18.7986413701936	-36.3435421831081
RS_GCF_013377535.1	-51.9714658138638	-8.78519875176182	18.6718903328423
GB_GCA_013215945.1	-3.60203663190025	47.0993465385181	-26.5018546133146
GB_GCA_013215505.1	-3.60203663190025	47.0993465385181	-26.5018546133146
GB_GCA_013214575.1	-3.60203663190025	47.0993465385181	-26.5018546133146
RS_GCF_013003965.1	25.2333316505412	-42.491501606325	6.37622612416755
RS_GCF_013003985.1	21.9346966578981	-42.0128321678007	2.4149812592298
GB_GCA_013044035.1	48.3311559750717	25.5921510659569	-19.8765827695098
RS_GCF_013004065.1	-42.7848468344875	13.516052203557	-21.6228769936828
GB_GCA_014377905.1	16.3598545125062	-17.3611450657812	-22.2777891938551
GB_GCA_014377915.1	16.3598545125062	-17.3611450657812	-22.2777891938551
GB_GCA_014377155.1	16.3598545125062	-17.3611450657812	-22.2777891938551
GB_GCA_014376915.1	16.3598545125062	-17.3611450657812	-22.2777891938551
GB_GCA_014376645.1	16.3598545125062	-17.3611450657812	-22.2777891938551
RS_GCF_013087525.1	-47.3322786260722	0.289859721348434	-19.5160780398026
RS_GCF_013116765.2	-53.0357519052778	-7.37005814324975	-5.20934403756905
RS_GCF_014692675.1	-16.1928677069461	-17.4008259424162	61.5861721771786
RS_GCF_013266755.1	-46.5723065243712	-0.580971845485925	-19.6573722876764
RS_GCF_014352935.1	23.8099932110901	-42.3156778346194	3.86725714241165
RS_GCF_013423485.1	-38.1480043710196	-18.2714838151511	-5.78353870159732
RS_GCF_013178945.1	-45.7321806033384	-13.2673149689687	-6.54596981393324
RS_GCF_013093415.1	-36.2995506741025	-19.8550239608396	-4.47938574999548
RS_GCF_014207855.1	43.7427170833632	37.7891295447986	-20.6270359433022
RS_GCF_014203115.1	29.7398864718528	-40.1142593057787	7.26679851724067
GB_GCA_014138645.1	29.6896596441067	-37.6801109381887	0.905670068031626
GB_GCA_013349825.1	24.2329331196186	29.4854388270657	-36.6813090563403
GB_GCA_018648825.1	24.4147157267083	29.7001481051771	-36.6466628303038
GB_GCA_018647275.1	24.4147157267083	29.7001481051771	-36.6466628303038
GB_GCA_018645845.1	24.4147157267083	29.7001481051771	-36.6466628303038
GB_GCA_018671895.1	24.4147157267083	29.7001481051771	-36.6466628303038
GB_GCA_018672825.1	24.4147157267083	29.7001481051771	-36.6466628303038
GB_GCA_018656865.1	24.4147157267083	29.7001481051771	-36.6466628303038
GB_GCA_018650465.1	24.4147157267083	29.7001481051771	-36.6466628303038
GB_GCA_018649725.1	24.4147157267083	29.7001481051771	-36.6466628303038
GB_GCA_018654745.1	24.4147157267083	29.7001481051771	-36.6466628303038
GB_GCA_018698075.1	24.4147157267083	29.7001481051771	-36.6466628303038
GB_GCA_018698455.1	24.4147157267083	29.7001481051771	-36.6466628303038
GB_GCA_018698795.1	24.4147157267083	29.7001481051771	-36.6466628303038
GB_GCA_018667205.1	24.4147157267083	29.7001481051771	-36.6466628303038
GB_GCA_018665815.1	24.4147157267083	29.7001481051771	-36.6466628303038
GB_GCA_018665025.1	24.4147157267083	29.7001481051771	-36.6466628303038
GB_GCA_018662405.1	24.4147157267083	29.7001481051771	-36.6466628303038
GB_GCA_018662005.1	24.4147157267083	29.7001481051771	-36.6466628303038
GB_GCA_018660465.1	24.4147157267083	29.7001481051771	-36.6466628303038
RS_GCF_013372265.1	27.4727170566079	-40.70289648391	3.52510078582186
RS_GCF_013359755.1	27.9183466943598	-40.357003143772	3.37932570840177
RS_GCF_013343005.1	30.1411812891948	41.1963112263298	-31.2996265604875
GB_GCA_013204265.1	16.8664781534263	-9.26077144772727	-26.9674075662872
GB_GCA_013204195.1	16.8664781534263	-9.26077144772727	-26.9674075662872
GB_GCA_013204125.1	16.8664781534263	-9.26077144772727	-26.9674075662872
GB_GCA_013204045.1	16.8664781534263	-9.26077144772727	-26.9674075662872
GB_GCA_013203955.1	16.8664781534263	-9.26077144772727	-26.9674075662872
GB_GCA_013284265.1	48.7419884811837	15.3613704096068	-17.9791827167669
RS_GCF_013266695.1	-47.9483081322646	-0.194872220918976	-18.851477132303
GB_GCA_015231605.1	-38.1053010110408	-19.7682018865606	-2.0405553341466
GB_GCA_015232335.1	-40.0676391969292	-18.1177039920192	-3.47375645127527
GB_GCA_015231795.1	-36.7684201636217	-8.01423801719348	-19.8916739040255
GB_GCA_015231865.1	-43.7342154760471	54.721894102786	36.4575322878054
GB_GCA_015232955.1	-44.84369294932	50.6689217697981	40.7414587036544
GB_GCA_015231265.1	-43.6938183354847	54.7741065232371	36.5637902676487
GB_GCA_015233785.1	-44.8313487627126	50.930286593923	40.3269468825525
GB_GCA_015232865.1	-44.84369294932	50.6689217697981	40.7414587036545
GB_GCA_015075545.1	-56.2822951430303	-3.68872210152613	-2.57616306148507
GB_GCA_015075645.1	-56.2822951430303	-3.68872210152613	-2.57616306148507
GB_GCA_015075165.1	-56.2822951430303	-3.68872210152613	-2.57616306148506
GB_GCA_020525365.1	-24.2162203791521	-24.9344899227115	41.0964770568518
RS_GCF_015265475.1	5.90822921531873	-41.0984688273493	10.4800870603956
RS_GCF_015265455.1	17.3279575326927	-40.1719295166548	-1.27276532192865
GB_GCA_015657635.1	47.0246113587143	21.3864335027354	-22.0368703443325
GB_GCA_013697775.1	-17.833079866133	57.7531906720569	62.9215254160376
GB_GCA_013696665.1	-17.833079866133	57.7531906720569	62.9215254160376
GB_GCA_013817365.1	-17.8752487509074	57.6087721681314	63.007518970452
GB_GCA_013817345.1	-17.8760745090573	57.6154575052403	63.0028101049251
GB_GCA_013817205.1	-17.8760745090573	57.6154575052403	63.0028101049251
GB_GCA_013815685.1	-18.4001938780748	57.8592673463882	62.6776593088107
RS_GCF_013314895.1	10.9520147682496	-41.5226724025202	5.04097502010777
GB_GCA_013363835.1	-54.6047142165574	-1.76714028467762	24.167771345381
RS_GCF_013346665.1	-47.1269830584381	-3.63241552584864	-17.4825952034388
RS_GCF_013334205.1	22.3927699612268	-42.2249508580959	3.04931158743575
RS_GCF_013358405.1	-46.7095706741906	-0.782845215718952	-19.4797420440496
GB_GCA_014762755.1	56.3427347192951	13.9979636815538	36.6676134962756
GB_GCA_014762635.1	56.3427347192951	13.9979636815538	36.6676134962756
GB_GCA_014762505.1	56.3427347192951	13.9979636815538	36.6676134962756
RS_GCF_021401345.1	27.7882734515029	-40.3332869319467	3.12273084247776
RS_GCF_021401125.1	27.7882734515029	-40.3332869319467	3.12273084247777
RS_GCF_021401135.1	27.7882734515029	-40.3332869319467	3.12273084247777
GB_GCA_013911595.1	32.2890530873165	-37.8670744653855	13.5367657028298
RS_GCF_021730435.1	26.8710822271681	-41.9401062623514	7.30207471926205
GB_GCA_013693755.1	-54.6047142165574	-1.76714028467762	24.167771345381
RS_GCF_013373795.3	46.4922831576733	14.1890472617941	-20.7067311341475
GB_GCA_013377085.1	38.8188024975956	20.3543171418675	-29.2312947296446
GB_GCA_013377015.1	38.8188024975956	20.3543171418675	-29.2312947296446
GB_GCA_013426785.1	24.2498489229749	-42.0269623102516	3.34370389794936
RS_GCF_019455385.1	53.6636023478811	25.9830649417513	56.5667410824737
GB_GCA_016179165.1	27.9267945182611	39.0282509560829	-33.9192293298755
GB_GCA_016179925.1	27.9267945182611	39.0282509560829	-33.9192293298755
GB_GCA_016183675.1	27.9267945182611	39.0282509560829	-33.9192293298755
GB_GCA_016188005.1	27.9267945182611	39.0282509560829	-33.9192293298755
GB_GCA_016185205.1	26.7844787563161	38.4443654184479	-34.676075254737
GB_GCA_016185115.1	26.7844787563161	38.4443654184479	-34.676075254737
GB_GCA_016185015.1	26.7844787563161	38.4443654184479	-34.676075254737
GB_GCA_016191525.1	26.7844787563161	38.4443654184479	-34.676075254737
GB_GCA_016191285.1	26.7844787563161	38.4443654184479	-34.676075254737
GB_GCA_016191205.1	26.7844787563161	38.4443654184479	-34.676075254737
GB_GCA_016192835.1	27.9267945182611	39.0282509560829	-33.9192293298755
GB_GCA_016192825.1	27.9267945182611	39.0282509560829	-33.9192293298755
GB_GCA_016192435.1	27.9267945182611	39.0282509560829	-33.9192293298755
GB_GCA_016192065.1	27.9267945182611	39.0282509560829	-33.9192293298755
GB_GCA_016191995.1	27.9267945182611	39.0282509560829	-33.9192293298755
GB_GCA_016195965.1	26.7734459327119	38.4533530952614	-34.6752043324797
GB_GCA_016195915.1	26.7734459327119	38.4533530952614	-34.6752043324797
GB_GCA_016195805.1	26.7734459327119	38.4533530952614	-34.6752043324797
GB_GCA_016195095.1	26.7734459327119	38.4533530952614	-34.6752043324797
GB_GCA_016195145.1	26.7734459327119	38.4533530952614	-34.6752043324797
GB_GCA_016194935.1	26.7734459327119	38.4533530952614	-34.6752043324797
GB_GCA_016194905.1	26.7734459327119	38.4533530952614	-34.6752043324797
GB_GCA_016194665.1	26.7734459327119	38.4533530952614	-34.6752043324797
GB_GCA_016201645.1	26.7734459327119	38.4533530952614	-34.6752043324797
GB_GCA_016201045.1	26.7734459327119	38.4533530952614	-34.6752043324797
GB_GCA_016201015.1	26.7734459327119	38.4533530952614	-34.6752043324797
GB_GCA_016200845.1	26.7734459327119	38.4533530952614	-34.6752043324797
GB_GCA_016200895.1	26.7734459327119	38.4533530952614	-34.6752043324797
GB_GCA_016200465.1	26.7734459327119	38.4533530952614	-34.6752043324797
GB_GCA_016200085.1	26.7734459327119	38.4533530952614	-34.6752043324797
GB_GCA_016199545.1	27.9267945182611	39.0282509560829	-33.9192293298754
GB_GCA_016202565.1	27.9267945182611	39.0282509560829	-33.9192293298754
GB_GCA_016210745.1	27.9267945182611	39.0282509560829	-33.9192293298754
GB_GCA_016209635.1	27.9267945182611	39.0282509560829	-33.9192293298754
GB_GCA_016208975.1	26.8018138748318	38.4303001107853	-34.6769840063462
GB_GCA_016208425.1	26.8018138748318	38.4303001107852	-34.6769840063462
GB_GCA_016208415.1	26.8018138748318	38.4303001107852	-34.6769840063462
GB_GCA_016208015.1	26.8018138748318	38.4303001107852	-34.6769840063462
GB_GCA_016213335.1	26.8184952831197	38.4182431407387	-34.6769245532969
GB_GCA_016234705.1	26.8184952831197	38.4182431407387	-34.6769245532969
GB_GCA_016234655.1	26.8184952831197	38.4182431407387	-34.6769245532969
GB_GCA_016213215.1	26.8184952831197	38.4182431407387	-34.6769245532969
GB_GCA_016213205.1	26.8184952831197	38.4182431407386	-34.6769245532969
GB_GCA_016235775.1	26.8184952831197	38.4182431407387	-34.6769245532969
GB_GCA_016215645.1	26.8184952831197	38.4182431407386	-34.6769245532969
GB_GCA_016235805.1	26.8184952831197	38.4182431407386	-34.6769245532969
GB_GCA_016235745.1	26.8184952831197	38.4182431407387	-34.6769245532969
GB_GCA_016215605.1	26.8184952831197	38.4182431407387	-34.6769245532969
GB_GCA_016215555.1	26.8184952831197	38.4182431407387	-34.6769245532969
GB_GCA_016235165.1	26.8184952831196	38.4182431407386	-34.6769245532969
GB_GCA_016235045.1	26.8184952831197	38.4182431407386	-34.6769245532969
GB_GCA_016219575.1	26.8184952831197	38.4182431407386	-34.6769245532969
GB_GCA_016214925.1	26.8184952831197	38.4182431407386	-34.6769245532969
GB_GCA_016214695.1	26.8184952831196	38.4182431407386	-34.6769245532969
GB_GCA_016214145.1	26.8184952831196	38.4182431407386	-34.6769245532969
GB_GCA_016214175.1	26.8184952831197	38.4182431407386	-34.6769245532969
GB_GCA_016214125.1	26.8184952831197	38.4182431407386	-34.6769245532969
GB_GCA_016223165.1	26.8184952831197	38.4182431407386	-34.6769245532969
GB_GCA_013416485.1	14.3056795349923	-42.6836197068294	9.07905987789436
RS_GCF_017795745.1	44.3283517849476	31.9003809336002	-23.5248006803891
RS_GCF_017798205.1	51.0211813093876	25.5566008970619	-14.5744407561656
RS_GCF_013426975.1	-20.6315377009595	-18.3163930643623	-17.3074033022862
RS_GCF_016031625.1	-54.5245190391927	26.6476144362742	26.8044259500501
RS_GCF_016031655.1	-54.5245190391927	26.6476144362742	26.8044259500501
RS_GCF_013423955.1	-44.6107960894504	-7.77913338269804	-15.7072153438222
RS_GCF_016623495.1	-53.997056950375	-7.6794181588185	-0.67844001000149
RS_GCF_016031635.1	-51.6726485012423	23.0697664743197	47.7370869068606
RS_GCF_013868415.1	-45.7321806033385	-13.2673149689687	-6.54596981393323
RS_GCF_014042365.1	-45.7321806033385	-13.2673149689687	-6.54596981393323
RS_GCF_014042345.1	-45.7321806033384	-13.2673149689687	-6.54596981393323
RS_GCF_014042355.1	-45.7321806033384	-13.2673149689687	-6.54596981393323
GB_GCA_014359905.1	-46.4616091715151	-6.05037828170923	-15.9721874315495
GB_GCA_014359765.1	-46.4616091715151	-6.05037828170923	-15.9721874315495
GB_GCA_014764025.1	15.822678838132	-42.068061884201	16.1077519379176
GB_GCA_014764075.1	15.822678838132	-42.068061884201	16.1077519379176
GB_GCA_014763785.1	15.822678838132	-42.068061884201	16.1077519379176
GB_GCA_014763725.1	15.822678838132	-42.068061884201	16.1077519379176
RS_GCF_014145335.1	-47.5226796470924	0.105246661556945	-19.3086840715111
RS_GCF_014126615.1	-45.7321806033384	-13.2673149689687	-6.54596981393323
GB_GCA_020638195.1	-56.2717051654938	-3.69186428622453	-2.64685800817371
GB_GCA_020637855.1	-56.2717051654938	-3.69186428622453	-2.64685800817372
GB_GCA_020637795.1	-56.2717051654938	-3.69186428622453	-2.64685800817371
GB_GCA_020637805.1	-56.2717051654938	-3.69186428622453	-2.64685800817371
GB_GCA_020637775.1	-56.2717051654938	-3.69186428622453	-2.64685800817371
GB_GCA_020637755.1	-56.2717051654938	-3.69186428622453	-2.64685800817371
GB_GCA_020637595.1	-56.2717051654938	-3.69186428622453	-2.64685800817371
GB_GCA_020637555.1	-56.2717051654938	-3.69186428622453	-2.64685800817371
GB_GCA_020637515.1	-56.2717051654938	-3.69186428622453	-2.64685800817371
GB_GCA_024236495.1	-56.2717051654938	-3.69186428622453	-2.64685800817371
GB_GCA_024236415.1	-56.2717051654938	-3.69186428622453	-2.64685800817371
GB_GCA_024236235.1	-56.2717051654938	-3.69186428622453	-2.64685800817371
GB_GCA_024235995.1	-56.2717051654938	-3.69186428622453	-2.6468580081737
GB_GCA_024235955.1	-56.2717051654938	-3.69186428622453	-2.6468580081737
GB_GCA_024236015.1	-56.2717051654938	-3.69186428622453	-2.6468580081737
GB_GCA_024235935.1	-56.2717051654938	-3.69186428622453	-2.64685800817369
GB_GCA_024235895.1	-56.2717051654938	-3.69186428622453	-2.64685800817369
GB_GCA_024235855.1	-56.2717051654938	-3.69186428622453	-2.64685800817369
GB_GCA_024235835.1	-56.2717051654938	-3.69186428622453	-2.64685800817369
GB_GCA_024235595.1	-56.2717051654938	-3.69186428622453	-2.64685800817369
GB_GCA_024235255.1	-56.2717051654938	-3.69186428622453	-2.64685800817368
GB_GCA_024235175.1	-56.2717051654938	-3.69186428622453	-2.64685800817368
GB_GCA_024235015.1	-56.2717051654938	-3.69186428622454	-2.64685800817368
GB_GCA_024234075.1	-56.2717051654938	-3.69186428622454	-2.64685800817368
GB_GCA_024234055.1	-56.2717051654938	-3.69186428622454	-2.64685800817369
GB_GCA_018261935.1	47.1639505209908	21.245212962579	-21.8280493347227
GB_GCA_018262195.1	47.1639505209908	21.245212962579	-21.8280493347227
RS_GCF_014284335.1	-53.1441738922416	-7.15932821276174	-5.39479442161743
RS_GCF_014284125.1	-55.6442820934068	-4.74975297558685	-2.99940153980036
GB_GCA_014382375.1	9.94972865627307	-41.9600396454149	12.1219312778137
GB_GCA_014382345.1	9.94972865627307	-41.9600396454149	12.1219312778137
RS_GCF_014302995.1	-3.78029285302385	39.0206057070786	75.0050782610032
RS_GCF_014252955.1	48.5458879753009	-2.99158135461656	36.4000809903887
RS_GCF_014925385.1	-52.6124962649981	-1.75970160769264	-12.7821197127871
RS_GCF_020889685.1	2.96596224823615	-4.98206799192934	73.4832339536194
RS_GCF_020889705.1	2.96596224823615	-4.98206799192933	73.4832339536194
GB_GCA_014874185.1	35.7857545743167	-34.479747636287	12.2966759004345
RS_GCF_020622345.1	-47.1269830584382	-3.63241552584864	-17.4825952034388
RS_GCF_014901205.1	-49.7628567172185	0.56807273902403	-17.4239313435109
RS_GCF_014297465.1	-47.9455693685729	1.70357760644913	-19.3428064900036
RS_GCF_014297445.1	-47.9455693685729	1.70357760644913	-19.3428064900036
GB_GCA_014859695.1	5.92544301386128	-41.0315507640994	9.27016919402682
GB_GCA_014859655.1	5.92544301386128	-41.0315507640994	9.27016919402682
GB_GCA_014859355.1	5.92544301386128	-41.0315507640994	9.27016919402682
RS_GCF_017776525.1	-39.750384523805	-20.3772567438242	21.8595654274401
RS_GCF_014489115.1	-47.3322786260722	0.289859721348483	-19.5160780398025
RS_GCF_014489535.1	-47.3322786260722	0.289859721348484	-19.5160780398025
RS_GCF_014395975.1	-45.7321806033385	-13.2673149689687	-6.54596981393321
RS_GCF_014489595.1	-47.3322786260721	0.289859721348483	-19.5160780398025
RS_GCF_014763045.1	-47.4348097622198	-0.723037151561049	-19.010004875973
GB_GCA_016741995.1	57.5803477291246	20.4843662666488	41.2100893682733
RS_GCF_014495845.1	-46.2078366825009	-0.779580474569532	-19.7818205546393
GB_GCA_018435665.1	27.0047580490591	39.0064714564331	-34.3033768427055
RS_GCF_014705705.1	-48.0396612523494	1.63555571378069	-19.2591479476635
RS_GCF_018688495.1	23.6659825828266	-43.0000052112369	7.62328246791792
RS_GCF_018687815.1	21.8917290998521	-43.1544498528336	6.69781931891856
RS_GCF_018687695.1	11.7315637731346	-36.158626427396	-6.40577470723816
RS_GCF_018687555.1	22.8589771856277	-43.13194194644	7.4060415819169
RS_GCF_018687515.1	26.0785482820983	-41.8487299785569	11.7821311249807
RS_GCF_018687475.1	2.04547299601536	-24.6912834184562	52.8089380541132
RS_GCF_018687275.1	-43.9930562636631	54.704774733952	33.9543921877448
RS_GCF_018687195.1	0.792894511451598	-25.359799780713	51.872808674259
RS_GCF_018687095.1	2.2269605552016	-24.6940136249487	52.783488812093
RS_GCF_018687075.1	1.96235124167239	-25.3608456629609	51.7838491616819
RS_GCF_018882285.1	-1.78565775272123	-39.0387877851936	12.4757552056335
RS_GCF_018882215.1	13.6009359797362	-32.3504822487966	-10.8066417520221
RS_GCF_018881815.1	-51.9196430549913	-2.61305225856711	-13.2199396993988
RS_GCF_018881775.1	-56.032532157002	-2.89726542568	11.58272849565
GB_GCA_017881085.1	-8.20694619883615	0.854006593088099	-31.5922867340258
GB_GCA_017880985.1	-8.20694619883616	0.854006593088097	-31.5922867340258
GB_GCA_017880945.1	-8.20694619883615	0.854006593088096	-31.5922867340258
GB_GCA_017880775.1	-8.20694619883615	0.854006593088096	-31.5922867340258
GB_GCA_017880705.1	-8.20694619883615	0.854006593088102	-31.5922867340258
GB_GCA_019634245.1	32.0915007361493	-38.0066704738231	13.6113097763515
GB_GCA_019634215.1	32.0915007361493	-38.006670473823	13.6113097763515
GB_GCA_019634165.1	32.0915007361493	-38.006670473823	13.6113097763515
GB_GCA_019633985.1	32.0915007361493	-38.006670473823	13.6113097763515
GB_GCA_020252485.1	47.1203689918703	12.8140327278248	-19.2828028251785
GB_GCA_020249045.1	47.1203689918703	12.8140327278248	-19.2828028251785
GB_GCA_020248915.1	47.1203689918703	12.8140327278248	-19.2828028251785
GB_GCA_020248945.1	47.1203689918703	12.8140327278248	-19.2828028251785
GB_GCA_020248905.1	47.1203689918703	12.8140327278248	-19.2828028251785
GB_GCA_020248865.1	47.1203689918703	12.8140327278248	-19.2828028251785
GB_GCA_020248785.1	47.1203689918703	12.8140327278248	-19.2828028251785
GB_GCA_020248665.1	47.1203689918703	12.8140327278248	-19.2828028251785
GB_GCA_020247545.1	47.1203689918703	12.8140327278248	-19.2828028251785
GB_GCA_016745035.1	23.9104693208158	-36.4781547998104	-4.86540165466461
GB_GCA_016744895.1	23.9104693208158	-36.4781547998104	-4.86540165466461
GB_GCA_016744795.1	23.9104693208158	-36.4781547998104	-4.86540165466461
GB_GCA_016744575.1	23.9104693208158	-36.4781547998104	-4.86540165466461
GB_GCA_016744485.1	23.9104693208158	-36.4781547998104	-4.8654016546646
GB_GCA_016744435.1	23.9104693208158	-36.4781547998104	-4.8654016546646
GB_GCA_016744315.1	23.9104693208158	-36.4781547998104	-4.86540165466461
GB_GCA_016744175.1	23.9104693208158	-36.4781547998104	-4.86540165466461
GB_GCA_016744155.1	23.9104693208158	-36.4781547998104	-4.86540165466461
GB_GCA_016744115.1	23.9104693208158	-36.4781547998104	-4.86540165466461
GB_GCA_016744015.1	23.9104693208158	-36.4781547998104	-4.8654016546646
RS_GCF_015624505.1	-43.4670545501877	55.012146746397	37.2787039731089
RS_GCF_015624485.1	-44.3547057774438	53.5675650144445	35.9917517077364
GB_GCA_016278325.1	40.4178463581436	21.3025758294882	-28.2730389674296
GB_GCA_016278285.1	40.4178463581436	21.3025758294882	-28.2730389674296
GB_GCA_018263115.1	-44.6056297172466	-7.83200668824638	-15.6557997065656
GB_GCA_018262875.1	-44.6068435782993	-7.82672425003982	-15.6604515504786
GB_GCA_018262775.1	-44.6080485807103	-7.82143969784321	-15.6650969178293
RS_GCF_022096995.1	35.8746068311653	-34.1683971735863	7.62666280596768
RS_GCF_017811175.1	-49.7628567172186	0.568072739024023	-17.4239313435109
GB_GCA_014860445.1	16.3875291792121	-36.1945814890607	-6.76433548808377
GB_GCA_014860395.1	16.3875291792121	-36.1945814890607	-6.76433548808377
GB_GCA_014860355.1	16.3875291792122	-36.1945814890607	-6.76433548808378
GB_GCA_014859905.1	16.3875291792122	-36.1945814890607	-6.76433548808378
GB_GCA_017644185.1	-56.774859728114	2.07687559602274	-4.56117113339756
GB_GCA_017644105.1	-54.8167348831745	8.95392227107967	-8.49736441999004
GB_GCA_017643925.1	-56.869767874312	1.35662687181012	-4.0023489030396
GB_GCA_017643905.1	-56.869767874312	1.35662687181012	-4.00234890303959
GB_GCA_017643845.1	-55.6103367771448	6.47940152247779	-7.6044154328735
GB_GCA_017643215.1	-55.9154074437366	2.38878681153919	-7.61874145614708
GB_GCA_017640745.1	-55.6103367771448	6.47940152247779	-7.6044154328735
GB_GCA_017640685.1	-55.6103367771448	6.47940152247779	-7.60441543287351
GB_GCA_017640505.1	-56.2718006661938	6.65789775602185	-5.36658448544725
GB_GCA_022567775.1	-51.2612079105643	22.5959451287289	-5.05979705567257
GB_GCA_022564115.1	-50.9544892215728	22.5486167056002	-5.81068708459574
GB_GCA_022563505.1	-51.0113434719875	22.6757456924615	-5.54950427636992
GB_GCA_022572685.1	-51.0053413232238	22.682591628739	-5.55574011516109
RS_GCF_015220045.1	-48.170893860153	-0.125160320541565	-18.6927300000046
GB_GCA_015999985.1	18.9087654173069	-43.1660198096798	8.28667082284493
GB_GCA_019689975.1	19.9072618455718	24.1169695986859	-37.0574674169443
GB_GCA_019689635.1	19.9072618455718	24.1169695986859	-37.0574674169443
RS_GCF_014904705.1	-52.6124962649981	-1.75970160769264	-12.7821197127871
RS_GCF_014904735.1	-52.6124962649981	-1.75970160769264	-12.7821197127871
RS_GCF_014904745.1	-52.6124962649981	-1.75970160769265	-12.7821197127871
RS_GCF_014842915.1	-55.6442820934068	-4.74975297558684	-2.99940153980033
RS_GCF_014842925.1	-43.3818151059933	8.36461365744323	-22.4598301996734
RS_GCF_014904795.1	-52.6124962649981	-1.75970160769265	-12.7821197127871
GB_GCA_015222725.1	-56.4289633355403	-0.036085655085036	-5.43738314063759
GB_GCA_015222805.1	-56.4289633355403	-0.0360856550850381	-5.43738314063759
GB_GCA_016806145.1	43.7183962107181	25.8678892770082	-25.7173550686089
GB_GCA_016705575.1	22.9027335204727	-39.6718084494795	-1.53444445678996
GB_GCA_016705475.1	22.9027335204727	-39.6718084494795	-1.53444445678995
GB_GCA_016705065.1	22.9027335204727	-39.6718084494795	-1.53444445678995
GB_GCA_016704535.1	22.9904263516248	-39.6343941745927	-1.55489351303097
GB_GCA_016704145.1	22.9904263516248	-39.6343941745927	-1.55489351303098
GB_GCA_016703945.1	22.9904263516248	-39.6343941745927	-1.55489351303098
GB_GCA_016703785.1	22.9904263516248	-39.6343941745927	-1.55489351303098
GB_GCA_016703645.1	22.0677051387164	-40.8287848971005	-0.00797914579419311
GB_GCA_016703665.1	22.0677051387164	-40.8287848971005	-0.00797914579419639
GB_GCA_016703325.1	22.0677051387164	-40.8287848971005	-0.00797914579419656
GB_GCA_016703145.1	22.0677051387164	-40.8287848971005	-0.00797914579419737
GB_GCA_016702655.1	22.0677051387164	-40.8287848971005	-0.00797914579419304
GB_GCA_016702605.1	22.0677051387164	-40.8287848971005	-0.00797914579419069
GB_GCA_016702555.1	22.0677051387164	-40.8287848971005	-0.00797914579419572
GB_GCA_016708825.1	22.2686601577999	-40.7597682623546	-0.0766951897513548
GB_GCA_016708585.1	22.2686601577999	-40.7597682623546	-0.0766951897513598
GB_GCA_016707445.1	23.0606039689722	-40.1807827681367	-0.754020470116037
GB_GCA_016706565.1	23.2070635704762	-40.6372953040687	0.011993703185719
GB_GCA_016710065.1	24.1887795615345	-40.1775066916331	-0.268116215163723
GB_GCA_016709965.1	24.1887795615345	-40.1775066916331	-0.268116215163727
GB_GCA_016709675.1	24.1887795615345	-40.1775066916331	-0.268116215163723
GB_GCA_016709665.1	24.1887795615345	-40.1775066916331	-0.268116215163717
GB_GCA_016709495.1	24.1887795615345	-40.1775066916331	-0.268116215163721
GB_GCA_016709385.1	24.1887795615345	-40.1775066916331	-0.268116215163724
GB_GCA_016713305.1	23.5220933187784	-40.430694311157	-0.195239330671202
GB_GCA_016713135.1	23.5220933187784	-40.430694311157	-0.195239330671213
GB_GCA_016713125.1	23.5220933187784	-40.430694311157	-0.195239330671204
GB_GCA_016713005.1	23.5220933187784	-40.430694311157	-0.195239330671215
GB_GCA_016712985.1	23.5220933187784	-40.430694311157	-0.195239330671203
GB_GCA_016699855.1	23.5220933187784	-40.430694311157	-0.195239330671208
GB_GCA_016711335.1	23.7178552226643	-40.5381295217652	0.0627274138126657
GB_GCA_016711085.1	22.7571828074067	-39.3420034490471	-2.02401790477042
GB_GCA_016716965.1	22.7571828074067	-39.3420034490472	-2.02401790477042
GB_GCA_016716745.1	22.8165152149444	-39.4336684605297	-1.88368016957912
GB_GCA_016710525.1	22.8165152149444	-39.4336684605297	-1.88368016957911
GB_GCA_016710465.1	22.8165152149444	-39.4336684605297	-1.88368016957911
GB_GCA_016716535.1	22.7696810691048	-40.6157074386216	-0.173815243940678
GB_GCA_016716425.1	22.7696810691048	-40.6157074386216	-0.173815243940683
GB_GCA_016716275.1	22.7696810691048	-40.6157074386216	-0.173815243940687
GB_GCA_016719535.1	21.9577524627862	-40.8031274891044	-0.0760121235080884
GB_GCA_016714975.1	23.1748818705487	-40.6286020300272	-0.0144816130996775
GB_GCA_016714645.1	23.1748818705487	-40.6286020300272	-0.0144816130996727
GB_GCA_016718605.1	23.1748818705487	-40.6286020300272	-0.0144816130996699
GB_GCA_016718525.1	23.2262834850525	-40.6178668985605	-0.0128628096660147
GB_GCA_016718405.1	23.2262834850525	-40.6178668985605	-0.0128628096660134
GB_GCA_016718155.1	23.0748076899462	-40.015799453577	-0.990860261154205
GB_GCA_016717855.1	23.0748076899462	-40.015799453577	-0.990860261154198
GB_GCA_016717705.1	23.0748076899462	-40.015799453577	-0.990860261154196
GB_GCA_016721925.1	23.5479615387788	-39.7410188946865	-1.19084644014751
GB_GCA_016721845.1	23.5479615387788	-39.7410188946865	-1.19084644014751
GB_GCA_016721505.1	23.5479615387788	-39.7410188946865	-1.19084644014751
GB_GCA_016721465.1	23.5479615387788	-39.7410188946865	-1.19084644014752
GB_GCA_016721015.1	23.3900248841753	-39.9091919626283	-1.02271751195916
GB_GCA_016720925.1	23.3900248841753	-39.9091919626283	-1.02271751195916
GB_GCA_016720855.1	23.3900248841753	-39.9091919626283	-1.02271751195916
RS_GCF_014931715.1	-34.4611081348389	-14.670808801396	52.8703459344784
RS_GCF_016616425.1	-51.3179939259094	36.9166542471287	32.6475405040381
RS_GCF_016616235.1	-51.3179939259094	36.9166542471287	32.6475405040381
RS_GCF_016599855.1	-51.3179939259094	36.9166542471287	32.6475405040381
RS_GCF_016612535.1	-51.3179939259094	36.9166542471287	32.6475405040381
RS_GCF_016616885.1	-51.3179939259094	36.9166542471287	32.6475405040381
GB_GCA_016779445.1	12.0496004983935	-42.3290153029646	12.0032256763578
GB_GCA_016778895.1	12.0496004983935	-42.3290153029646	12.0032256763578
GB_GCA_016778765.1	12.0496004983935	-42.3290153029646	12.0032256763578
GB_GCA_016778045.1	12.0496004983935	-42.3290153029646	12.0032256763578
GB_GCA_016776875.1	12.0496004983935	-42.3290153029646	12.0032256763578
GB_GCA_016776705.1	12.0496004983935	-42.3290153029646	12.0032256763578
GB_GCA_016776605.1	12.0496004983935	-42.3290153029646	12.0032256763578
GB_GCA_016776525.1	12.0496004983935	-42.3290153029646	12.0032256763578
GB_GCA_016784825.1	12.0496004983935	-42.3290153029646	12.0032256763578
GB_GCA_020849475.1	21.7388426619442	-40.8795041671433	0.0140105385847618
GB_GCA_020851615.1	21.7388426619442	-40.8795041671433	0.0140105385847659
GB_GCA_020852865.1	21.7388426619442	-40.8795041671433	0.0140105385847739
GB_GCA_020848075.1	21.7388426619442	-40.8795041671433	0.014010538584779
GB_GCA_020847675.1	21.7388426619442	-40.8795041671433	0.0140105385847794
GB_GCA_020851255.1	21.7388426619442	-40.8795041671433	0.0140105385847818
GB_GCA_020853025.1	21.7388426619442	-40.8795041671433	0.014010538584778
GB_GCA_020848435.1	21.7388426619442	-40.8795041671433	0.0140105385847819
RS_GCF_015159745.1	27.0607062309792	-40.8087231789581	3.19525540463168
RS_GCF_021729865.1	47.0331260857648	13.4148034070909	-19.6755375772977
RS_GCF_015070875.1	-49.7628567172186	0.568072739024041	-17.4239313435109
GB_GCA_015665415.1	51.3969202371245	16.6728243311413	-12.8803551071718
RS_GCF_017183135.1	-34.4611081348389	-14.670808801396	52.8703459344784
GB_GCA_022758925.1	33.155967872384	30.7664280395385	-33.2299658362109
RS_GCF_023074185.1	31.2830773428393	40.3789400093127	-31.2339968385294
RS_GCF_023074075.1	31.2830773428393	40.3789400093127	-31.2339968385294
RS_GCF_023074175.1	31.2830773428393	40.3789400093127	-31.2339968385294
RS_GCF_023074055.1	31.2830773428393	40.3789400093127	-31.2339968385294
RS_GCF_023073915.1	31.2830773428393	40.3789400093127	-31.2339968385294
RS_GCF_023073715.1	31.2830773428393	40.3789400093127	-31.2339968385294
RS_GCF_023101085.1	31.2830773428393	40.3789400093127	-31.2339968385294
RS_GCF_023101685.1	31.2830773428393	40.3789400093127	-31.2339968385294
RS_GCF_023073415.1	31.2830773428393	40.3789400093127	-31.2339968385294
RS_GCF_023101665.1	31.2830773428393	40.3789400093127	-31.2339968385294
RS_GCF_023073355.1	31.2830773428393	40.3789400093127	-31.2339968385294
RS_GCF_023073315.1	31.2830773428393	40.3789400093127	-31.2339968385294
RS_GCF_023100945.1	31.2830773428393	40.3789400093127	-31.2339968385294
RS_GCF_023073335.1	31.2830773428393	40.3789400093127	-31.2339968385294
RS_GCF_023100905.1	31.2830773428393	40.3789400093127	-31.2339968385294
RS_GCF_015209595.1	-45.7321806033385	-13.2673149689687	-6.54596981393318
RS_GCF_022811525.1	-40.8127830502424	-9.56233897882267	-16.4074703574446
RS_GCF_016106035.1	27.472717056608	-40.70289648391	3.52510078582182
RS_GCF_015223355.1	-55.6442820934069	-4.74975297558683	-2.99940153980033
GB_GCA_021375695.1	-31.7907681074918	74.4341605672322	30.2183091017103
RS_GCF_015354245.1	-47.3322786260721	0.289859721348519	-19.5160780398026
GB_GCA_018780805.1	24.1911945679779	-42.2757599187644	4.00186181675759
GB_GCA_018780645.1	24.1911945679779	-42.2757599187644	4.00186181675759
GB_GCA_018780625.1	24.1911945679779	-42.2757599187644	4.00186181675759
GB_GCA_018780565.1	24.1911945679779	-42.2757599187644	4.00186181675758
GB_GCA_018780385.1	24.1911945679779	-42.2757599187644	4.00186181675758
GB_GCA_018780415.1	24.1911945679779	-42.2757599187644	4.00186181675759
GB_GCA_018781585.1	24.1911945679779	-42.2757599187644	4.00186181675759
GB_GCA_018780185.1	24.1911945679779	-42.2757599187644	4.00186181675758
GB_GCA_018780075.1	24.1911945679779	-42.2757599187644	4.00186181675758
GB_GCA_018780105.1	24.1911945679779	-42.2757599187644	4.00186181675756
GB_GCA_018780025.1	24.1911945679779	-42.2757599187644	4.00186181675756
GB_GCA_016463455.1	41.3737379849219	21.4659709515754	-27.5764516811755
GB_GCA_016462955.1	41.3309299470471	21.5107999030192	-27.616113885598
GB_GCA_016462905.1	41.3637950750069	21.5508666759657	-27.5962186369846
RS_GCF_015644665.1	-47.3322786260722	0.289859721348505	-19.5160780398026
RS_GCF_018219815.1	-38.7231782622541	2.52795510023068	-24.2581264563905
RS_GCF_015689335.1	20.8847158966545	48.139146031207	67.6356769158388
GB_GCA_018971105.1	-55.5002875397612	-3.90298038211088	-5.03979877803803
GB_GCA_018969975.1	-55.5384900451767	-3.93054901088486	-4.88913971081164
GB_GCA_018969885.1	-55.5384900451767	-3.93054901088486	-4.88913971081164
GB_GCA_018971675.1	-55.5002875397612	-3.90298038211088	-5.03979877803803
GB_GCA_018971625.1	-55.5002875397612	-3.90298038211088	-5.03979877803803
GB_GCA_019075905.1	-55.5002875397612	-3.90298038211088	-5.03979877803803
GB_GCA_019075865.1	-55.5002875397612	-3.90298038211087	-5.03979877803803
GB_GCA_018971195.1	-55.5002875397612	-3.90298038211088	-5.03979877803803
RS_GCF_015645465.1	29.7398864718528	-40.1142593057787	7.26679851724064
GB_GCA_020217035.1	-30.5865576052161	-26.4863473411847	10.9975400153151
GB_GCA_020216925.1	-30.5865576052161	-26.4863473411847	10.9975400153151
RS_GCF_016019955.1	-52.5938259373177	-2.52650395543427	-12.2881372015474
RS_GCF_019904295.1	-55.645942849823	-5.26747314429518	4.16502436211639
RS_GCF_015831345.1	-47.3322786260722	0.289859721348497	-19.5160780398026
RS_GCF_016809835.1	-47.3322786260722	0.289859721348497	-19.5160780398026
GB_GCA_016521575.1	-45.7321806033385	-13.2673149689687	-6.54596981393319
RS_GCF_017872555.1	-56.2927466934943	-3.66914313886178	-2.54240960021505
RS_GCF_016429285.1	48.6641487597241	13.8279698494469	-17.4650690714917
RS_GCF_016428915.1	48.6641487597241	13.8279698494469	-17.4650690714917
RS_GCF_015999335.1	-44.6107960894504	-7.77913338269804	-15.7072153438222
RS_GCF_016093275.1	-55.9286577732054	-4.51649181057823	-2.11448872854324
RS_GCF_016641735.1	-46.5391421948794	-1.14775285344156	-19.4057475180563
GB_GCA_023435725.1	58.0179212811301	18.4956073275438	34.9876351974687
GB_GCA_023435545.1	58.0179212811301	18.4956073275438	34.9876351974687
GB_GCA_023435335.1	58.0179212811301	18.4956073275438	34.9876351974687
GB_GCA_023431725.1	54.3210891764286	31.8159368586828	57.9041095222623
GB_GCA_023430145.1	54.8471020198359	28.1837307135712	55.8264056762504
GB_GCA_023438115.1	54.8471020198359	28.1837307135712	55.8264056762504
GB_GCA_023432885.1	54.8471020198359	28.1837307135712	55.8264056762504
GB_GCA_023417665.1	54.8471020198359	28.1837307135712	55.8264056762504
GB_GCA_023416965.1	54.8471020198359	28.1837307135712	55.8264056762504
GB_GCA_023436025.1	57.741414365473	33.8727333383788	51.7030568820769
GB_GCA_023392205.1	58.0179212811301	18.4956073275438	34.9876351974687
GB_GCA_023392135.1	58.0179212811301	18.4956073275438	34.9876351974687
GB_GCA_023392035.1	58.0179212811301	18.4956073275438	34.9876351974687
GB_GCA_023391175.1	58.0179212811301	18.4956073275438	34.9876351974687
GB_GCA_023390985.1	58.0179212811301	18.4956073275438	34.9876351974687
GB_GCA_023390955.1	58.0179212811301	18.4956073275438	34.9876351974687
GB_GCA_023390705.1	58.0179212811301	18.4956073275438	34.9876351974687
GB_GCA_023389425.1	54.3210891764286	31.8159368586828	57.9041095222623
GB_GCA_023389175.1	54.3210891764286	31.8159368586828	57.9041095222623
GB_GCA_023389055.1	54.3210891764286	31.8159368586828	57.9041095222623
GB_GCA_023388935.1	54.3210891764286	31.8159368586828	57.9041095222623
GB_GCA_023387775.1	54.3210891764286	31.8159368586828	57.9041095222623
GB_GCA_023387735.1	54.3210891764286	31.8159368586828	57.9041095222623
GB_GCA_023387695.1	54.3210891764286	31.8159368586828	57.9041095222624
GB_GCA_023387555.1	54.3210891764286	31.8159368586828	57.9041095222623
GB_GCA_023387335.1	54.3210891764286	31.8159368586828	57.9041095222623
GB_GCA_023386885.1	54.8471020198359	28.1837307135712	55.8264056762504
GB_GCA_023386635.1	54.8471020198359	28.1837307135713	55.8264056762504
GB_GCA_023442945.1	54.2721629371336	11.625974160195	41.2721493040488
GB_GCA_023423695.1	54.3210891764286	31.8159368586828	57.9041095222624
GB_GCA_023423415.1	54.3210891764286	31.8159368586828	57.9041095222623
GB_GCA_023422775.1	54.3210891764286	31.8159368586828	57.9041095222623
GB_GCA_023396625.1	57.741414365473	33.8727333383788	51.7030568820769
GB_GCA_023458595.1	54.2721629371336	11.625974160195	41.2721493040488
GB_GCA_023449855.1	54.3210891764286	31.8159368586828	57.9041095222623
GB_GCA_023452965.1	54.8471020198359	28.1837307135713	55.8264056762504
GB_GCA_023404705.1	57.741414365473	33.8727333383788	51.7030568820769
GB_GCA_020217265.1	-30.5865576052161	-26.4863473411847	10.9975400153151
RS_GCF_016307205.1	-45.7321806033386	-13.2673149689687	-6.54596981393313
RS_GCF_023278185.1	31.2830773428393	40.3789400093127	-31.2339968385294
RS_GCF_016428585.1	-47.3322786260722	0.289859721348497	-19.5160780398026
RS_GCF_017309185.1	-56.2738816790808	-3.54507300957546	-2.90779419338281
RS_GCF_017311415.1	-56.2738816790808	-3.54507300957546	-2.90779419338281
RS_GCF_016466415.2	59.6666369331609	32.5646924045896	43.5019724961212
GB_GCA_019237615.1	54.5991034811576	24.14334416067	53.7913355393987
GB_GCA_019237595.1	54.5991034811576	24.14334416067	53.7913355393987
GB_GCA_019236735.1	54.5991034811576	24.1433441606699	53.7913355393987
GB_GCA_019236485.1	54.5991034811576	24.1433441606699	53.7913355393987
GB_GCA_019234295.1	54.5991034811576	24.1433441606699	53.7913355393987
GB_GCA_019232985.1	54.5991034811576	24.14334416067	53.7913355393987
GB_GCA_019246455.1	54.5991034811576	24.14334416067	53.7913355393987
GB_GCA_019244115.1	54.5991034811576	24.1433441606699	53.7913355393987
GB_GCA_019243075.1	54.5991034811576	24.1433441606699	53.7913355393987
GB_GCA_019242285.1	54.5991034811576	24.1433441606699	53.7913355393987
GB_GCA_016794025.1	-51.4396127148044	-4.03813199069433	-12.7324950497954
GB_GCA_016794005.1	-51.4396127148044	-4.03813199069433	-12.7324950497954
GB_GCA_016792605.1	-51.4396127148044	-4.03813199069433	-12.7324950497954
GB_GCA_016792765.1	-51.4396127148044	-4.03813199069433	-12.7324950497954
GB_GCA_016793965.1	-51.4396127148044	-4.03813199069433	-12.7324950497954
GB_GCA_016793505.1	-51.4396127148044	-4.03813199069433	-12.7324950497954
GB_GCA_016793685.1	-51.4396127148044	-4.03813199069433	-12.7324950497954
GB_GCA_016793595.1	-51.4396127148044	-4.03813199069432	-12.7324950497954
GB_GCA_016791265.1	-51.4396127148044	-4.03813199069432	-12.7324950497954
GB_GCA_016790765.1	-51.4396127148044	-4.03813199069432	-12.7324950497954
GB_GCA_016790625.1	-51.4396127148044	-4.03813199069432	-12.7324950497954
GB_GCA_016791145.1	-51.4396127148044	-4.03813199069432	-12.7324950497954
GB_GCA_016791115.1	-51.4396127148044	-4.03813199069432	-12.7324950497954
GB_GCA_016791105.1	-51.4396127148044	-4.03813199069432	-12.7324950497954
GB_GCA_016791045.1	-51.4396127148044	-4.03813199069432	-12.7324950497954
GB_GCA_016789125.1	-51.4396127148044	-4.03813199069432	-12.7324950497954
GB_GCA_016791065.1	-51.4396127148044	-4.03813199069432	-12.7324950497954
GB_GCA_016790815.1	-51.4396127148044	-4.03813199069432	-12.7324950497954
GB_GCA_016790635.1	-51.4396127148044	-4.03813199069432	-12.7324950497954
GB_GCA_016790695.1	-51.4396127148044	-4.03813199069432	-12.7324950497954
GB_GCA_016790705.1	-51.4396127148044	-4.03813199069432	-12.7324950497954
GB_GCA_016790575.1	-51.4396127148044	-4.03813199069431	-12.7324950497954
GB_GCA_016790225.1	-51.4396127148044	-4.03813199069432	-12.7324950497954
GB_GCA_016789955.1	-51.4396127148044	-4.03813199069431	-12.7324950497954
GB_GCA_016789865.1	-51.4396127148044	-4.03813199069431	-12.7324950497954
GB_GCA_016788525.1	-51.4396127148044	-4.03813199069431	-12.7324950497954
GB_GCA_016790425.1	-51.4396127148044	-4.03813199069431	-12.7324950497954
GB_GCA_016790395.1	-51.4396127148044	-4.03813199069431	-12.7324950497954
GB_GCA_016790175.1	-51.4396127148044	-4.03813199069431	-12.7324950497954
GB_GCA_016790285.1	-51.4396127148044	-4.03813199069431	-12.7324950497954
GB_GCA_016790165.1	-51.4396127148044	-4.03813199069431	-12.7324950497954
RS_GCF_016595245.1	-45.7321806033387	-13.2673149689687	-6.5459698139331
GB_GCA_016845445.1	51.3891155753488	30.2673356517535	-11.923052197803
GB_GCA_016845145.1	51.3891155753488	30.2673356517535	-11.923052197803
RS_GCF_016722895.1	-49.7628567172187	0.568072739024044	-17.423931343511
GB_GCA_016735685.1	-47.3322786260723	0.289859721348474	-19.5160780398026
RS_GCF_016654015.1	-42.164058926219	-1.4235433946302	-21.5232120842815
GB_GCA_016931495.1	42.4472917204034	33.9395873595861	-24.8598514990425
GB_GCA_016926755.1	42.4472917204034	33.9395873595861	-24.8598514990425
GB_GCA_016938875.1	42.4472917204034	33.9395873595861	-24.8598514990425
GB_GCA_016938735.1	42.4472917204034	33.9395873595861	-24.8598514990425
GB_GCA_016938595.1	42.4472917204034	33.9395873595861	-24.8598514990425
GB_GCA_016938175.1	42.4472917204034	33.9395873595861	-24.8598514990425
GB_GCA_016937725.1	42.4472917204034	33.9395873595861	-24.8598514990425
GB_GCA_016936875.1	42.4472917204034	33.9395873595861	-24.8598514990425
GB_GCA_016936395.1	42.4472917204034	33.9395873595861	-24.8598514990425
GB_GCA_017848435.1	41.6694989461766	28.861411179932	-27.2642448706341
GB_GCA_017848645.1	41.669498948089	28.861411182889	-27.2642448683674
GB_GCA_020832585.1	28.7984181283319	25.601577022771	-35.1845820474528
GB_GCA_020832555.1	28.7984181283319	25.601577022771	-35.1845820474527
GB_GCA_016765235.1	54.3476166082588	3.20768188590005	11.9961637673102
GB_GCA_016764535.1	54.3476166082588	3.20768188590005	11.9961637673102
GB_GCA_016764475.1	54.3476166082588	3.20768188590005	11.9961637673102
GB_GCA_016764415.1	54.3476166082587	3.20768188590005	11.9961637673102
GB_GCA_016763855.1	54.3476166082587	3.20768188590005	11.9961637673102
GB_GCA_016763155.1	54.3476166082587	3.20768188590005	11.9961637673102
RS_GCF_016765655.2	-7.17019423433148	-36.3250579720604	22.658338948478
RS_GCF_016806835.2	-7.17019423433148	-36.3250579720604	22.6583389484779
GB_GCA_017849615.1	-36.0883055605159	-23.1666835006505	19.6327982083005
GB_GCA_017848965.1	-36.0883055605159	-23.1666835006505	19.6327982083005
GB_GCA_017849325.1	-36.0883055605159	-23.1666835006506	19.6327982083005
RS_GCF_016801775.1	-56.2588817488952	-3.86147259756843	-2.00922005332254
RS_GCF_016765775.1	20.548544041335	-43.2221491995182	7.70633541942864
GB_GCA_022712755.1	-54.4939157153952	3.86530687341683	-10.9899944143969
GB_GCA_019163035.1	25.8574166507157	-42.3909894759718	7.96088204123553
GB_GCA_017857895.1	50.0083719734257	19.5390793042954	-16.829297824829
GB_GCA_017857825.1	50.0083719734257	19.5390793042954	-16.829297824829
GB_GCA_017854855.1	49.8252054535987	18.0036258849915	-16.8886966409535
GB_GCA_017854675.1	49.8252054535987	18.0036258849915	-16.8886966409535
GB_GCA_017854565.1	49.8252054535987	18.0036258849915	-16.8886966409535
GB_GCA_017854585.1	49.8252054535987	18.0036258849915	-16.8886966409535
GB_GCA_017854535.1	49.8252054535987	18.0036258849915	-16.8886966409535
GB_GCA_017853245.1	49.7396022782428	18.0053409338096	-17.0575957767021
GB_GCA_017852835.1	49.7396022782428	18.0053409338096	-17.0575957767021
RS_GCF_016918935.1	11.2878001357221	-30.2364180338865	-12.7830103817999
GB_GCA_018242505.1	-56.1683802039204	-3.95371760476214	-2.54092684957162
GB_GCA_018240695.1	-56.1683802039204	-3.95371760476214	-2.54092684957162
GB_GCA_018242215.1	-56.1683802039205	-3.95371760476214	-2.54092684957162
GB_GCA_018240625.1	-56.1683802039204	-3.95371760476214	-2.54092684957162
GB_GCA_018240595.1	-56.1683802039205	-3.95371760476214	-2.54092684957162
GB_GCA_018242205.1	-56.1683802039205	-3.95371760476214	-2.54092684957161
GB_GCA_018241895.1	-56.1683802039205	-3.95371760476214	-2.54092684957161
GB_GCA_018241765.1	-56.1683802039205	-3.95371760476214	-2.54092684957161
GB_GCA_018241745.1	-56.1683802039204	-3.95371760476214	-2.54092684957161
RS_GCF_016894385.1	-35.7421960854329	-23.4530417883752	18.8577705255308
GB_GCA_020341735.1	-56.2475542121805	-3.85998619514532	-2.18260257219964
GB_GCA_020354665.1	-56.2475542121804	-3.85998619514532	-2.18260257219965
GB_GCA_020354085.1	-56.2475542121804	-3.85998619514532	-2.18260257219965
GB_GCA_020356105.1	-56.2475542121804	-3.85998619514532	-2.18260257219965
RS_GCF_018129405.1	-56.1948533107795	-3.844822771074	-2.70643871697422
RS_GCF_018129385.1	-56.1948533107795	-3.844822771074	-2.70643871697422
RS_GCF_018131225.1	-33.7415202799606	-4.38912640825893	-23.4267274407465
RS_GCF_018129685.1	-33.7415202799606	-4.38912640825894	-23.4267274407465
RS_GCF_018129965.1	-33.7415202799606	-4.38912640825894	-23.4267274407465
RS_GCF_018129985.1	-33.7415202799606	-4.38912640825894	-23.4267274407465
RS_GCF_018129995.1	-33.7415202799606	-4.38912640825894	-23.4267274407465
RS_GCF_018130065.1	-45.58787213406	-10.2335701607241	-11.8480301434309
RS_GCF_018130145.1	-44.4055828134296	-14.1411837943662	-6.56884089124162
RS_GCF_018130165.1	-44.4055828134296	-14.1411837943662	-6.56884089124162
RS_GCF_018130215.1	-56.1948533107795	-3.844822771074	-2.70643871697422
RS_GCF_018130245.1	-56.1948533107795	-3.84482277107399	-2.70643871697422
RS_GCF_018130385.1	-45.58787213406	-10.2335701607241	-11.848030143431
RS_GCF_018130465.1	-33.7415202799606	-4.38912640825894	-23.4267274407465
RS_GCF_018130505.1	-56.1948533107795	-3.84482277107399	-2.70643871697422
RS_GCF_018130545.1	-56.1948533107795	-3.84482277107399	-2.70643871697422
RS_GCF_018130615.1	-56.1948533107795	-3.84482277107399	-2.70643871697422
RS_GCF_018130765.1	-56.1948533107795	-3.84482277107399	-2.70643871697422
RS_GCF_018130695.1	-56.1948533107795	-3.84482277107399	-2.70643871697422
RS_GCF_018130785.1	-56.1948533107795	-3.84482277107399	-2.70643871697422
RS_GCF_018130825.1	-56.1948533107795	-3.84482277107399	-2.70643871697422
RS_GCF_018130955.1	-56.1948533107795	-3.84482277107399	-2.70643871697422
RS_GCF_018131005.1	-56.1948533107795	-3.84482277107399	-2.70643871697422
RS_GCF_018131015.1	-56.1948533107795	-3.84482277107398	-2.70643871697422
RS_GCF_018131075.1	-44.4055828134296	-14.1411837943662	-6.56884089124161
RS_GCF_018131105.1	-56.1948533107795	-3.84482277107399	-2.70643871697423
RS_GCF_018131185.1	-51.4506473419538	-4.93974936240195	-11.7434628939018
RS_GCF_016820245.1	-45.7321806033388	-13.2673149689687	-6.54596981393308
RS_GCF_016888515.1	-45.7321806033388	-13.2673149689687	-6.54596981393309
GB_GCA_023256195.1	-22.1165100162006	9.46425360250912	-30.8172326619867
GB_GCA_023255875.1	-19.8012724097177	8.98257718235877	-31.3779823067357
GB_GCA_023255755.1	-19.8012724097177	8.98257718235877	-31.3779823067357
GB_GCA_023255715.1	-19.8012724097177	8.98257718235877	-31.3779823067357
RS_GCF_017315735.1	-45.7321806033388	-13.2673149689687	-6.54596981393309
GB_GCA_017255395.1	-56.0054427572391	-3.74444544385009	-3.64800254132109
RS_GCF_017301335.1	-47.3322786260723	0.289859721348459	-19.5160780398025
GB_GCA_017302635.1	43.9870388255857	23.7709216555269	-25.5596090327621
GB_GCA_017302655.1	43.9870388255857	23.7709216555269	-25.5596090327621
GB_GCA_017302495.1	43.9870388255857	23.7709216555269	-25.5596090327621
GB_GCA_017302505.1	43.9870388255857	23.7709216555269	-25.5596090327621
GB_GCA_017302485.1	43.9870388255857	23.7709216555269	-25.5596090327621
GB_GCA_017302435.1	43.9870388255857	23.7709216555269	-25.5596090327621
GB_GCA_017302275.1	43.9870388255857	23.7709216555269	-25.5596090327621
GB_GCA_017302315.1	43.9870388255857	23.7709216555269	-25.5596090327621
GB_GCA_017308575.1	6.51960440645698	0.160222615700896	75.5830912453372
GB_GCA_017308595.1	6.51960440645697	0.160222615700892	75.5830912453372
GB_GCA_017308495.1	6.51960440645698	0.160222615700888	75.5830912453372
GB_GCA_017308235.1	6.51960440645698	0.160222615700891	75.5830912453372
GB_GCA_017308015.1	6.51960440645698	0.160222615700907	75.5830912453372
GB_GCA_017308075.1	6.51960440645697	0.160222615700921	75.5830912453372
GB_GCA_017307865.1	6.51960440645698	0.160222615700909	75.5830912453372
GB_GCA_017305915.1	6.51960440645698	0.160222615700909	75.5830912453372
GB_GCA_017305715.1	6.51960440645698	0.160222615700909	75.5830912453372
GB_GCA_017305665.1	6.51960440645698	0.16022261570091	75.5830912453372
GB_GCA_017305595.1	6.51960440645698	0.16022261570092	75.5830912453372
GB_GCA_017305555.1	6.51960440645698	0.160222615700919	75.5830912453372
GB_GCA_017305535.1	6.51960440645698	0.160222615700919	75.5830912453372
GB_GCA_017305455.1	6.51960440645698	0.160222615700921	75.5830912453372
GB_GCA_017305515.1	6.51960440645698	0.160222615700921	75.5830912453372
GB_GCA_017304475.1	6.51960440645698	0.160222615700916	75.5830912453372
GB_GCA_020061285.1	36.7849413170983	28.8124530887155	-31.137496676397
GB_GCA_020059445.1	36.7849413170983	28.8124530887155	-31.137496676397
GB_GCA_020057245.1	36.7849413170983	28.8124530887155	-31.137496676397
GB_GCA_024102665.1	-51.6785035252136	-3.09130571912174	-13.1960985678176
RS_GCF_017309585.1	-55.5063990154637	-1.54789225560282	-7.37646363234113
RS_GCF_020387415.1	19.5284483278253	-43.1873887495174	9.48347243181206
RS_GCF_019160155.1	19.5284483278253	-43.1873887495174	9.48347243181205
GB_GCA_017986605.1	24.4089139984539	-42.0574205697091	3.53560522347829
GB_GCA_017983955.1	24.4095754742122	-42.0567938088287	3.53443354438508
GB_GCA_017989135.1	24.408840870943	-42.0574103082812	3.53552086890435
GB_GCA_017983755.1	24.408840870943	-42.0574103082812	3.53552086890436
GB_GCA_017983795.1	24.408840870943	-42.0574103082812	3.53552086890436
GB_GCA_017995775.1	24.4078202422449	-42.0578376353797	3.53589910545792
GB_GCA_017997795.1	24.3956911363937	-42.0636155912035	3.54238567373188
GB_GCA_017992055.1	21.8554358372825	-41.6046587949926	1.45929045031345
GB_GCA_017994835.1	21.8588118513454	-41.604081782361	1.45863161116904
GB_GCA_018061265.1	21.8588118513454	-41.604081782361	1.45863161116904
GB_GCA_018063565.1	21.8597786813368	-41.6042316983128	1.45912848700987
GB_GCA_018063505.1	21.8597786813368	-41.6042316983128	1.45912848700987
GB_GCA_018054745.1	21.8788965329868	-41.6139969590662	1.48386770607555
RS_GCF_020667845.1	-47.113710195305	-3.70543063012128	-17.4389778594353
RS_GCF_020667835.1	-47.113710195305	-3.70543063012127	-17.4389778594353
RS_GCF_017498525.1	20.7695147711953	-43.196810480285	7.17625268225699
GB_GCA_019137045.1	-54.6551132524985	-1.67542166479201	24.0742300144177
GB_GCA_019136545.1	-54.6551132524985	-1.67542166479201	24.0742300144177
RS_GCF_017497985.1	-48.1532365312091	-14.2626790254281	5.26523460713805
RS_GCF_018457175.1	-48.6911386418095	0.543720027822129	-18.4673730856808
GB_GCA_021163845.1	37.6652213707129	44.8722781762124	-21.0782295609731
GB_GCA_021157485.1	37.6652213707129	44.8722781762123	-21.078229560973
GB_GCA_023384005.1	-56.2847607040966	-3.69647424290528	-2.5229369618764
GB_GCA_023383035.1	-56.2847607040966	-3.69647424290527	-2.5229369618764
GB_GCA_023383795.1	-56.2847607040966	-3.69647424290527	-2.5229369618764
RS_GCF_019429625.1	-53.5669707448287	-4.48397916651335	23.6582753087912
RS_GCF_018122735.1	-36.863318270716	-20.7500712669002	30.8712266875934
RS_GCF_019049855.1	-44.0580748291109	6.64010012828473	-22.1555808233813
RS_GCF_017744015.1	1.25798255180388	-37.085174026835	28.0543822311124
GB_GCA_017743935.1	1.25798255180389	-37.085174026835	28.0543822311124
RS_GCF_017743885.1	1.25798255180389	-37.0851740268351	28.0543822311124
RS_GCF_017813235.1	31.6017985924416	-38.6108782064462	12.592333868242
GB_GCA_023145215.1	-56.4163597635419	-0.0514050558304852	-5.47796811638451
GB_GCA_023134935.1	-56.4142123778439	-0.0625708194413518	-5.48083401709682
RS_GCF_017814975.1	48.7352833102453	42.3137116631725	-5.83500076039716
RS_GCF_020329505.1	-53.2365973098069	18.8462584654904	43.5567476497482
RS_GCF_020329435.1	-53.9387550712626	17.6066815619497	40.7973370611926
GB_GCA_018067325.1	38.0693739434379	-2.20348055916459	-20.6255705297607
GB_GCA_018069465.1	38.0693739434379	-2.20348055916459	-20.6255705297607
GB_GCA_018069525.1	38.0693739434379	-2.20348055916459	-20.6255705297607
RS_GCF_019343105.1	-45.7435519421392	-0.0845181510879961	-20.3171008294785
GB_GCA_018993155.1	-52.7838881787779	-9.23975287621861	9.93521443619781
RS_GCF_017948265.1	-2.96042183172014	-0.876936858997896	-31.5444048266431
GB_GCA_020201155.1	57.6217179920391	43.4035923238213	45.450896979236
GB_GCA_024637315.1	18.5744361384941	-5.28778098497454	-28.6729781070977
GB_GCA_024637375.1	18.5744361384941	-5.28778098497454	-28.6729781070977
GB_GCA_024637295.1	18.5744361384941	-5.28778098497454	-28.6729781070977
GB_GCA_024637215.1	18.5744361384941	-5.28778098497454	-28.6729781070977
GB_GCA_024637195.1	18.5744361384941	-5.28778098497454	-28.6729781070977
GB_GCA_024637255.1	18.5744361384941	-5.28778098497454	-28.6729781070977
GB_GCA_024637155.1	18.5744361384941	-5.28778098497453	-28.6729781070977
GB_GCA_024636935.1	18.5744361384941	-5.28778098497453	-28.6729781070977
GB_GCA_024636635.1	18.5744361384941	-5.28778098497453	-28.6729781070977
GB_GCA_024636515.1	18.5744361384941	-5.28778098497453	-28.6729781070977
GB_GCA_024636495.1	18.5744361384941	-5.28778098497453	-28.6729781070977
GB_GCA_024636475.1	18.5744361384941	-5.28778098497453	-28.6729781070977
GB_GCA_024636425.1	18.5744361384941	-5.28778098497453	-28.6729781070977
GB_GCA_024636405.1	18.5744361384941	-5.28778098497453	-28.6729781070977
GB_GCA_024636395.1	18.5744361384941	-5.28778098497453	-28.6729781070977
GB_GCA_024636445.1	18.5744361384941	-5.28778098497453	-28.6729781070977
GB_GCA_024635855.1	18.5744361384941	-5.28778098497453	-28.6729781070977
GB_GCA_024635885.1	18.5744361384941	-5.28778098497453	-28.6729781070977
GB_GCA_022041995.1	54.4793004825356	38.3339210031886	57.1416339225609
GB_GCA_023657425.1	24.7755211329973	29.0834814250329	-36.5636044719976
RS_GCF_018069755.1	-56.0288210161529	-4.44379674569208	-1.4190166764252
RS_GCF_018069875.1	-56.0288210161529	-4.44379674569208	-1.4190166764252
RS_GCF_018069895.1	5.16857607940959	-40.8489003907481	9.32877899014222
RS_GCF_018069865.1	-56.1803050797838	0.454166491551633	-6.50158734231884
RS_GCF_021405525.1	-56.1860976395575	-3.8848503731397	-2.64439314576992
GB_GCA_023955335.1	28.267244517734	-39.1137737414201	1.4212374176773
GB_GCA_023955225.1	28.267244517734	-39.1137737414201	1.4212374176773
GB_GCA_023955215.1	28.267244517734	-39.1137737414201	1.4212374176773
GB_GCA_019449555.1	24.6396589313836	-41.3142562085713	1.9698958950559
GB_GCA_019449455.1	24.6396589313836	-41.3142562085713	1.96989589505591
RS_GCF_018224955.1	-46.1306290267138	0.160667007865865	-20.1897289164279
RS_GCF_018139985.1	-55.5356429482505	-1.58739240414397	-7.27573551066414
GB_GCA_024397995.1	-56.1210614335363	-4.32139131702161	3.1647419212773
RS_GCF_018398875.1	24.9698473523094	-39.5015156484156	19.4869638422443
RS_GCF_018398895.1	25.7901371236849	-39.3238592286807	19.2005012531897
RS_GCF_018224925.1	27.2169537494081	-40.3336910519035	2.37109741182832
GB_GCA_020027635.1	27.3726042502644	31.0555870148723	-35.7787273409732
GB_GCA_018335895.1	26.9190293466492	38.2946250926529	-34.6877549742454
GB_GCA_018336195.1	26.9190293466492	38.2946250926529	-34.6877549742454
GB_GCA_018333815.1	26.9190293466492	38.2946250926528	-34.6877549742454
GB_GCA_019635735.1	-56.2822951430302	-3.68872210152611	-2.57616306148506
GB_GCA_019635575.1	-56.2822951430302	-3.68872210152612	-2.57616306148505
GB_GCA_019454225.1	-56.2822951430302	-3.68872210152612	-2.57616306148505
GB_GCA_019635465.1	-56.2822951430302	-3.68872210152612	-2.57616306148505
GB_GCA_019635485.1	-56.2822951430302	-3.68872210152612	-2.57616306148505
GB_GCA_019635435.1	-56.2822951430302	-3.68872210152612	-2.57616306148505
GB_GCA_019635415.1	-56.2822951430302	-3.68872210152612	-2.57616306148505
GB_GCA_019635315.1	-56.2822951430303	-3.68872210152612	-2.57616306148504
GB_GCA_019635275.1	-56.2822951430303	-3.68872210152612	-2.57616306148505
GB_GCA_019635015.1	-56.2822951430303	-3.68872210152612	-2.57616306148505
GB_GCA_019634955.1	-56.2822951430303	-3.68872210152611	-2.57616306148505
GB_GCA_018384835.1	30.1287193245511	-38.0700749235592	2.16961985459691
GB_GCA_020833645.1	32.8869800137296	30.7115095125413	-33.3826280212716
RS_GCF_018282095.1	52.7793100400725	24.6214006295409	57.0777126971578
GB_GCA_018402635.1	-22.9166624007976	-22.4807715768792	-11.2213381319606
GB_GCA_018402035.1	-22.9166624007976	-22.4807715768792	-11.2213381319606
GB_GCA_018401495.1	-22.9166624007975	-22.4807715768792	-11.2213381319606
GB_GCA_018401465.1	-22.9166624007975	-22.4807715768792	-11.2213381319606
GB_GCA_018401615.1	-22.9166624007975	-22.4807715768792	-11.2213381319606
GB_GCA_018401385.1	-22.9166624007975	-22.4807715768792	-11.2213381319606
GB_GCA_018401055.1	-22.9166624007975	-22.4807715768792	-11.2213381319606
GB_GCA_023250475.1	-32.6954198513953	73.2726382440275	35.8737734344206
GB_GCA_023249095.1	-32.6954198513953	73.2726382440275	35.8737734344206
GB_GCA_023248995.1	-32.6954198513953	73.2726382440275	35.8737734344206
GB_GCA_023248415.1	-32.6954198513953	73.2726382440275	35.8737734344206
GB_GCA_023266845.1	-32.6954198513953	73.2726382440275	35.8737734344205
GB_GCA_023269635.1	-32.6954198513953	73.2726382440275	35.8737734344205
GB_GCA_023266455.1	-32.6954198513953	73.2726382440275	35.8737734344205
GB_GCA_023259355.1	-32.6954198513953	73.2726382440275	35.8737734344205
GB_GCA_023259175.1	-32.6954198513953	73.2726382440275	35.8737734344205
GB_GCA_023266235.1	-32.6954198513953	73.2726382440275	35.8737734344206
GB_GCA_023266245.1	-32.6954198513953	73.2726382440275	35.8737734344205
GB_GCA_023266195.1	-32.6954198513953	73.2726382440275	35.8737734344205
GB_GCA_020628265.1	-48.8975062493237	-4.61212137993516	-15.1263052764861
GB_GCA_020627685.1	-48.8975062493237	-4.61212137993516	-15.1263052764861
RS_GCF_020510625.1	23.603977605745	-42.9255238509531	6.39892876531929
RS_GCF_020510585.1	23.603977605745	-42.9255238509531	6.39892876531928
RS_GCF_020510565.1	23.603977605745	-42.9255238509531	6.39892876531928
RS_GCF_020510425.1	23.603977605745	-42.9255238509531	6.39892876531927
RS_GCF_020510525.1	23.603977605745	-42.9255238509531	6.39892876531928
RS_GCF_020510665.1	23.603977605745	-42.9255238509531	6.39892876531928
RS_GCF_020510685.1	23.603977605745	-42.9255238509531	6.39892876531928
RS_GCF_020510445.1	23.603977605745	-42.9255238509531	6.39892876531928
GB_GCA_020027345.1	46.4303653554927	37.3359622097946	-16.7915421386134
RS_GCF_018413525.1	-51.2128007615826	-3.71852049626854	-13.3020336098369
GB_GCA_018500105.1	27.37269352192	38.4407697741868	-34.4473794749647
GB_GCA_018500075.1	27.3726935191264	38.4407697674023	-34.4473794790668
RS_GCF_018413605.1	-55.674910912316	0.413612933772159	-7.96929924871765
RS_GCF_018596315.1	16.4319956330613	-42.35879906073	4.4922162766467
RS_GCF_019218285.1	-56.2510032286565	-3.55354651991702	-3.00134823685207
RS_GCF_019218295.1	-56.2238476722559	-3.58424575370296	-3.06968094523712
RS_GCF_019218265.1	-56.2631882363289	-3.50466759342523	-3.02096822435099
GB_GCA_024642725.1	-32.8934833775269	73.0423169140253	29.3351676531958
GB_GCA_024642465.1	-32.8934833775269	73.0423169140254	29.3351676531958
GB_GCA_024642215.1	-32.8934833775269	73.0423169140253	29.3351676531958
GB_GCA_024642185.1	-32.8934833775269	73.0423169140253	29.3351676531958
GB_GCA_024642115.1	-32.8934833775269	73.0423169140253	29.3351676531958
GB_GCA_024642065.1	-32.8934833775269	73.0423169140254	29.3351676531959
GB_GCA_024642045.1	-32.8934833775269	73.0423169140254	29.3351676531959
GB_GCA_024642025.1	-32.8934833775269	73.0423169140254	29.3351676531959
GB_GCA_024641925.1	-32.8934833775269	73.0423169140254	29.3351676531959
GB_GCA_024641965.1	-32.8934833775269	73.0423169140254	29.3351676531959
GB_GCA_024641855.1	-32.8934833775269	73.0423169140254	29.3351676531958
GB_GCA_024641505.1	-32.8934833775269	73.0423169140254	29.3351676531958
GB_GCA_024641025.1	-32.8888112863765	73.0467301626553	29.330887927331
GB_GCA_024640985.1	-32.8888112863766	73.0467301626553	29.330887927331
GB_GCA_024640955.1	-32.8888112863765	73.0467301626553	29.330887927331
GB_GCA_024640405.1	-32.8891838375023	73.0456012582715	29.3284143958883
GB_GCA_024640305.1	-32.8891838375023	73.0456012582715	29.3284143958883
GB_GCA_024640085.1	-32.8891838375023	73.0456012582715	29.3284143958883
GB_GCA_024640045.1	-32.8891838375023	73.0456012582715	29.3284143958883
GB_GCA_024640025.1	-32.8891838375023	73.0456012582715	29.3284143958883
GB_GCA_024639825.1	-32.8870424831061	73.0467273872691	29.3236343066374
GB_GCA_024645145.1	-32.8870424831061	73.0467273872691	29.3236343066374
GB_GCA_024645065.1	-32.8870424831061	73.0467273872691	29.3236343066374
GB_GCA_024639605.1	-32.8742154255606	73.0601143269323	29.3182676608408
GB_GCA_024639455.1	-32.8742154255606	73.0601143269323	29.3182676608408
GB_GCA_024639325.1	-32.8734425934991	73.0610012974463	29.3182533200571
GB_GCA_024639125.1	-32.8734425934991	73.0610012974463	29.3182533200571
GB_GCA_024639035.1	-32.8734425934991	73.0610012974463	29.3182533200571
GB_GCA_024639025.1	-32.8734425934991	73.0610012974463	29.3182533200571
GB_GCA_024644535.1	-32.8709689856702	73.0636537408655	29.3177062483702
GB_GCA_024643785.1	-32.8934833775269	73.0423169140253	29.3351676531958
GB_GCA_018815245.1	19.5234895992062	-40.2425280481245	-1.29527480226676
GB_GCA_018815325.1	19.5234895992062	-40.2425280481245	-1.29527480226676
GB_GCA_018814405.1	19.5234895992062	-40.2425280481245	-1.29527480226677
GB_GCA_018813765.1	19.5234895992062	-40.2425280481245	-1.29527480226677
GB_GCA_018812945.1	19.5234895992062	-40.2425280481245	-1.29527480226677
GB_GCA_018812525.1	19.5234895992062	-40.2425280481245	-1.29527480226676
GB_GCA_018825665.1	19.5234895992062	-40.2425280481245	-1.29527480226677
GB_GCA_018825305.1	19.5234895992062	-40.2425280481245	-1.29527480226677
GB_GCA_018824305.1	19.5234895992062	-40.2425280481244	-1.29527480226677
GB_GCA_018824405.1	19.5234895992062	-40.2425280481244	-1.29527480226677
GB_GCA_018824085.1	19.5234895992062	-40.2425280481244	-1.29527480226677
GB_GCA_018823835.1	19.5234895992062	-40.2425280481245	-1.29527480226677
GB_GCA_018823025.1	19.5234895992062	-40.2425280481244	-1.29527480226677
GB_GCA_018820925.1	19.5234895992062	-40.2425280481245	-1.29527480226677
GB_GCA_018820765.1	19.5234895992062	-40.2425280481244	-1.29527480226677
GB_GCA_018820745.1	19.5234895992062	-40.2425280481244	-1.29527480226678
GB_GCA_018820395.1	19.5234895992062	-40.2425280481244	-1.29527480226677
GB_GCA_018819515.1	19.5234895992062	-40.2425280481244	-1.29527480226677
GB_GCA_018819205.1	19.5234895992062	-40.2425280481244	-1.29527480226676
GB_GCA_018819265.1	19.5234895992062	-40.2425280481244	-1.29527480226676
GB_GCA_018819175.1	19.5234895992062	-40.2425280481244	-1.29527480226676
GB_GCA_018830445.1	19.5234895992062	-40.2425280481244	-1.29527480226677
GB_GCA_018828385.1	19.5234895992062	-40.2425280481244	-1.29527480226677
RS_GCF_018599245.1	-51.7855754914089	4.72108385354989	-15.4244421481116
GB_GCA_018771605.1	-22.1309590773144	-23.8435054117354	-9.65103688095096
RS_GCF_018861145.1	48.9484804962924	12.8095251993739	-16.4585730723715
RS_GCF_018861045.1	48.9484804962924	12.8095251993739	-16.4585730723715
RS_GCF_018860975.1	48.9484804962924	12.809525199374	-16.4585730723715
RS_GCF_018860505.1	48.9484804962924	12.8095251993739	-16.4585730723715
RS_GCF_018860665.1	48.9484804962924	12.8095251993739	-16.4585730723715
RS_GCF_018860385.1	48.9484804962924	12.8095251993739	-16.4585730723715
RS_GCF_018729255.1	-46.5723065243715	-0.580971845485913	-19.6573722876763
GB_GCA_018729455.1	-15.5502317258913	-31.547315279682	0.568112089049384
GB_GCA_019084245.1	16.0418745392675	-37.8331498102168	-4.74994270148789
RS_GCF_018736105.1	-50.7776041932505	-3.65616378906755	-13.8885403397583
RS_GCF_021173085.1	-49.8766462101901	-12.5499221640625	3.31716866277793
GB_GCA_019090885.1	19.7205366089499	24.8305702214748	-37.1323588779243
GB_GCA_019090795.1	19.7205366089499	24.8305702214748	-37.1323588779243
GB_GCA_019695155.1	-54.631500022274	-1.71062129109042	24.1337331988749
RS_GCF_019264375.1	-55.2869248169426	-1.08538618241696	-8.2043117735128
GB_GCA_019061145.1	32.9641809300789	-37.6315906512676	8.90552512535879
RS_GCF_019061305.1	-45.7321806033388	-13.2673149689687	-6.54596981393313
GB_GCA_020544565.1	25.5010863310706	-42.3678772381089	6.16339943077693
GB_GCA_020621865.1	25.5010863310706	-42.3678772381089	6.16339943077693
GB_GCA_020621905.1	25.5010863310706	-42.3678772381089	6.16339943077694
RS_GCF_019104745.1	-47.3322786260724	0.289859721348405	-19.5160780398024
RS_GCF_019195435.1	-47.703363367578	-0.0333899874161896	-19.1149314974928
RS_GCF_019195455.1	-47.3322786260724	0.289859721348406	-19.5160780398024
RS_GCF_019166065.1	36.1338650450842	-34.1455508716893	10.2993639529067
RS_GCF_024758505.1	-55.7555721820275	-3.03431245972253	-5.37086028090467
GB_GCA_019801415.1	-56.2231708959663	-3.58668137361463	-3.06869102321352
RS_GCF_019801145.1	-56.2485469607362	-3.53244571063899	-3.04420294421578
RS_GCF_019800885.1	-56.2501423453201	-3.5556871904446	-3.00183317822724
RS_GCF_019802125.1	-56.2598321834658	-3.52367404226245	-3.00762480983942
RS_GCF_019801965.1	-56.2775512123429	-3.54139621549851	-2.89537801308539
RS_GCF_019801605.1	-56.2738816790807	-3.54507300957541	-2.90779419338291
RS_GCF_020177595.1	-49.1702381424708	0.419549492600473	-17.9758178431406
GB_GCA_023511995.1	19.9071205580633	24.1166738289681	-37.0574568568326
RS_GCF_019264345.1	-47.3322786260724	0.2898597213484	-19.5160780398025
GB_GCA_019264445.1	47.6505215021157	17.3329832668925	-20.3054380488628
GB_GCA_019751125.1	48.8526559143363	13.1126060423633	-16.7964712114903
GB_GCA_019749945.1	48.8526559143363	13.1126060423633	-16.7964712114903
GB_GCA_019749835.1	48.8526559143363	13.1126060423632	-16.7964712114903
GB_GCA_019748335.1	48.8526559143363	13.1126060423633	-16.7964712114903
GB_GCA_019747815.1	48.8526559143363	13.1126060423632	-16.7964712114903
GB_GCA_019747795.1	48.8526559143362	13.1126060423633	-16.7964712114903
GB_GCA_019747375.1	48.8526559143362	13.1126060423633	-16.7964712114903
GB_GCA_019746735.1	48.8526559143363	13.1126060423633	-16.7964712114903
GB_GCA_019746135.1	48.8526559143363	13.1126060423633	-16.7964712114903
GB_GCA_019745775.1	48.8526559143363	13.1126060423632	-16.7964712114903
GB_GCA_019745555.1	48.8526559143363	13.1126060423633	-16.7964712114903
GB_GCA_019745575.1	48.8526559143363	13.1126060423633	-16.7964712114903
GB_GCA_019745195.1	48.8526559143363	13.1126060423633	-16.7964712114903
GB_GCA_019744975.1	48.8526559143363	13.1126060423633	-16.7964712114903
GB_GCA_021766785.1	-26.3390768025032	68.7014801238956	11.8365137193305
RS_GCF_019375555.1	-46.9304260694247	-0.802178158857348	-19.3265815300404
RS_GCF_019334345.1	-56.2501423453201	-3.55568719044461	-3.00183317822724
RS_GCF_019392335.1	24.855758952294	-40.664829555304	0.870410937530664
RS_GCF_019392245.1	24.855758952294	-40.664829555304	0.870410937530668
RS_GCF_019392195.1	-45.7321806033388	-13.2673149689688	-6.54596981393315
GB_GCA_020697385.1	37.3908204289694	32.294801740882	-30.2187214479442
GB_GCA_020697055.1	37.3908204289694	32.294801740882	-30.2187214479442
GB_GCA_021323335.1	37.3908204289694	32.294801740882	-30.2187214479442
GB_GCA_024679435.1	28.2672816298829	-39.1137985854808	1.42132193026042
GB_GCA_024686085.1	28.2672816298829	-39.1137985854809	1.42132193026041
GB_GCA_024686035.1	28.2672816298829	-39.1137985854808	1.42132193026041
GB_GCA_019459055.1	28.8941101088448	25.6526169342501	-35.1538408052014
GB_GCA_019459145.1	28.8941101088448	25.6526169342501	-35.1538408052014
GB_GCA_019459185.1	28.8941101088448	25.6526169342501	-35.1538408052014
RS_GCF_019443085.1	-45.7321806033388	-13.2673149689688	-6.54596981393316
GB_GCA_020049415.1	44.9440005026836	18.9496330123521	-23.991925199987
GB_GCA_020048435.1	44.9440005026836	18.9496330123521	-23.991925199987
GB_GCA_020048055.1	44.9440005026836	18.9496330123521	-23.991925199987
GB_GCA_022600345.1	27.5430134065474	-40.2550198017484	2.61729074660012
RS_GCF_021458635.1	51.6269934013043	39.5073132699331	59.9700871883373
RS_GCF_019602855.1	-55.6442820934071	-4.74975297558688	-2.99940153980029
GB_GCA_025140835.1	-48.392036459115	-4.23646472191994	-15.9487052379672
GB_GCA_025144335.1	-48.392036459115	-4.23646472191994	-15.9487052379672
GB_GCA_025144145.1	-48.392036459115	-4.23646472191994	-15.9487052379672
GB_GCA_025141015.1	-48.392036459115	-4.23646472191994	-15.9487052379672
GB_GCA_025141675.1	-48.392339680512	-4.2175522680926	-15.9640265187671
GB_GCA_025141935.1	-48.3672316821653	-4.22677649120792	-15.9795449872146
GB_GCA_025143825.1	-48.3672316821653	-4.22677649120792	-15.9795449872146
GB_GCA_025143985.1	-48.2082875111796	-4.16540148875209	-16.1730936162126
GB_GCA_021784115.1	-52.6347221065926	-9.15637126448606	-1.28441661331725
GB_GCA_021784125.1	-52.6347221065926	-9.15637126448606	-1.28441661331725
GB_GCA_021783995.1	-52.6347221065926	-9.15637126448605	-1.28441661331725
GB_GCA_021783695.1	-52.6347221065926	-9.15637126448605	-1.28441661331725
GB_GCA_021783455.1	-52.6347221065926	-9.15637126448606	-1.28441661331725
GB_GCA_021783435.1	-52.6347221065926	-9.15637126448605	-1.28441661331725
GB_GCA_021783175.1	-52.6347221065926	-9.15637126448605	-1.28441661331725
GB_GCA_021781575.1	-52.6351852147903	-9.15578886643949	-1.28475567367744
GB_GCA_021780975.1	-52.6346148268176	-9.15660169485987	-1.283916399972
GB_GCA_021779835.1	-52.6348887401047	-9.15607467956708	-1.28490244563699
GB_GCA_021777915.1	-52.634466009187	-9.15672740437213	-1.28406123385584
GB_GCA_021789935.1	-55.2978718416244	-4.80276842160596	-4.18239225878154
GB_GCA_021789735.1	-55.2978718416244	-4.80276842160596	-4.18239225878154
GB_GCA_021789215.1	-55.2978718416244	-4.80276842160596	-4.18239225878154
GB_GCA_021788645.1	-55.2978718416244	-4.80276842160596	-4.18239225878154
GB_GCA_021787435.1	-55.2978718416244	-4.80276842160596	-4.18239225878154
GB_GCA_021787175.1	-55.2978547509872	-4.80298301535553	-4.18202532290537
GB_GCA_021795395.1	-52.8884587459411	-9.01009063465971	-0.667297724582264
GB_GCA_021794335.1	-52.888527957658	-9.01002884085745	-0.667216462918126
GB_GCA_021793155.1	-53.3395897362133	-3.69822002615461	-10.0061477781835
GB_GCA_021792335.1	-55.0446618757781	-5.034381558447	-4.53526219773772
GB_GCA_021791055.1	-55.0447631377132	-5.03396416017682	-4.535751375496
GB_GCA_021801705.1	-55.0447631377132	-5.03396416017682	-4.535751375496
GB_GCA_021846025.1	-51.8080064606772	-10.0243437275776	-1.19102737823085
GB_GCA_021805805.1	-51.8080064606772	-10.0243437275776	-1.19102737823085
GB_GCA_021805825.1	-51.8080064606772	-10.0243437275776	-1.19102737823085
GB_GCA_021828605.1	-52.0671062623492	-9.73237061470097	-1.34034545627867
GB_GCA_021851345.1	-52.0671062623491	-9.73237061470096	-1.34034545627867
GB_GCA_021804825.1	-52.0675840996743	-9.73203727009828	-1.33971255051997
GB_GCA_021804595.1	-52.0667226606463	-9.73274039955634	-1.34041214489108
GB_GCA_021798395.1	-52.0667226606463	-9.73274039955634	-1.34041214489108
GB_GCA_021811235.1	-54.0384210621049	-6.23939190048833	-5.05880847789365
GB_GCA_021811225.1	-54.0384210621049	-6.23939190048833	-5.05880847789365
GB_GCA_021811205.1	-54.0384210621049	-6.23939190048833	-5.05880847789366
GB_GCA_021811085.1	-54.0384210621049	-6.23939190048833	-5.05880847789366
GB_GCA_021847835.1	-54.0384210621049	-6.23939190048833	-5.05880847789366
GB_GCA_021851875.1	-54.0384210621049	-6.23939190048833	-5.05880847789367
GB_GCA_021802945.1	-54.0384210621049	-6.23939190048833	-5.05880847789367
GB_GCA_021802655.1	-54.0384210621049	-6.23939190048833	-5.05880847789367
GB_GCA_021802545.1	-54.0383972847039	-6.23940216682422	-5.05885179555021
GB_GCA_021802555.1	-54.0383972847039	-6.23940216682422	-5.05885179555021
GB_GCA_021849595.1	-54.0383972847039	-6.23940216682422	-5.05885179555021
GB_GCA_021849505.1	-54.0383972847039	-6.23940216682423	-5.05885179555021
GB_GCA_021849425.1	-54.0383972847039	-6.23940216682423	-5.05885179555021
GB_GCA_021821945.1	-54.0383972847039	-6.23940216682423	-5.05885179555021
GB_GCA_021848825.1	-54.0383972847039	-6.23940216682423	-5.05885179555021
GB_GCA_021848725.1	-54.0383972847039	-6.23940216682423	-5.05885179555021
GB_GCA_021847345.1	-54.0383972847039	-6.23940216682423	-5.05885179555021
GB_GCA_021847305.1	-54.0383972847039	-6.23940216682423	-5.05885179555021
GB_GCA_021847175.1	-54.0380829542102	-6.23964312767011	-5.05918727278154
GB_GCA_021848545.1	-54.0380829542102	-6.2396431276701	-5.05918727278154
GB_GCA_021848325.1	-54.0380829542102	-6.23964312767011	-5.05918727278155
GB_GCA_021848345.1	-54.0380829542102	-6.2396431276701	-5.05918727278155
GB_GCA_021845965.1	-54.0380829542102	-6.23964312767011	-5.05918727278155
GB_GCA_021845885.1	-54.0380829542102	-6.23964312767011	-5.05918727278154
GB_GCA_021845865.1	-54.0380829542102	-6.23964312767011	-5.05918727278154
GB_GCA_021845685.1	-54.038650388062	-6.23903087991304	-5.05891455937133
GB_GCA_021845505.1	-54.038650388062	-6.23903087991304	-5.05891455937133
GB_GCA_021847015.1	-54.038650388062	-6.23903087991305	-5.05891455937133
GB_GCA_021846965.1	-54.038650388062	-6.23903087991305	-5.05891455937133
GB_GCA_021820845.1	-52.0649221319198	-4.05387715891761	-11.7802280479273
GB_GCA_021819985.1	-52.8879912865542	-9.01118759934453	-0.664351865231627
GB_GCA_021818065.1	-52.8879912865542	-9.01118759934452	-0.664351865231629
GB_GCA_021817985.1	-52.8879912865542	-9.01118759934453	-0.664351865231632
GB_GCA_021825785.1	-52.8879967441438	-9.01114994490821	-0.664519715591975
GB_GCA_021825505.1	-52.8875902398799	-9.01160830445963	-0.664498918552029
GB_GCA_021814605.1	-52.8875902398799	-9.01160830445963	-0.664498918552027
GB_GCA_021825225.1	-52.8875902398799	-9.01160830445963	-0.664498918552021
GB_GCA_021813805.1	-52.8875902398799	-9.01160830445964	-0.664498918552022
GB_GCA_021813645.1	-52.8874817355547	-9.01163975459863	-0.664964937263744
GB_GCA_021813595.1	-52.8874817355547	-9.01163975459863	-0.66496493726374
GB_GCA_021813275.1	-52.8881402405645	-9.01102493349982	-0.664324082427624
GB_GCA_021812385.1	-52.8881402405645	-9.01102493349981	-0.664324082427633
GB_GCA_021822485.1	-55.4746774385611	-5.36365780626145	-1.75505837212486
GB_GCA_021819085.1	-53.8161890046605	-3.39021346681577	-9.43119974692797
GB_GCA_021816925.1	-53.8159919805359	-3.39042628160162	-9.43136592123646
GB_GCA_021827145.1	-53.3471980439972	-3.77355551892554	-9.91527565277748
GB_GCA_021816585.1	-53.3471980439972	-3.77355551892554	-9.91527565277748
GB_GCA_021815805.1	-51.3685162926789	-10.5541178625073	-0.711121971699938
GB_GCA_021808445.1	-51.3680057747464	-10.5542868544268	-0.712627519492186
GB_GCA_021808315.1	-51.3681704187589	-10.5544615658544	-0.71105079334542
GB_GCA_021807785.1	-51.368177998585	-10.5542365003418	-0.712090882282874
RS_GCF_019795295.1	41.8102274907998	30.4284591349683	-26.7984828102812
GB_GCA_019797865.1	-51.4396127148044	-4.03813199069432	-12.7324950497954
GB_GCA_020693165.1	26.0365470852724	-41.7001514854574	4.23312499978161
RS_GCF_019966535.1	-18.6671086569173	-1.2204446740978	78.0641523254855
RS_GCF_019966545.1	-18.6671086569173	-1.2204446740978	78.0641523254855
RS_GCF_019966515.1	-48.9671171752491	-0.268899908258918	-17.9156136400663
GB_GCA_022340825.1	48.8057781554371	31.620241150848	-16.8637266944532
GB_GCA_022340705.1	48.8057781554371	31.620241150848	-16.8637266944532
GB_GCA_022340615.1	48.8057781554371	31.620241150848	-16.8637266944532
GB_GCA_022340385.1	48.6660778592645	12.7270652358073	-16.9120873399064
GB_GCA_022340315.1	48.6660778592645	12.7270652358073	-16.9120873399064
GB_GCA_022340345.1	48.6660778592645	12.7270652358073	-16.9120873399064
GB_GCA_022340285.1	48.6660778592645	12.7270652358073	-16.9120873399064
GB_GCA_022340245.1	48.6660778592645	12.7270652358073	-16.9120873399064
GB_GCA_022340185.1	48.6660778592645	12.7270652358073	-16.9120873399064
RS_GCF_019966575.1	-55.6088917819176	-0.048101046619039	-7.95696568682009
RS_GCF_019966595.1	-23.6599113640073	-3.92661330879322	75.4904910184609
GB_GCA_021738065.1	32.8469047726821	-37.7893118261359	11.0882980257728
GB_GCA_021738045.1	32.8469047726821	-37.7893118261359	11.0882980257728
GB_GCA_021737905.1	32.8469047726821	-37.7893118261359	11.0882980257728
GB_GCA_021737865.1	32.8469047726821	-37.7893118261359	11.0882980257728
GB_GCA_021738345.1	32.8469047726821	-37.7893118261359	11.0882980257728
GB_GCA_021741465.1	32.8469047726821	-37.7893118261359	11.0882980257728
GB_GCA_021738385.1	32.8469047726821	-37.7893118261359	11.0882980257728
GB_GCA_021738105.1	32.8469047726821	-37.7893118261359	11.0882980257728
GB_GCA_021741145.1	32.8469047726821	-37.7893118261359	11.0882980257728
GB_GCA_019912385.1	26.5236506508041	-40.9012111340555	2.74225155514658
GB_GCA_019911965.1	26.5236506508041	-40.9012111340555	2.74225155514658
GB_GCA_019911785.1	26.5236506508041	-40.9012111340555	2.74225155514658
GB_GCA_019911765.1	26.5236506508041	-40.9012111340555	2.74225155514658
GB_GCA_019911805.1	26.5236506508041	-40.9012111340555	2.74225155514658
RS_GCF_021021435.1	-34.461108134839	-14.6708088013961	52.8703459344785
GB_GCA_021107755.1	30.0325406913608	41.3867893829588	-31.2035595532338
RS_GCF_019931195.1	-45.7321806033388	-13.2673149689688	-6.54596981393316
GB_GCA_020055675.1	27.2223364818493	39.2952403619869	-34.0534179857138
GB_GCA_020055635.1	27.2224118702802	39.2958330452442	-34.0530185972947
RS_GCF_020080045.1	-51.4396127148044	-4.03813199069433	-12.7324950497954
GB_GCA_020161975.1	43.9803350670994	23.7722996280214	-25.5660658798254
GB_GCA_020161475.1	43.9803350670994	23.7722996280214	-25.5660658798254
GB_GCA_020161575.1	43.9803350670994	23.7722996280214	-25.5660658798254
GB_GCA_020161695.1	43.9803350670994	23.7722996280214	-25.5660658798254
GB_GCA_020161615.1	43.9803350670994	23.7722996280214	-25.5660658798254
GB_GCA_020161215.1	43.9803350670994	23.7722996280214	-25.5660658798254
GB_GCA_020161775.1	43.9803350670994	23.7722996280214	-25.5660658798254
GB_GCA_020161065.1	43.9803350670994	23.7722996280214	-25.5660658798254
RS_GCF_020535565.1	-32.9721040587951	72.0163176167464	38.336250346252
RS_GCF_020165855.1	-48.3871841781294	-4.27552563630946	-15.9204454409529
GB_GCA_022844545.1	46.3846381605997	21.3406002773292	-22.8735189106679
GB_GCA_022844525.1	46.3846381605997	21.3406002773292	-22.8735189106679
GB_GCA_022844465.1	46.3846381605997	21.3406002773292	-22.8735189106679
GB_GCA_022844485.1	46.3846381605997	21.3406002773292	-22.8735189106679
GB_GCA_022844385.1	46.3846381605997	21.3406002773292	-22.8735189106679
GB_GCA_022844225.1	46.3846381605997	21.3406002773292	-22.8735189106679
GB_GCA_022844205.1	46.3846381605997	21.3406002773292	-22.8735189106679
GB_GCA_022844045.1	46.3846381605997	21.3406002773292	-22.8735189106679
GB_GCA_022843985.1	46.3846381605997	21.3406002773292	-22.8735189106679
GB_GCA_022843955.1	46.3846381605997	21.3406002773292	-22.8735189106679
GB_GCA_022843945.1	46.3846381605997	21.3406002773292	-22.8735189106679
GB_GCA_022843925.1	46.3846381605997	21.3406002773292	-22.8735189106679
GB_GCA_022843905.1	46.3846381605997	21.3406002773292	-22.8735189106679
GB_GCA_022843705.1	46.3846381605997	21.3406002773292	-22.8735189106679
GB_GCA_022843165.1	46.3846381605997	21.3406002773292	-22.8735189106679
GB_GCA_022843145.1	46.3846381605997	21.3406002773292	-22.8735189106679
GB_GCA_022842825.1	46.3846381605997	21.3406002773292	-22.8735189106679
GB_GCA_022842595.1	46.3846381605997	21.3406002773292	-22.8735189106679
GB_GCA_022842325.1	46.3846381605996	21.3406002773292	-22.8735189106679
GB_GCA_022842305.1	46.3846381605996	21.3406002773292	-22.8735189106679
GB_GCA_022841885.1	46.3846381605997	21.3406002773292	-22.8735189106679
GB_GCA_022841665.1	46.3846381605997	21.3406002773292	-22.8735189106679
GB_GCA_022841625.1	46.3846381605997	21.3406002773292	-22.8735189106679
GB_GCA_022841325.1	46.3846381605997	21.3406002773292	-22.8735189106679
RS_GCF_020171315.1	-56.2485469607362	-3.532445710639	-3.04420294421574
RS_GCF_020171285.1	-56.2625923762786	-3.50307957743302	-3.02598685278295
GB_GCA_021373185.1	49.7637448181906	21.964575267225	-17.5513057886639
GB_GCA_021372495.1	49.7637448181906	21.964575267225	-17.5513057886639
RS_GCF_020524585.1	-56.2240367449161	-3.58120583063454	-3.07360319063261
RS_GCF_020524285.1	-56.2805389943074	-3.48061556062532	-2.97618887649833
RS_GCF_020177335.1	-56.2738816790807	-3.54507300957542	-2.90779419338293
RS_GCF_020176715.1	-56.2738816790807	-3.54507300957542	-2.90779419338293
GB_GCA_022824525.1	52.4944923474039	30.5707418237356	-8.74814538001083
GB_GCA_022822665.1	52.4944923474039	30.5707418237356	-8.74814538001083
GB_GCA_022822625.1	52.4944923474039	30.5707418237356	-8.74814538001083
GB_GCA_022824145.1	52.494492347404	30.5707418237356	-8.74814538001083
GB_GCA_022824965.1	50.8126284316165	38.9232835453202	-5.35035951022744
GB_GCA_022826385.1	50.8149880622824	38.9248720409302	-5.34182141233965
GB_GCA_022826305.1	50.8149880622824	38.9248720409302	-5.34182141233965
GB_GCA_022823405.1	50.8149880622824	38.9248720409302	-5.34182141233965
GB_GCA_022819985.1	54.0190459467218	38.8380043457191	4.89680487715504
GB_GCA_022823625.1	54.0393085714084	38.8215524294725	4.94754550426837
GB_GCA_022824665.1	50.8172881476052	38.9245222464034	-5.33592106157925
RS_GCF_020523825.1	-43.3818151059932	8.36461365744322	-22.4598301996734
RS_GCF_022788655.1	24.8783360840555	-40.6802361111697	0.912980920426648
GB_GCA_020725195.1	1.02593467815714	-6.14363770777412	73.1298992380169
GB_GCA_020725025.1	1.02593467815714	-6.14363770777412	73.1298992380169
GB_GCA_020723855.1	0.678430650888001	-7.67655509054392	72.0575817965665
GB_GCA_020723185.1	3.729127520262	-5.39009489962447	73.0027106303074
GB_GCA_020721585.1	23.2175824394578	-42.7408095209607	11.2985133021562
GB_GCA_020721445.1	23.2175824394578	-42.7408095209607	11.2985133021562
GB_GCA_020721255.1	23.2175824394578	-42.7408095209607	11.2985133021562
GB_GCA_020721225.1	23.2175824394578	-42.7408095209607	11.2985133021562
GB_GCA_020720385.1	23.2175824394578	-42.7408095209607	11.2985133021562
GB_GCA_020719895.1	23.2175824394578	-42.7408095209607	11.2985133021562
GB_GCA_020719775.1	23.2175824394578	-42.7408095209607	11.2985133021562
GB_GCA_022736605.1	23.2175824394578	-42.7408095209607	11.2985133021562
GB_GCA_022730375.1	23.2175824394578	-42.7408095209607	11.2985133021562
GB_GCA_022729835.1	23.2175824394578	-42.7408095209607	11.2985133021562
RS_GCF_022788715.1	31.9816947763256	-37.0974178821565	3.6463801008016
RS_GCF_020523605.1	-45.7321806033388	-13.2673149689687	-6.54596981393318
RS_GCF_020564565.1	-29.0312766750222	-16.0104635395256	-16.1036555885793
RS_GCF_023243115.1	27.2843167866749	-25.8284348942339	-12.4785182002855
GB_GCA_024280735.1	-18.7569283905256	-1.30913998985617	78.0205393402282
GB_GCA_024280375.1	-18.7569283905256	-1.30913998985616	78.0205393402282
GB_GCA_024279095.1	-18.7569283905256	-1.30913998985616	78.0205393402282
GB_GCA_024278055.1	-18.7492019226228	-1.30897543846249	78.0208026192186
GB_GCA_024278555.1	-18.7492019226228	-1.30897543846249	78.0208026192186
GB_GCA_024280575.1	-18.7569283905256	-1.30913998985616	78.0205393402282
GB_GCA_024280035.1	-18.7569283905256	-1.30913998985617	78.0205393402282
GB_GCA_024278835.1	-18.7569283905256	-1.30913998985616	78.0205393402281
GB_GCA_024275235.1	-18.7492019226228	-1.30897543846249	78.0208026192186
GB_GCA_024277815.1	-18.7492019226228	-1.30897543846249	78.0208026192186
GB_GCA_024276955.1	-18.7492019226228	-1.30897543846249	78.0208026192186
GB_GCA_024275935.1	-18.7492019226228	-1.30897543846249	78.0208026192186
RS_GCF_020618415.1	-47.1137101953049	-3.70543063012122	-17.4389778594354
GB_GCA_021776235.1	21.7686521735023	-38.1195144327092	-3.85826063626349
GB_GCA_021776145.1	21.7686521735023	-38.1195144327092	-3.85826063626349
GB_GCA_021776115.1	21.7686521735023	-38.1195144327092	-3.85826063626349
GB_GCA_021776095.1	21.7686521735023	-38.1195144327092	-3.85826063626349
GB_GCA_021776055.1	21.7686521735023	-38.1195144327092	-3.85826063626349
GB_GCA_021775835.1	21.7686521735023	-38.1195144327092	-3.85826063626349
GB_GCA_021775805.1	21.7686521735023	-38.1195144327092	-3.85826063626349
GB_GCA_021775575.1	21.7686521735023	-38.1195144327092	-3.85826063626349
GB_GCA_021775525.1	21.7686521735023	-38.1195144327092	-3.8582606362635
GB_GCA_021775475.1	21.7686521735023	-38.1195144327092	-3.85826063626349
GB_GCA_021775495.1	21.7686521735023	-38.1195144327092	-3.85826063626349
GB_GCA_021775385.1	21.7686521735023	-38.1195144327092	-3.85826063626349
GB_GCA_021775425.1	21.7686521735023	-38.1195144327092	-3.8582606362635
GB_GCA_021775375.1	21.7686521735023	-38.1195144327092	-3.8582606362635
GB_GCA_021775355.1	21.7686521735023	-38.1195144327092	-3.8582606362635
GB_GCA_021775315.1	21.7686521735023	-38.1195144327092	-3.8582606362635
GB_GCA_021775275.1	21.7686521735023	-38.1195144327092	-3.8582606362635
GB_GCA_021775095.1	21.7686521735023	-38.1195144327092	-3.85826063626351
GB_GCA_021775105.1	21.7686521735023	-38.1195144327092	-3.85826063626351
GB_GCA_021774355.1	21.7686521735023	-38.1195144327092	-3.85826063626351
GB_GCA_021773565.1	21.7686521735023	-38.1195144327092	-3.85826063626351
GB_GCA_021773555.1	21.7686521735023	-38.1195144327092	-3.85826063626351
GB_GCA_021773435.1	21.7686521735023	-38.1195144327092	-3.85826063626351
GB_GCA_021773155.1	21.7686521735023	-38.1195144327092	-3.85826063626352
GB_GCA_021773055.1	21.7686521735023	-38.1195144327092	-3.85826063626352
RS_GCF_022419185.1	-45.7321806033387	-13.2673149689688	-6.54596981393321
GB_GCA_022360775.1	-1.22415280942234	-35.594115845924	31.114366165467
GB_GCA_022360615.1	-1.22415280942234	-35.594115845924	31.114366165467
GB_GCA_022360595.1	-1.22415280942234	-35.594115845924	31.114366165467
RS_GCF_020831365.1	-42.8878481089254	-18.7431204644902	11.9984643962995
GB_GCA_021831025.1	-52.0671062623491	-9.73237061470096	-1.34034545627868
GB_GCA_021830925.1	-52.0672301243994	-9.73215812395267	-1.34070751783803
GB_GCA_021840255.1	-52.8875902398798	-9.01160830445963	-0.664498918552066
GB_GCA_021841865.1	-51.3685162926788	-10.5541178625073	-0.71112197169996
GB_GCA_021044545.1	-48.0201625045402	0.235844509909808	-18.9550662303618
RS_GCF_022343685.1	-54.2458073680449	-1.17228947338903	-10.3365889728927
GB_GCA_024703855.1	-6.17173379134466	-34.6606186883675	-0.796339691977252
RS_GCF_021044585.1	-55.7852726674283	-2.09787738911154	-6.2075109324615
RS_GCF_021165955.1	-47.0135460432013	0.891910161989086	-19.8665169816018
GB_GCA_021166835.1	-44.6152606815596	-7.7723135178981	-15.7109486049442
GB_GCA_021166775.1	-44.6152606815596	-7.7723135178981	-15.7109486049442
GB_GCA_021166755.1	-44.6152606815596	-7.7723135178981	-15.7109486049442
RS_GCF_021117295.1	-48.0499582219046	1.35984370442117	-19.2076713218748
RS_GCF_021044685.1	-37.8762767812257	-4.63485982245312	-21.7045371746731
GB_GCA_021648485.1	-18.7561146339201	-1.30653062139858	78.0219348419518
GB_GCA_021648285.1	-18.75611463392	-1.30653062139857	78.0219348419517
GB_GCA_021648125.1	-18.75611463392	-1.30653062139859	78.0219348419517
GB_GCA_021648045.1	-18.75611463392	-1.30653062139858	78.0219348419517
GB_GCA_021648025.1	-18.75611463392	-1.30653062139858	78.0219348419517
GB_GCA_021647745.1	-18.75611463392	-1.30653062139857	78.0219348419517
GB_GCA_021647505.1	-18.7563241738719	-1.30695531116532	78.0217074564507
GB_GCA_021154985.1	32.0404691241993	-38.3164164748619	12.3735387111927
RS_GCF_021088345.1	46.5325384405214	14.2323520065703	-20.6747895024847
RS_GCF_021052305.1	-50.4093200047787	30.2436306825218	46.8529798262057
RS_GCF_021049305.1	21.768159598689	-40.8888909263689	0.0362096471960334
GB_GCA_021208885.1	-29.0965407127844	-26.9470246319092	22.854862783047
RS_GCF_021228235.1	-47.3322786260725	0.289859721348414	-19.5160780398024
GB_GCA_021300055.1	46.6690619405586	21.701997299274	-22.5406576257224
GB_GCA_021297985.1	46.7982301427571	21.467543921842	-22.3530334261273
GB_GCA_021299555.1	46.7982301427571	21.467543921842	-22.3530334261273
GB_GCA_021299875.1	46.7982301427571	21.467543921842	-22.3530334261274
GB_GCA_021299735.1	46.7480991167592	21.4666279326966	-22.4193178853176
GB_GCA_021300575.1	46.7497981157077	21.4648367781309	-22.4169149715628
GB_GCA_021300495.1	46.7983964973148	21.4653795661129	-22.3526039405741
GB_GCA_021298085.1	46.7614000462826	21.3409532096768	-22.3886315368292
RS_GCF_021266465.1	-47.4954802823577	1.20995821970672	-19.6009264177536
GB_GCA_022627515.1	11.6862391469595	-42.2942663559502	11.3757160757899
GB_GCA_021287045.1	-47.521439645903	0.0874853658330071	-19.3029478078551
GB_GCA_021286855.1	-47.521439645903	0.0874853658330117	-19.3029478078551
GB_GCA_021286835.1	-47.521439645903	0.0874853658330072	-19.3029478078551
GB_GCA_021463505.1	21.984571358448	-40.7465040588554	-0.166479260274867
RS_GCF_021391535.1	-43.6772531022737	-4.78516020973647	-18.8544684479362
RS_GCF_021462505.1	-45.7321806033388	-13.2673149689688	-6.54596981393321
RS_GCF_021462405.1	-48.1210324069394	-14.2921049916027	5.28468718168273
RS_GCF_021462525.1	-48.120988224535	-14.2921356306583	5.28457847785825
RS_GCF_021353235.1	-46.5053869410426	-0.742873187116839	-19.6243967662007
RS_GCF_021378075.1	4.96362041922734	-23.9989599651374	53.3233851631519
GB_GCA_021555075.1	-57.0654199642005	-1.10079620340551	-0.471334086140854
GB_GCA_021555045.1	-57.0654199642005	-1.10079620340551	-0.471334086140851
RS_GCF_021395205.1	-47.3322786260725	0.289859721348412	-19.5160780398024
GB_GCA_021555105.1	-57.0654199642005	-1.1007962034055	-0.471334086140852
RS_GCF_022549225.1	-46.5723065243714	-0.5809718454859	-19.6573722876763
RS_GCF_022760835.1	-37.672369380722	-22.1812515249841	8.62520232419902
RS_GCF_022760855.1	-38.1289698387562	-21.8628194850828	8.27950469582071
RS_GCF_022760955.1	-42.4419292016968	-18.8025460027231	6.45115906487589
RS_GCF_022568815.1	-46.5723065243714	-0.580971845485903	-19.6573722876763
RS_GCF_021532625.1	-47.5931435338385	1.05588884231124	-19.5013415530159
RS_GCF_021654165.1	31.1054978812349	41.7385058145607	-30.2426657009663
RS_GCF_022012435.1	-51.0458110427515	-9.55826712903596	-4.88787352466275
GB_GCA_023150455.1	-51.4777784048768	-4.06837036658227	-12.6483685158
GB_GCA_023150375.1	-51.4777784048767	-4.06837036658227	-12.6483685158
GB_GCA_023150195.1	-51.4777784048767	-4.06837036658227	-12.6483685158
GB_GCA_023150065.1	-51.4777784048768	-4.06837036658228	-12.6483685158
RS_GCF_021556615.1	-30.5807996499035	-24.1887469425141	-0.873354901039091
GB_GCA_022425845.1	-44.7039371567531	51.4241988621563	39.9163539972188
GB_GCA_022425445.1	-44.7039371567531	51.4241988621563	39.9163539972188
RS_GCF_023311895.1	6.25369701523557	6.14874211620545	-34.3647482484582
RS_GCF_022343555.1	-55.5200686868243	-3.553158513764	13.8853205517457
RS_GCF_024359545.1	-54.3965446267048	2.62866380720341	-11.2092619423419
GB_GCA_022447275.1	-1.92674040823118	46.0932686258647	-27.8328268242392
GB_GCA_022448925.1	-1.92674040823118	46.0932686258646	-27.8328268242392
GB_GCA_022451485.1	-3.60203663190028	47.0993465385183	-26.5018546133148
RS_GCF_024195285.1	-48.3871841781294	-4.27552563630947	-15.9204454409529
RS_GCF_023952475.1	-32.4790371198535	-24.7720266613616	24.7624041563754
RS_GCF_022814865.1	-48.2939014200177	44.3984859377973	21.3748964556169
RS_GCF_024359525.1	-56.2508299234299	-3.84956969280089	-2.19674559064444
RS_GCF_022809125.1	-47.3322786260725	0.289859721348407	-19.5160780398024
RS_GCF_023507705.1	-29.7111949487016	-23.5587842935241	-3.68438009862921
RS_GCF_023213175.1	-55.6830973423221	-1.81784247529391	-6.72661451074844
RS_GCF_022678485.1	-45.8638704365605	-5.45971347968939	-16.9566437754255
RS_GCF_022678625.1	-45.8638704365605	-5.45971347968939	-16.9566437754255
RS_GCF_023016155.1	-47.1269830584384	-3.6324155258487	-17.4825952034386
RS_GCF_023016085.1	-47.1269830584384	-3.6324155258487	-17.4825952034386
RS_GCF_023015885.1	-47.1269830584384	-3.6324155258487	-17.4825952034386
RS_GCF_023015985.1	-47.1269830584384	-3.6324155258487	-17.4825952034386
RS_GCF_024396695.1	-47.168808207151	-4.04232469734808	-17.14079749194
GB_GCA_022760435.1	-56.2511139486084	-3.57024540718073	-2.97436837845224
GB_GCA_022763305.1	-56.2511139486084	-3.57024540718073	-2.97436837845224
GB_GCA_022763245.1	-56.2511139486084	-3.57024540718073	-2.97436837845225
GB_GCA_022763485.1	-56.2511139486084	-3.57024540718073	-2.97436837845224
RS_GCF_022867865.1	-48.330434095953	1.21921420065401	-18.9513634260641
GB_GCA_023260935.1	-56.1993211416032	-3.5882065617149	-3.16305489315507
GB_GCA_023260835.1	-56.1993211416032	-3.5882065617149	-3.16305489315508
GB_GCA_023263855.1	-54.7055886417387	-6.93594709687	1.40864707648111
GB_GCA_023263735.1	-55.9550129001096	-4.30013988131252	-2.72977899460045
GB_GCA_023260655.1	-55.9550129001096	-4.30013988131252	-2.72977899460045
GB_GCA_023260315.1	-54.4914723985205	-7.26478727194749	1.73903363993077
GB_GCA_023258775.1	-55.9951301484895	-2.26131555319904	-5.42496174131955
GB_GCA_023263105.1	-56.0594092161671	-2.34138083978114	-5.14097688333786
GB_GCA_023254115.1	-55.5164933607397	-5.57063655815843	0.38567398185511
GB_GCA_023253715.1	-56.2243609587882	-2.91262392065822	-3.94629005865809
GB_GCA_023255445.1	-54.5436354389975	-7.17311323544901	1.39611934987119
GB_GCA_023255415.1	-54.5436354389975	-7.17311323544901	1.39611934987119
GB_GCA_023255355.1	-54.5436354389975	-7.17311323544902	1.39611934987119
GB_GCA_023261135.1	-56.1146922632479	-2.32512553956866	-4.96985206271057
GB_GCA_023268955.1	-56.2283105922134	-2.87767598514001	-3.97154080501546
GB_GCA_023254495.1	-56.0356313815364	-4.37300039289686	-1.80582629923814
GB_GCA_023230755.1	46.653464772635	18.6428487524585	-22.0107828421453
GB_GCA_023229845.1	46.653464772635	18.6428487524585	-22.0107828421453
GB_GCA_023229695.1	46.653464772635	18.6428487524585	-22.0107828421453
GB_GCA_023229685.1	46.653464772635	18.6428487524585	-22.0107828421453
GB_GCA_023229105.1	46.653464772635	18.6428487524585	-22.0107828421453
GB_GCA_023229025.1	46.653464772635	18.6428487524585	-22.0107828421453
GB_GCA_023228785.1	46.653464772635	18.6428487524585	-22.0107828421453
GB_GCA_023228705.1	46.653464772635	18.6428487524585	-22.0107828421453
RS_GCF_023156505.1	-47.3322786260725	0.289859721348399	-19.5160780398024
RS_GCF_023195695.1	-45.7321806033389	-13.2673149689688	-6.54596981393318
RS_GCF_023541015.1	-47.3322786260725	0.289859721348396	-19.5160780398024
RS_GCF_023540835.1	-48.3072493065042	1.41443625639464	-19.0068908969075
RS_GCF_023544865.1	-48.3871841781293	-4.27552563630947	-15.9204454409529
RS_GCF_024055665.1	-47.3322786260725	0.289859721348399	-19.5160780398024
RS_GCF_024623725.1	-30.5807996499035	-24.1887469425141	-0.8733549010391
GB_GCA_023379705.1	-55.0448040060569	-5.03393968820483	-4.53567402658544
GB_GCA_023382135.1	-55.0448040060569	-5.03393968820482	-4.53567402658544
GB_GCA_023489335.1	-55.0448040060569	-5.03393968820482	-4.53567402658544
RS_GCF_023487995.1	-56.1948533107791	-3.84482277107395	-2.70643871697428
RS_GCF_023336755.1	22.4184159111719	-42.3356841803657	13.6368920384681
RS_GCF_023715105.1	59.6666369331608	32.5646924045897	43.5019724961214
RS_GCF_023370775.1	-53.997056950375	-7.67941815881846	-0.678440010001405
RS_GCF_024721115.1	-55.7194042782235	-1.90473263588582	-6.55699681476684
GB_GCA_023721795.1	-56.1948533107792	-3.84482277107395	-2.70643871697428
RS_GCF_023721835.1	-55.6033073376468	-5.42647543248019	3.06996609551828
RS_GCF_023703375.1	-30.5807996499035	-24.1887469425142	-0.873354901039095
GB_GCA_023954305.1	-56.2822951430302	-3.6887221015261	-2.57616306148509
GB_GCA_023954255.1	-56.2822951430302	-3.6887221015261	-2.5761630614851
GB_GCA_023954175.1	-56.2822951430302	-3.6887221015261	-2.57616306148509
GB_GCA_023954135.1	-56.2822951430302	-3.6887221015261	-2.57616306148509
GB_GCA_023954045.1	-56.2822951430302	-3.6887221015261	-2.57616306148509
GB_GCA_023954015.1	-56.2822951430302	-3.6887221015261	-2.57616306148509
GB_GCA_023954075.1	-56.2822951430302	-3.6887221015261	-2.57616306148509
GB_GCA_023653055.1	-8.2997761924802	-36.7241997317723	15.9449593474174
GB_GCA_023700805.1	-8.2997761924802	-36.7241997317723	15.9449593474174
RS_GCF_024199925.1	45.7343162523078	42.4410944699916	-12.2491266944847
RS_GCF_024199945.1	45.7343162523078	42.4410944699916	-12.2491266944847
RS_GCF_024199845.1	44.4162944798736	43.7668266920013	-12.8490432846733
RS_GCF_024199795.1	44.4162944798736	43.7668266920013	-12.8490432846733
GB_GCA_024304985.1	27.5087428810572	39.1053965012167	-34.056318893533
GB_GCA_024304855.1	27.5087428810572	39.1053965012167	-34.056318893533
GB_GCA_024710965.1	-44.6152606815595	-7.7723135178981	-15.7109486049442
GB_GCA_024710845.1	-44.6152606815596	-7.7723135178981	-15.7109486049442
GB_GCA_024709685.1	-44.6152606815596	-7.7723135178981	-15.7109486049442
GB_GCA_024709485.1	-44.6152606815595	-7.7723135178981	-15.7109486049442
GB_GCA_024709165.1	-44.6152606815596	-7.77231351789809	-15.7109486049442
GB_GCA_024708915.1	-44.6152606815596	-7.7723135178981	-15.7109486049442
GB_GCA_024708885.1	-44.6152606815595	-7.7723135178981	-15.7109486049442
GB_GCA_024707075.1	11.4102663656314	-38.1270468324309	-3.46220191381936
RS_GCF_023955655.1	-50.5782348132115	-11.9814191416323	4.8852955956026
RS_GCF_024159025.1	-48.0473222263289	-5.68585578673766	-14.9352046504048
RS_GCF_024128855.1	-33.4370996622986	-14.9346846254535	-14.9332730956415
RS_GCF_024158145.1	-53.997056950375	-7.67941815881845	-0.678440010001415
RS_GCF_024331145.1	52.5320192573827	30.5867427375126	-8.62894095992099
RS_GCF_024267655.1	31.9904050035245	-37.0853645856339	3.63893622182602
RS_GCF_024586915.1	50.3935532082467	22.3566834376134	-16.2677064968937
GB_GCA_024763335.1	-55.2309030179754	0.757290365937635	-9.15738375965186
GB_GCA_024763175.1	-55.2309030179754	0.757290365937637	-9.15738375965186
GB_GCA_024762895.1	-55.2309030179754	0.757290365937642	-9.15738375965186
GB_GCA_024762875.1	-55.2309030179754	0.75729036593764	-9.15738375965187
GB_GCA_024762705.1	-55.2309030179754	0.757290365937642	-9.15738375965187
GB_GCA_024762755.1	-55.2309030179754	0.757290365937641	-9.15738375965187
GB_GCA_024762585.1	-55.2309030179754	0.757290365937643	-9.15738375965187
GB_GCA_024762315.1	-55.2309030179754	0.757290365937642	-9.15738375965187
RS_GCF_024580145.1	-30.5807996499036	-24.1887469425142	-0.873354901039077
GB_GCA_024513425.1	-23.7839716103395	66.7386900185509	6.77633269757928
RS_GCF_024628725.1	-54.9506130893344	-6.5575351409227	1.32122014309516
GB_GCA_024508855.1	59.4059258670198	24.4848617669819	33.1894285868455
GB_GCA_024508675.1	59.4171895124109	24.6259008098663	33.4697313608538
RS_GCF_024518835.1	-47.3322786260725	0.289859721348396	-19.5160780398024
GB_GCA_024653965.1	-1.45321454671286	-34.4828180388147	-4.26594316626721
GB_GCA_024653915.1	-1.45321454671286	-34.4828180388147	-4.26594316626721
GB_GCA_024653675.1	-1.45321454671286	-34.4828180388147	-4.2659431662672
GB_GCA_024654105.1	-1.45321454671286	-34.4828180388147	-4.2659431662672
RS_GCF_024662015.1	-39.0365513949637	41.2710945575514	-6.31412315687915
RS_GCF_024723735.1	-52.7620141562568	1.22898751320276	-13.8175222682483
RS_GCF_024756255.1	-46.8286257384806	-0.452042453123734	-19.554341564486
RS_GCF_024753215.1	-46.8286257384806	-0.452042453123731	-19.554341564486
RS_GCF_024753145.1	-46.8286257384806	-0.452042453123734	-19.554341564486
GB_GCA_025057735.1	-53.6886083240016	-4.50595575889084	22.9924956085504
GB_GCA_025056915.1	-53.6886083240016	-4.50595575889084	22.9924956085504
GB_GCA_025056375.1	-53.6886083240016	-4.50595575889084	22.9924956085504
GB_GCA_025056355.1	-53.6886083240016	-4.50595575889084	22.9924956085504
GB_GCA_025057455.1	-53.6886083240016	-4.50595575889084	22.9924956085504
GB_GCA_025055385.1	-53.6886083240016	-4.50595575889085	22.9924956085504
GB_GCA_025055335.1	-53.6886083240016	-4.50595575889084	22.9924956085504
GB_GCA_025057055.1	-53.6886083240016	-4.50595575889084	22.9924956085504
GB_GCA_025062075.1	-53.6886083240016	-4.50595575889085	22.9924956085504
GB_GCA_025060375.1	-53.6886083240016	-4.50595575889084	22.9924956085504
