accession	spe_PC1	spe_PC2	spe_PC3
GB_GCA_913053665.1	0.211681367936491	-0.965957839910907	-0.038929148009891
GB_GCA_008932935.1	0.278327624438685	-1.07466955846526	0.00434947395463327
RS_GCF_003182595.1	0.231537867194696	-1.02267894724835	-0.0281393280303133
GB_GCA_015482705.2	0.233139648065461	-1.0254918951894	-0.0271218316839499
GB_GCA_013334975.1	0.233121403028622	-1.02622644338233	-0.0271991475247166
GB_GCA_001602925.1	0.233259311038086	-1.02650863695043	-0.0271151100873
RS_GCF_001747405.1	0.234792546736853	-1.02923130618724	-0.0261437765795365
RS_GCF_006265165.1	0.235817960832606	-1.03105239913634	-0.025494173560797
RS_GCF_004118635.1	0.236055383604136	-1.03147377880682	-0.0253437412368758
GB_GCA_016931495.1	0.233486233983493	-1.02690488428212	-0.0269707303821649
GB_GCA_011372505.1	0.238410667817542	-1.03564118638973	-0.0238502364507004
GB_GCA_013334925.1	0.236492887156678	-1.03214506885329	-0.0250570358755514
GB_GCA_020721255.1	0.252677234800412	-1.06074124049507	-0.0147819178065523
GB_GCA_903874585.1	0.251828320925309	-1.05923826653721	-0.0153202990499285
GB_GCA_903869365.1	0.242896405859228	-1.04338627651104	-0.0209824027372862
GB_GCA_020721225.1	0.23461215748554	-1.02859470258435	-0.0262276578332973
GB_GCA_003250175.1	0.247112172812933	-1.82409566121045	-0.249440909502663
GB_GCA_018662405.1	0.265031974074309	-1.97610480065538	-0.273407554812661
GB_GCA_016784825.1	0.26543737437636	-1.97830018553442	-0.273592867942943
GB_GCA_003643835.1	0.297508510608172	-2.15211411777536	-0.288289593657336
GB_GCA_021107755.1	0.2685321870839	-1.99510219150148	-0.275019785188069
GB_GCA_015663165.1	0.273706860269169	-2.02322897885551	-0.277414822154525
GB_GCA_020719775.1	0.277733014026897	-2.04513337506566	-0.279284048447397
GB_GCA_020048055.1	0.280307402295463	-2.05909061609291	-0.280465368876225
GB_GCA_913062735.1	0.277874699699869	-2.0526332073025	-0.281285507721556
GB_GCA_013215945.1	0.274566651491119	-2.03440824582523	-0.279683932468176
GB_GCA_002733685.1	0.274808202507684	-2.03573899190669	-0.279800871058212
GB_GCA_001655195.1	0.259755896403182	-1.95268058426832	-0.272475774932284
RS_GCF_013201625.1	0.288613531945073	-2.11780020207555	-0.28820022928123
RS_GCF_003316695.1	0.288973898739976	-2.11982285582271	-0.288385355563554
RS_GCF_016106035.1	0.29364477669287	-2.14617516969132	-0.290823306268055
RS_GCF_013201705.1	0.293468228714106	-2.14518580610969	-0.290733053540333
RS_GCF_013372265.1	0.294866038285	-2.15304046785668	-0.291453702872269
RS_GCF_003355515.1	0.295323603001495	-2.15564886131143	-0.2917001321239
RS_GCF_014352935.1	0.293894372121451	-2.1476204257343	-0.29096407615349
RS_GCF_003660105.1	0.295194732417075	-2.15493172684752	-0.291635683713198
RS_GCF_002993025.1	0.296307164166638	-2.16118570647509	-0.292210034825268
RS_GCF_003544835.1	0.297476143206163	-2.16775097330801	-0.292811668121639
RS_GCF_004214815.1	0.300304750350263	-2.18366663591856	-0.294275888824404
RS_GCF_004299785.2	0.299623869808939	-2.17983847230481	-0.29392426046624
RS_GCF_900187115.1	0.277250086134882	-2.05373400044802	-0.282281614043329
RS_GCF_013201725.1	0.271457017365597	-2.02104649202914	-0.27925674193466
RS_GCF_003544915.1	0.271277186176184	-2.02004193256403	-0.279165718423778
RS_GCF_013201935.1	0.269917687369175	-2.01236003543229	-0.27845274413178
RS_GCF_013177635.1	0.26992178610857	-2.01238291872443	-0.278454815119465
RS_GCF_003544815.1	0.271848704205832	-2.02298659917126	-0.279384667335465
RS_GCF_013201665.1	0.272758346617261	-2.02806196132607	-0.279843385721075
GB_GCA_017995775.1	0.27230065912065	-2.02550542493708	-0.27961175441499
RS_GCF_013177675.1	0.272106867185423	-2.02442416436802	-0.279514029505128
RS_GCF_004214795.1	0.268986019274985	-2.00620448753339	-0.277710623671666
GB_GCA_023268955.1	0.276264401671886	-2.04666455783854	-0.281338219648924
RS_GCF_024267655.1	0.270014589365295	-2.01197467511587	-0.278238357547938
RS_GCF_018861145.1	0.27659495053304	-2.04872875868631	-0.28156816127314
RS_GCF_009208075.1	0.276349364645219	-2.04736281488785	-0.281445543655357
GB_GCA_905479135.1	0.278626313034326	-2.06003961201712	-0.282585968794357
RS_GCF_001956695.1	0.275689643269241	-2.04368305619527	-0.281113165376165
RS_GCF_003667345.1	0.278672723822495	-2.06028966738013	-0.282606816606265
RS_GCF_013283835.1	0.271093071635024	-2.01802806274246	-0.278792608483162
GB_GCA_002869565.1	0.267250008593976	-1.99598587548317	-0.276683558908437
GB_GCA_913057765.1	0.270240450734531	-2.01257781709289	-0.278165005880413
RS_GCF_001895145.1	0.266969655122123	-1.99443593574166	-0.276546278940595
RS_GCF_003346815.1	0.268609827029125	-2.003626323944	-0.27738485407357
RS_GCF_004116625.1	0.271795980576882	-2.02132427357367	-0.278969067844624
RS_GCF_004116455.1	0.269738157974497	-2.00990583005109	-0.277949357659491
RS_GCF_004118855.1	0.271032892996808	-2.01709472729426	-0.278592288397005
GB_GCA_013373175.1	0.270362055426432	-2.01337021173248	-0.278259240223553
GB_GCA_003252105.1	0.268114284012821	-2.00082941686202	-0.277125643190508
RS_GCF_006459125.1	0.270108409990766	-2.01191267528918	-0.278119054882618
RS_GCF_013201825.1	0.273129046776729	-2.02867593311182	-0.279616539624764
RS_GCF_005771535.1	0.27008531168549	-2.01177621155487	-0.278105216280886
RS_GCF_004116495.1	0.268086740247356	-1.99993040239378	-0.276897904675428
RS_GCF_004116725.1	0.26799014998925	-1.99939850424216	-0.276851213799783
RS_GCF_003544935.1	0.268629864584115	-2.00293733324507	-0.277165101976864
RS_GCF_003544855.1	0.268926460546844	-2.00456334621021	-0.277306369832686
RS_GCF_002837275.1	0.266668661378847	-1.99207530339684	-0.276199073958727
GB_GCA_002869535.1	0.265556585404738	-1.98514175950247	-0.27542900778395
RS_GCF_000092245.1	0.267439569764384	-1.99552915028154	-0.27634457495253
RS_GCF_004116465.1	0.266732430281594	-1.99162987693	-0.276001212174728
GB_GCA_016744485.1	0.266955102108262	-1.99095501284669	-0.275562518067356
RS_GCF_014844135.1	0.256698499229994	-1.92607485889396	-0.268191415731507
GB_GCA_024280575.1	0.260375565540856	-1.93200263021756	-0.265842047067254
GB_GCA_013151055.1	0.261046339325356	-1.93549964695494	-0.266109637749581
GB_GCA_016744795.1	0.267376247516741	-1.96849382844058	-0.268632533250777
GB_GCA_000743525.1	0.271090312571509	-1.98802997995987	-0.270163332397174
RS_GCF_001723605.1	0.270176115625134	-1.98326075079596	-0.269797751313003
GB_GCA_003978455.1	0.255919809990296	-1.90842787724829	-0.263966606426073
GB_GCA_016744895.1	0.263360659268499	-1.94730437852199	-0.266959100760572
GB_GCA_024278835.1	0.263358891998401	-1.94736422349648	-0.266978223754031
GB_GCA_024762875.1	0.262996470252065	-1.94547524397533	-0.266833775281532
GB_GCA_015484905.1	0.260685848122535	-1.94371642115578	-0.268844922522882
GB_GCA_003978765.1	0.255186040068313	-1.91462827450136	-0.266532299269162
GB_GCA_002049495.1	0.265571701080621	-1.97362441612318	-0.272052767576175
GB_GCA_024763175.1	0.283135756658246	-2.07968577532256	-0.283172869489716
GB_GCA_015488875.1	0.28523248111105	-2.09116337393096	-0.284164618334573
GB_GCA_016744315.1	0.286859527949034	-2.10005766869499	-0.284930724040572
GB_GCA_015490315.1	0.286800702772189	-2.10081262577224	-0.285208128598162
GB_GCA_020525365.1	0.295448926591096	-2.14830843692552	-0.289342589777511
RS_GCF_014931715.1	0.284988662397221	-2.09087913269562	-0.284346971909289
RS_GCF_001595645.1	0.281363721818683	-2.07096225705009	-0.282611504044698
RS_GCF_000987835.1	0.283530271539148	-2.08285115651298	-0.283644536116737
GB_GCA_024762315.1	0.280200959878665	-2.06462457400418	-0.282069187171356
GB_GCA_913055205.1	0.279223740583005	-2.05932310295575	-0.281620493039431
GB_GCA_024637255.1	0.292896221644581	-2.13467964469264	-0.288232624779605
GB_GCA_002281755.1	0.29717230061821	-2.15820388043544	-0.29028824528425
GB_GCA_023955225.1	0.287927744245163	-2.10733652065827	-0.285841398122944
RS_GCF_023213175.1	0.290595414004137	-2.12200767876823	-0.287122512845354
GB_GCA_015661795.1	0.295620842467366	-2.14969674007768	-0.289550309191665
GB_GCA_003978375.1	0.299568350837078	-2.17143222270784	-0.291453274871064
GB_GCA_011330645.1	0.292843408795519	-2.13442700148748	-0.288217928305068
GB_GCA_013607775.1	0.293385747844747	-2.13741112510451	-0.288478793174296
GB_GCA_015661535.1	0.290525478304916	-2.12163572729808	-0.287092487928573
GB_GCA_020719895.1	0.297546903129114	-2.15902483737633	-0.290116754114663
GB_GCA_902727895.1	0.296903281852136	-2.15443033521162	-0.289505678507652
GB_GCA_902727935.1	0.298275765171876	-2.16193493097567	-0.290152356392814
GB_GCA_902727915.1	0.29948200251995	-2.16852879154522	-0.290720219299924
GB_GCA_902727905.1	0.296643866858761	-2.15301788742373	-0.289385138387347
GB_GCA_002311915.1	0.288921568218414	-2.11064874519829	-0.285705986976394
GB_GCA_015494795.1	0.295607893172082	-2.14698795134966	-0.288794134976937
GB_GCA_015491955.1	0.274388745354105	-2.02816450703042	-0.278006518876944
GB_GCA_015486995.1	0.272953138689195	-2.02042612310662	-0.277361618995496
RS_GCF_000186245.1	0.271632448133906	-2.01328930858058	-0.276763190268949
GB_GCA_015487065.1	0.271111574243544	-2.01047162672782	-0.276526319647505
GB_GCA_015488535.1	0.273449483739679	-2.02298488636688	-0.277551023457331
GB_GCA_013153345.1	0.277983637419633	-2.04747009571836	-0.279600164824783
GB_GCA_015490055.1	0.27965633485388	-2.05651552865151	-0.280359889825623
GB_GCA_013153675.1	0.283943860492918	-2.07965928648635	-0.282295160950379
RS_GCF_900176045.1	0.263057196883451	-1.95371312186744	-0.269121301057129
GB_GCA_015494595.1	0.269944821493783	-1.99004485293551	-0.271990224255254
RS_GCF_016629565.1	0.261205665038479	-1.94391712022904	-0.268341687263044
GB_GCA_009659895.1	0.259650074771722	-1.9356917968787	-0.267688071365727
GB_GCA_009659925.1	0.270425568037815	-1.99247148124842	-0.272158918709255
GB_GCA_000830255.1	0.265967850560445	-1.98499979473491	-0.274918432196054
GB_GCA_024637195.1	0.279072066393998	-2.06921998380106	-0.284713013796252
GB_GCA_014859655.1	0.278910237199494	-2.06832195987344	-0.284632843343144
GB_GCA_024280035.1	0.281910349009273	-2.08497438186833	-0.286120250022867
GB_GCA_002733885.1	0.28409191115811	-2.09708299360782	-0.287201749666139
GB_GCA_016744575.1	0.269462079784131	-2.01673195577142	-0.280193108436643
GB_GCA_023229695.1	0.282931344977613	-2.09462344445286	-0.287767679236085
GB_GCA_016938595.1	0.283123000904005	-2.09577556915537	-0.287888007409511
RS_GCF_004347735.1	0.288476268890778	-2.12588879831786	-0.290656594788754
GB_GCA_000747095.1	0.286153293676338	-2.11282242817101	-0.289455447103995
RS_GCF_000183725.1	0.284621953381826	-2.10425059239444	-0.288675572824147
GB_GCA_000310245.1	0.289409645360258	-2.13121274943205	-0.291160359303989
GB_GCA_019163035.1	0.289391879225658	-2.13111274287113	-0.29115115149431
GB_GCA_024637215.1	0.288478845995058	-2.12597240461868	-0.290677710212828
GB_GCA_023250475.1	0.286905413772306	-2.11711359978912	-0.289861699067172
GB_GCA_002633015.1	0.286308191283146	-2.11373114753779	-0.289546260251513
GB_GCA_014764075.1	0.287641236592129	-2.1212318209616	-0.290236258518585
GB_GCA_024637295.1	0.285260385001249	-2.10773652379283	-0.28897555204722
GB_GCA_002282015.1	0.28741344060997	-2.11984274613538	-0.290087584232186
GB_GCA_023379705.1	0.286544467440323	-2.11495727154115	-0.28963893900629
GB_GCA_020721585.1	0.290424209317089	-2.13677706128711	-0.291644095740425
GB_GCA_011391735.1	0.289442249484078	-2.13126965643708	-0.291140931783245
GB_GCA_024635855.1	0.287866223570573	-2.12241208709816	-0.290328117464637
GB_GCA_903844635.1	0.287655793162351	-2.1212288505454	-0.290219425056421
GB_GCA_024762585.1	0.27551070625873	-2.05082418735312	-0.283340858636382
RS_GCF_021044585.1	0.2767868725518	-2.0579282005945	-0.283979474305921
GB_GCA_022729835.1	0.28013978047472	-2.07561131965653	-0.285375748319875
GB_GCA_016938735.1	0.278383664683005	-2.06585930457762	-0.284503768629205
GB_GCA_016744115.1	0.290060452228443	-2.138039727435	-0.292406081247484
GB_GCA_021157485.1	0.282206611187435	-2.09386064366726	-0.288343929649069
RS_GCF_014905095.1	0.294254784476868	-2.16262248236097	-0.294857915373204
GB_GCA_024513425.1	0.29839215962895	-2.18628116079196	-0.29710785356899
RS_GCF_009192995.1	0.29209141853964	-2.15047643463814	-0.293745563773242
GB_GCA_013607665.1	0.294199375281959	-2.16244984635062	-0.294868932894263
RS_GCF_014905135.1	0.294156589714567	-2.16220672568069	-0.294846104897486
RS_GCF_000147355.1	0.294932728973832	-2.16663235114754	-0.295264583742902
RS_GCF_009068765.1	0.295005341291648	-2.16704852859147	-0.295304344580264
RS_GCF_014905115.1	0.295710695505984	-2.17105736080842	-0.295680908657061
GB_GCA_024762705.1	0.296992779151903	-2.1783385913232	-0.296363823765606
GB_GCA_016938175.1	0.288214829204471	-2.12820159578812	-0.291606817406373
GB_GCA_015487265.1	0.289339510676217	-2.13450725118981	-0.292182607853133
RS_GCF_017357825.1	0.287129825092548	-2.12202689635527	-0.291025268556695
GB_GCA_018698455.1	0.291717798698203	-2.14808670917393	-0.293470177411506
GB_GCA_021766785.1	0.298011859778572	-2.1838254947727	-0.296820901332407
GB_GCA_015663215.1	0.292857719061347	-2.1545849819075	-0.294084336426113
GB_GCA_002733945.2	0.29369232149387	-2.15932070982111	-0.294527712717666
GB_GCA_023228785.1	0.283809689353541	-2.10244813825876	-0.289050369364448
RS_GCF_000445475.1	0.283905899555206	-2.10299181723616	-0.289100841347259
RS_GCF_000242915.1	0.278522634195201	-2.07255012710798	-0.286270703634042
RS_GCF_015265455.1	0.276082957274848	-2.05833671617054	-0.284869051912103
RS_GCF_015265475.1	0.276383856749605	-2.06003357386774	-0.285025902584177
GB_GCA_021648285.1	0.281452417827099	-2.08860846981969	-0.287665603124014
GB_GCA_002452425.1	0.28921906456441	-2.13260434580169	-0.291770774785286
RS_GCF_005217605.1	0.282461413557978	-2.09450588004531	-0.288251137939167
GB_GCA_014859695.1	0.283669477412888	-2.10133027147208	-0.28888424804821
GB_GCA_002899765.1	0.283121856159588	-2.09823763053146	-0.28859751196
GB_GCA_023229105.1	0.283446815827512	-2.10006833082151	-0.288766369183958
GB_GCA_023229025.1	0.285966621869091	-2.1142990543622	-0.29008584274686
GB_GCA_945883795.1	0.279332980523857	-2.07600170018377	-0.286373123401686
GB_GCA_024635885.1	0.277303325810691	-2.06458239353513	-0.285322733110027
GB_GCA_018825665.1	0.272542849831204	-2.03779565605098	-0.282858165774605
GB_GCA_021163845.1	0.275735265637961	-2.05575293158238	-0.28450917860131
GB_GCA_014764025.1	0.271667399953349	-2.03147341540188	-0.282004469417746
GB_GCA_015488075.1	0.281673611779196	-2.08569886465815	-0.286588195814478
GB_GCA_018824305.1	0.267184610548828	-2.00420595028725	-0.279098053667056
GB_GCA_903885085.1	0.270408925242402	-2.02214117323108	-0.280707809809781
GB_GCA_903892995.1	0.270202439205108	-2.02099313039617	-0.280604875504738
GB_GCA_002878035.1	0.185953840920507	-1.11045286249812	-0.109948361958186
RS_GCF_000619805.1	0.188163748449438	-1.11574955264366	-0.109015550880438
GB_GCA_013153795.1	0.182753541658297	-1.10312231419979	-0.111370549613119
RS_GCF_016617615.1	0.195139613058667	-1.13299706880873	-0.106181449712661
RS_GCF_900215515.1	0.194067219213232	-1.13042080986658	-0.106632889161834
GB_GCA_015487465.1	0.195543569520344	-1.1339738253338	-0.106012729183933
GB_GCA_012961365.1	0.195093591176905	-1.13290731268252	-0.106205153735428
GB_GCA_003978675.1	0.192006036074815	-1.12547812585643	-0.107502390495369
GB_GCA_015519975.1	0.19422085926398	-1.13079355121015	-0.106568870901448
RS_GCF_003688665.1	0.194281492597479	-1.13093945664803	-0.106543396980035
GB_GCA_013153635.1	0.194655366192782	-1.13170060195452	-0.106356983394873
GB_GCA_015487615.1	0.204276080412783	-1.16122791164954	-0.103484713705761
RS_GCF_000025605.1	0.216623553350533	-1.19296968509092	-0.0986710822243146
RS_GCF_000512735.1	0.214937931386704	-1.18885852755369	-0.0993699812453302
GB_GCA_020833645.1	0.216065636211697	-1.19164909915518	-0.0989101307417994
GB_GCA_023255875.1	0.212828377013698	-1.18364415658962	-0.100230802720678
GB_GCA_003696155.1	0.217350355393558	-1.19509828206287	-0.0984353713104358
GB_GCA_025056375.1	0.225256006274333	-1.21487669188731	-0.0952507264584179
GB_GCA_025062075.1	0.227701331748297	-1.22095302382719	-0.0942580733516308
GB_GCA_025057455.1	0.222581954661394	-1.20821717204646	-0.0963336262679918
GB_GCA_018771605.1	0.21891189447865	-1.19910246817267	-0.0978242597946267
RS_GCF_011006175.1	0.215715865541077	-1.19113700337756	-0.0991172258949332
GB_GCA_013153455.1	0.200617452426626	-1.15237990901985	-0.105022579617643
GB_GCA_015661465.1	0.203659021815268	-1.15988663595495	-0.103779526613577
GB_GCA_003978875.1	0.202299619737642	-1.15654457105558	-0.104337715978099
GB_GCA_015490155.1	0.203446581911879	-1.15936329481171	-0.103865861194075
GB_GCA_015490215.1	0.201634025600632	-1.15520437706423	-0.104669747616594
GB_GCA_015490105.1	0.209167604552831	-1.17377276032576	-0.101585384609888
GB_GCA_011375045.1	0.207923353534854	-1.17074104626992	-0.102101860955724
GB_GCA_013153495.1	0.201144973774879	-1.15404774117105	-0.10487970331831
RS_GCF_003664005.1	0.208426417710174	-1.17202215991198	-0.101904210267625
GB_GCA_015492115.1	0.205070898623631	-1.16374716438598	-0.103277031101617
GB_GCA_015487835.1	0.202755026212133	-1.15788458803981	-0.104194298201677
GB_GCA_023489335.1	0.192949851024617	-0.985038190886657	-0.067875974418959
GB_GCA_021831025.1	0.193661855236596	-0.986329544807285	-0.0674618066366001
GB_GCA_021794335.1	0.194777343255412	-0.988348991468444	-0.0668123220573391
GB_GCA_021822485.1	0.221748194347925	-1.0373193579711	-0.0511236092060939
GB_GCA_021813595.1	0.208712250423862	-1.0136747304621	-0.0587089693601463
GB_GCA_021845685.1	0.197860055802145	-0.993661416625439	-0.0649769680002572
GB_GCA_004195025.1	0.197658061687574	-0.993296656274658	-0.0650947231321183
GB_GCA_011522975.1	-0.605196892480597	-0.263780148933754	0.110262648985241
GB_GCA_016778895.1	-0.622941773888563	-0.257756606993249	0.125436104616574
GB_GCA_018401495.1	-0.55667673262646	-0.280304576595626	0.0687724580946623
GB_GCA_002238645.1	-0.598161699438522	-0.266380576098679	0.104249456489671
GB_GCA_022822665.1	-0.598044567583169	-0.266420228145828	0.104149349721346
RS_GCF_000426505.1	-0.558860584580917	-0.279710059295359	0.0706478086787206
RS_GCF_014904795.1	-0.557150914598687	-0.280288376917149	0.0691870953229608
RS_GCF_024662015.1	-0.555920548605957	-0.280704752170933	0.0681358697231011
RS_GCF_014904705.1	-0.556365020897146	-0.28055482941578	0.0685156311331496
GB_GCA_017640745.1	-0.555752488493789	-0.280762016440196	0.0679922949226503
GB_GCA_905480575.1	-0.580290379332686	-0.271991646299801	0.0889198155189062
GB_GCA_025055335.1	-0.710854884478397	-0.217864615016573	0.13543018297324
RS_GCF_003173615.1	-0.727728731317111	-0.212173114844152	0.148364525759705
RS_GCF_023243115.1	-0.758547677135174	-0.201678987768876	0.171934941769751
RS_GCF_000425365.1	-0.746910096337867	-0.20565074887171	0.163040576625974
GB_GCA_025057055.1	-0.760358652962373	-0.201050678749413	0.173313082693335
RS_GCF_018129005.1	-0.727264657164239	-0.212334501253536	0.1480102471722
RS_GCF_005222755.1	-0.728027409269234	-0.212073920640173	0.148592974303881
RS_GCF_004761865.1	-0.717159692268861	-0.215787172939838	0.140290099132956
RS_GCF_004343615.1	-0.740204639689088	-0.207932306365097	0.157906507371196
RS_GCF_020523605.1	-0.739195765131988	-0.208276717181899	0.157135597107437
GB_GCA_023390705.1	-0.730078963726704	-0.211382229667858	0.150165181247268
GB_GCA_021816925.1	-0.72595063849594	-0.212715128944178	0.146982167930152
GB_GCA_021847175.1	-0.722861513649057	-0.213772294296614	0.144622703631048
GB_GCA_021849425.1	-0.761959102491431	-0.200630757512381	0.174659094012038
GB_GCA_021828605.1	-0.773006057457109	-0.196888444614703	0.183124943647211
GB_GCA_021808315.1	-0.770077481077226	-0.197886027101546	0.180884652792185
GB_GCA_002279355.1	-0.76815490938455	-0.198540613925913	0.179413722592907
GB_GCA_002255575.1	-0.76628328731932	-0.199142277842411	0.17795577052053
GB_GCA_002281005.1	-0.766910359517128	-0.198928527086389	0.178435351805042
GB_GCA_019352115.1	-0.734997981597396	-0.209707777615188	0.153949058122247
GB_GCA_021807785.1	-0.750625178885038	-0.204368695727438	0.165890407722264
GB_GCA_014377905.1	-0.754352090745817	-0.203124448677385	0.168755083578303
GB_GCA_001899585.1	-0.72784440404374	-0.212174900966965	0.148495912460541
GB_GCA_903881515.1	-0.743758205607155	-0.206743734400918	0.160659335485904
GB_GCA_945874805.1	-0.740230047087163	-0.207948303180527	0.157962881413391
GB_GCA_000961745.1	-0.684159573468854	-0.225007615693319	0.113711095103893
RS_GCF_014197915.1	-0.680222588489485	-0.226497626709672	0.110761149159031
RS_GCF_009601025.1	-0.686448844029534	-0.224325015596148	0.115482210043201
RS_GCF_014197855.1	-0.688212474646245	-0.223706660576753	0.116818555279917
RS_GCF_014197795.1	-0.685809048806323	-0.224547313926086	0.114996792295934
GB_GCA_021741145.1	-0.696975175254464	-0.220556700440001	0.123437048952719
GB_GCA_016214125.1	-0.645800094808941	-0.238542977118562	0.084645164659866
GB_GCA_002753155.1	-0.65811255334482	-0.234267974486638	0.0939794389287472
GB_GCA_015232335.1	-0.658292712048073	-0.234204790162141	0.0941158912654392
GB_GCA_016215555.1	-0.663242745096177	-0.2324691412512	0.0978652306740582
GB_GCA_015231795.1	-0.664372513876005	-0.23207298054349	0.098720941425972
GB_GCA_903899885.1	-0.682222567988538	-0.226125946231913	0.112323393766169
GB_GCA_903924765.1	-0.690286776150086	-0.223313932467874	0.11843641578417
GB_GCA_021848545.1	-0.677391662572442	-0.227807489310478	0.108660239413671
GB_GCA_021847015.1	-0.659199190211542	-0.234154460796727	0.0948716165873996
RS_GCF_001650635.1	-0.665132355409694	-0.23209225306931	0.0993689487225551
GB_GCA_020217035.1	-0.663726259625336	-0.232608144409087	0.0983086790456427
GB_GCA_002435715.1	-0.665962973615189	-0.231829045224778	0.100004106129578
GB_GCA_001898825.1	-0.665896283765164	-0.231852277901048	0.0999535559285664
RS_GCF_018224925.1	-0.668540637487252	-0.230929783480741	0.101957712916772
GB_GCA_006218045.1	-0.667276602021332	-0.231370168465914	0.100999588646915
RS_GCF_003284725.1	-0.669055252592187	-0.230679038354326	0.102332101653805
GB_GCA_903853455.1	-0.667478612544856	-0.231229687439775	0.101137309236346
GB_GCA_021793155.1	-0.653596129439304	-0.235937400740368	0.0905818223167106
GB_GCA_021781575.1	-0.65473149467826	-0.235539468842515	0.0914418387928118
GB_GCA_021776095.1	-0.672996505928963	-0.228853085836881	0.105132514157652
GB_GCA_021776115.1	-0.674154755026585	-0.228446247117815	0.106009481276053
GB_GCA_021776055.1	-0.675394835871888	-0.228001730793322	0.106946382499169
GB_GCA_022572685.1	-0.675982441633909	-0.22779533939142	0.107391318970042
RS_GCF_007004665.1	-0.66733073858658	-0.230820189249214	0.100836561054691
GB_GCA_001657395.1	-0.674122167325683	-0.228472061050074	0.105988254124129
GB_GCA_009377535.1	-0.675946695520213	-0.227833748459275	0.107370291885371
RS_GCF_014925385.1	-0.66953240500956	-0.230085733087049	0.102513505313313
GB_GCA_021776145.1	-0.680880728271382	-0.226077001607231	0.111100941474545
RS_GCF_003572205.1	-0.679877464177062	-0.226306699992614	0.110312551990214
GB_GCA_006969625.1	-0.674203676222085	-0.228304274627035	0.106017682350146
GB_GCA_913055855.1	-0.696794953923143	-0.220316771277955	0.123114586944771
RS_GCF_003568845.1	-0.668225477011254	-0.230528928981426	0.101509339773894
RS_GCF_016806835.2	-0.654395509472583	-0.235440124556613	0.0910500896858535
RS_GCF_016765655.2	-0.652961065263515	-0.235943632672545	0.0899640908018612
RS_GCF_013423485.1	-0.663777174966968	-0.232254047329959	0.0981822601982813
RS_GCF_000429625.1	-0.659526671459487	-0.233741474908368	0.0949629363899435
RS_GCF_003116095.1	-0.677322573284797	-0.227580137842964	0.108459850520139
RS_GCF_001305595.1	-0.677879317941601	-0.22738647291364	0.108881843662626
RS_GCF_004923315.1	-0.677411770366658	-0.22754992005623	0.108527675506622
RS_GCF_019805165.1	-0.679258994574999	-0.226905820699465	0.109927397746661
RS_GCF_016595245.1	-0.680685184106132	-0.226408476831512	0.111008069411689
GB_GCA_023423695.1	-0.677253406107325	-0.227605081200096	0.108407660284557
RS_GCF_003590795.1	-0.683145551080579	-0.225542992727689	0.112870435053842
GB_GCA_016124535.1	-0.672943589421716	-0.228966502520796	0.105104973164705
GB_GCA_016793965.1	-0.651562454664184	-0.236013075902311	0.0888043457930258
GB_GCA_023266845.1	-0.657544705798203	-0.23401831380767	0.0933703000700657
GB_GCA_023150455.1	-0.657242291134824	-0.234128355325874	0.0931421626073477
GB_GCA_016792605.1	-0.666612536479583	-0.230821814203121	0.100232804752753
GB_GCA_016869915.1	-0.698171450825276	-0.219961596056197	0.12422885380938
GB_GCA_020249045.1	-0.706904797212875	-0.216977242825247	0.130878644237829
GB_GCA_945901855.1	-0.714738241853205	-0.214240616880492	0.136818354718786
GB_GCA_016794005.1	-0.703972782000019	-0.218017015233903	0.128661757479073
GB_GCA_016794025.1	-0.706069311784458	-0.217281774634592	0.130250261999251
GB_GCA_022843945.1	-0.668351858013083	-0.230417054864971	0.101627639935737
GB_GCA_016869415.1	-0.674260834111875	-0.228338652650178	0.10610160567184
GB_GCA_016195145.1	-0.659544967200005	-0.233504073834954	0.0949565484925247
GB_GCA_016201015.1	-0.669837409644153	-0.229883079563653	0.102749459469631
GB_GCA_016869645.1	-0.657777015752338	-0.233767180822771	0.0935022845460672
GB_GCA_020446285.1	-0.812368135645405	-0.16284309867866	0.158194131918896
GB_GCA_002898955.1	-0.827380025753838	-0.15715147272428	0.168555192419996
GB_GCA_018650465.1	-0.790392811003054	-0.164721641631147	0.120143282862477
GB_GCA_018654745.1	-0.787383502387956	-0.165894826482969	0.118157457951769
GB_GCA_016776605.1	-0.814664649792555	-0.149051240071966	0.113717648804844
GB_GCA_021776235.1	-0.812581888018604	-0.149883846534116	0.112401173707159
GB_GCA_021774355.1	-0.884213831998259	-0.110723100711103	0.119112268409627
GB_GCA_022760435.1	-1.1721366841171	0.0691447555665798	-0.142739572890941
GB_GCA_019634215.1	-1.17817701499802	0.0721543771360691	-0.142831284038632
GB_GCA_003697125.1	-1.31306641082962	0.161853328190329	-0.326837610340714
RS_GCF_013093415.1	-1.35234421573873	0.189497123540534	-0.392573668834406
GB_GCA_015485015.1	-1.42709524062469	0.23265495148862	-0.442048957184888
GB_GCA_013139635.1	-1.43936028677026	0.23943732434234	-0.447733684464335
GB_GCA_002402045.2	-1.4535460703937	0.247281267304768	-0.454301110515865
GB_GCA_016744015.1	-1.43581499885671	0.237476878502596	-0.446091066454717
GB_GCA_021647745.1	-1.43403445741537	0.236491492166287	-0.445255193078893
GB_GCA_015485375.1	-1.36665087966199	0.19922692886777	-0.414009229796356
GB_GCA_002366645.1	-1.38434623024033	0.209011794915681	-0.42222309150467
GB_GCA_002367255.1	-1.38939317537935	0.211802724924653	-0.424569014019408
GB_GCA_023134935.1	-1.39401207340246	0.214356570347231	-0.426707968084677
GB_GCA_002162875.1	-1.39869115607306	0.216943637075796	-0.428873617187771
GB_GCA_002746395.1	-1.39786217708467	0.216485325913451	-0.428490560094543
GB_GCA_016765235.1	-1.40624776302925	0.221121672108034	-0.432370725513883
GB_GCA_002711145.1	-1.53699520922355	0.299812398538406	-0.542828249866374
GB_GCA_002457055.1	-1.54855449925559	0.30633634638534	-0.549221459261097
GB_GCA_001627925.1	-1.54895123857002	0.306560218211799	-0.549440522669775
GB_GCA_902631295.1	-1.55477715004171	0.309848470323313	-0.552664022404988
GB_GCA_902554885.1	-1.5466553877785	0.30526542395717	-0.548178671433131
GB_GCA_902602765.1	-1.55422782502825	0.309538541267519	-0.552361073611977
GB_GCA_902635985.1	-1.55580222274099	0.310426972611248	-0.553230647295176
GB_GCA_003332035.1	-1.54248244268778	0.302888922539293	-0.545691504483502
GB_GCA_902534325.1	-1.54945954756826	0.306825265922769	-0.549538101196487
GB_GCA_902543185.1	-1.55236089153624	0.308462069581738	-0.551137022023924
GB_GCA_902562285.1	-1.79899298859814	0.448642802056595	-0.691724015456166
GB_GCA_902611605.1	-1.79695940810422	0.447491664690871	-0.690586034630289
GB_GCA_902570265.1	-1.78908242793996	0.443031826207817	-0.686173147976153
GB_GCA_902625475.1	-1.80369391913375	0.451307714533543	-0.694373761084782
GB_GCA_902578545.1	-1.80349442692277	0.451194820790553	-0.694262282652455
GB_GCA_902573735.1	-1.80824800870249	0.453886433302115	-0.696926330961891
GB_GCA_902541695.1	-1.82109174025327	0.461154727467325	-0.704102912583774
GB_GCA_002699695.2	-1.77505037909299	0.435021501650184	-0.677985086980168
GB_GCA_014239455.1	-1.76973973847636	0.432016611609294	-0.675019494171588
GB_GCA_003696705.1	-1.47181092461292	0.265896163724286	-0.530467703233625
GB_GCA_015487815.1	-1.54019366908318	0.304937852760699	-0.571975642453413
GB_GCA_015491895.1	-1.44599311098276	0.251153496079561	-0.514771806925383
RS_GCF_003990445.1	-1.5866945684331	0.333073792499013	-0.613054270849101
RS_GCF_003075525.1	-1.58702404818492	0.333264347090558	-0.613273723798039
GB_GCA_020161615.1	-1.58750031034467	0.333537908818491	-0.613576247836521
RS_GCF_001691415.1	-1.59220546669785	0.336239952891745	-0.616560475774506
GB_GCA_020637515.1	-1.57984724758102	0.32914050341646	-0.608703361271591
GB_GCA_020637555.1	-1.57533189849575	0.326546998113376	-0.605835790922267
GB_GCA_020637595.1	-1.54894751368984	0.311389297347	-0.589055100915186
RS_GCF_020667835.1	-1.53993224368733	0.306230555988853	-0.583518499358861
GB_GCA_016937725.1	-1.54402187584847	0.308579752255831	-0.586118210818424
GB_GCA_009908405.1	-1.56317776434487	0.319584034316198	-0.598300321223683
RS_GCF_900499075.1	-1.55757071295681	0.316363147052081	-0.594735713635633
RS_GCF_023336755.1	-1.55332310292434	0.313923147726456	-0.592035125774049
GB_GCA_003565055.1	-1.56209695073525	0.318971880026055	-0.597682763977828
GB_GCA_007692585.1	-1.56413810346116	0.320144519113282	-0.598981435785711
RS_GCF_001884735.1	-1.56059051787545	0.318107285285681	-0.596731430873593
GB_GCA_020832585.1	-1.5626485797584	0.31928971046485	-0.598041466975444
GB_GCA_020832555.1	-1.56473875913863	0.32049054353435	-0.599371573717348
GB_GCA_007118445.1	-1.56519701925144	0.320753526398657	-0.599660715453423
RS_GCF_001870675.1	-1.57273295283002	0.325082030603348	-0.604447409236764
GB_GCA_007126715.1	-1.56791625291153	0.322314901897699	-0.601383332244249
RS_GCF_004366635.1	-1.57006016111158	0.32354657784681	-0.602747400747096
RS_GCF_900302475.1	-1.51329873126002	0.291085197967151	-0.567882447405881
RS_GCF_002927635.1	-1.54676067805812	0.310318583027977	-0.589258254844069
RS_GCF_002973535.1	-1.52847140400359	0.299805892834629	-0.577572902262795
GB_GCA_011620265.1	-1.50569431573248	0.286714587887684	-0.563028168254767
GB_GCA_002280515.1	-1.50172048383888	0.28443057995606	-0.560490195914266
GB_GCA_020447005.1	-1.52647410585854	0.29865724183224	-0.576290469275038
GB_GCA_024236495.1	-1.52004789141222	0.294963616738232	-0.572185823027116
RS_GCF_001620265.1	-1.50035740881732	0.283676436492787	-0.559840882931723
RS_GCF_009908165.1	-1.50197088640206	0.284603944680074	-0.560872407519116
RS_GCF_023544865.1	-1.49243540600451	0.279156922117016	-0.55505117104116
RS_GCF_002358085.1	-1.55249473810787	0.313725901296263	-0.593790648943455
GB_GCA_913064665.1	-1.61035529808346	0.347025276866272	-0.631074549503486
RS_GCF_000737065.1	-1.59210468612586	0.336527480623521	-0.619356399486499
RS_GCF_002020355.1	-1.6105371658525	0.347134865480559	-0.6312285902582
RS_GCF_009296265.1	-1.61422811024569	0.349258637299179	-0.633603939451358
RS_GCF_002563775.1	-1.61138537345877	0.347622921330348	-0.631774439276092
RS_GCF_002020135.1	-1.59729277276289	0.339513495006749	-0.62270111967071
RS_GCF_000714535.1	-1.59856235152477	0.340243980960181	-0.62351795130345
GB_GCA_014763785.1	-1.55154567463462	0.31317242899965	-0.593127434289773
GB_GCA_003249215.1	-1.55639091359082	0.31595929779928	-0.59623777327838
RS_GCF_021378075.1	-1.54808946303336	0.31118437641617	-0.590907934501995
RS_GCF_019264375.1	-1.54912528848157	0.31178015463715	-0.591572837355468
GB_GCA_002452815.1	-1.50933572105152	0.288887637993565	-0.565978686416102
RS_GCF_003034995.1	-1.50218366242724	0.284748874089174	-0.561190519810273
GB_GCA_002422085.1	-1.51418860458366	0.291651263867428	-0.568876344905814
RS_GCF_900156695.1	-1.50705951302561	0.287541345547405	-0.564221886336678
RS_GCF_002865605.1	-1.57374029937191	0.325979591635878	-0.607659875688063
RS_GCF_011308835.1	-1.57437253482814	0.326343330889505	-0.608066314804235
RS_GCF_900199195.1	-1.59376770084154	0.337532385855929	-0.620768801857921
RS_GCF_003591515.1	-1.60582925059513	0.344476025965797	-0.628555816154841
RS_GCF_003697785.1	-1.59148392703474	0.336220551256799	-0.619316262387789
GB_GCA_900156835.1	-1.6041865917055	0.343531393907833	-0.627503120565098
RS_GCF_003007735.2	-1.59846821096761	0.340240298369066	-0.623817925737696
RS_GCF_017744015.1	-1.57971677327702	0.329445881726017	-0.61171554860507
RS_GCF_021556615.1	-1.58515802992963	0.332577273431838	-0.615220579821127
RS_GCF_004310345.1	-1.58127137866001	0.330336580286126	-0.612686767578197
RS_GCF_017315735.1	-1.58438868817398	0.332130459258574	-0.614694021067624
RS_GCF_003594815.1	-1.59411417627644	0.337726640910086	-0.62095129889418
RS_GCF_005048225.1	-1.61661663377958	0.350676051820039	-0.6354416695501
RS_GCF_024359525.1	-1.57027814974013	0.323999079756642	-0.605520890282841
RS_GCF_008824185.1	-1.56610083606583	0.321577853023021	-0.602698436026326
RS_GCF_009696685.1	-1.56684784128939	0.322007590986708	-0.603178431245901
RS_GCF_900142875.1	-1.60598875068435	0.344531855027678	-0.628380873641119
RS_GCF_004522155.1	-1.58320868226261	0.331426320480274	-0.613739946225254
RS_GCF_003286075.1	-1.58535336029027	0.332660201182707	-0.615118670704436
RS_GCF_003324675.1	-1.60329920277047	0.342979806954756	-0.626615019518244
RS_GCF_004054105.1	-1.53905876864649	0.305920606396906	-0.584551067831756
RS_GCF_000429765.1	-1.51902116986737	0.294401776179391	-0.571740257192905
GB_GCA_945871285.1	-1.5944784849777	0.337942672117262	-0.621267367712282
GB_GCA_023263735.1	-1.61185657085212	0.347970841592169	-0.632672777470907
GB_GCA_023260935.1	-1.59898140698228	0.340560189547028	-0.624369534572478
GB_GCA_020721445.1	-1.57898679586682	0.329053476052905	-0.611489401497765
GB_GCA_016936395.1	-1.58047829463118	0.329911932639684	-0.612451234100345
RS_GCF_003443995.1	-1.57977644879196	0.329508021123525	-0.611998929804868
RS_GCF_004745575.1	-1.58760452051791	0.33401362304688	-0.617047252231869
RS_GCF_008271465.1	-1.59932525406897	0.340770661921298	-0.62468646913092
RS_GCF_004762095.1	-1.62199541599889	0.353821082494238	-0.639322145038935
RS_GCF_003574395.1	-1.59947890044761	0.340858984426027	-0.624784795761537
RS_GCF_011174775.1	-1.59889494020758	0.340522824811178	-0.624407835368701
RS_GCF_015999335.1	-1.58633769325792	0.33329199699239	-0.616285744930718
RS_GCF_002900975.1	-1.57611665622564	0.327408569001051	-0.609690479224485
GB_GCA_013821825.1	-1.58344805620953	0.331625989160932	-0.614400842187075
RS_GCF_020564565.1	-1.58924482784523	0.334956011139619	-0.618089873270622
GB_GCA_024642045.1	-1.611943488422	0.348017636253814	-0.632696486504724
GB_GCA_913062925.1	-1.6175520147287	0.351246085439459	-0.636315481040334
GB_GCA_023255415.1	-1.62059751274683	0.352998973816975	-0.638279212062579
GB_GCA_021741465.1	-1.59144700579425	0.336210658097609	-0.619409880897228
RS_GCF_011059185.1	-1.5394704151462	0.306280652053355	-0.585789618920498
RS_GCF_009908265.2	-1.54340141562447	0.308542401298332	-0.588318554227877
RS_GCF_003054195.1	-1.54158066592091	0.30746549339716	-0.586923019275628
RS_GCF_003570715.1	-1.5429266470685	0.308239734372664	-0.58778751168714
RS_GCF_004799285.1	-1.50841605095419	0.288373253291512	-0.56550398107306
GB_GCA_014763725.1	-1.5539237028857	0.314548382805735	-0.594716631959653
GB_GCA_019454225.1	-1.53926858436386	0.306119159289797	-0.585310416271581
RS_GCF_016765775.1	-1.52575279578543	0.298337384526879	-0.576578295178658
RS_GCF_003991405.1	-1.53169570994305	0.301760169558062	-0.580431515785798
RS_GCF_001202035.1	-1.55211905785846	0.313507441332332	-0.593544197082205
RS_GCF_005234135.1	-1.57125131571545	0.324512729548088	-0.605832969900371
RS_GCF_001202025.1	-1.56874507117934	0.323071167770293	-0.604223872783623
RS_GCF_003034985.1	-1.5149798373339	0.292139410810914	-0.569649659964132
RS_GCF_002407205.1	-1.55827214982663	0.317037676665111	-0.597420257473947
RS_GCF_009380135.2	-1.52560005792816	0.298246606622231	-0.576456294190436
RS_GCF_002871005.1	-1.50521848916223	0.28642063435955	-0.562546005276007
GB_GCA_913064775.1	-1.51378407356765	0.291343084506913	-0.568009976564595
GB_GCA_021779835.1	-1.53637614901231	0.304328512933531	-0.582441303349665
GB_GCA_016124615.1	-1.50656146545017	0.287194188476263	-0.563418522175982
GB_GCA_021813645.1	-1.51400940842554	0.291473458288645	-0.568161137542917
RS_GCF_024723735.1	-1.48730790673963	0.276400393448814	-0.55310869532195
GB_GCA_014762635.1	-1.44662654439291	0.253002434855764	-0.52702690911656
GB_GCA_019090885.1	-1.48685721679681	0.27614495757845	-0.552863932932336
GB_GCA_024642725.1	-1.4692165740105	0.265999438664444	-0.541560840434023
GB_GCA_024637315.1	-1.47282488300606	0.268074789364623	-0.543874798413017
GB_GCA_015487335.1	-1.45923173625023	0.260255398732052	-0.535142617195802
GB_GCA_002732955.1	-1.51176723493871	0.290472487363967	-0.568836067405737
RS_GCF_016918935.1	-1.51128104224901	0.29076892236006	-0.573127890706476
GB_GCA_012103375.1	-1.50650011340449	0.288011682898067	-0.570002349527343
RS_GCF_007004065.1	-1.57388722445097	0.3269073924716	-0.614329954193825
RS_GCF_000743715.1	-1.5671226497375	0.323005742971775	-0.609904270850628
RS_GCF_009363795.1	-1.57827424257387	0.32943850128856	-0.617206512553643
GB_GCA_004005435.1	-1.52305284587809	0.297576410932559	-0.580985013524908
RS_GCF_009835145.1	-1.51631132190064	0.293688041002993	-0.576573870593314
RS_GCF_002869745.1	-1.51527918432214	0.29309091816634	-0.575886096080209
RS_GCF_008085915.1	-1.53245710177682	0.302999352490726	-0.587131684068233
RS_GCF_003057885.1	-1.53423404872683	0.304024260878374	-0.588294435435636
RS_GCF_009830125.1	-1.50714374006548	0.288411888298564	-0.570695961726741
GB_GCA_013042105.1	-1.53415202144397	0.303998333533495	-0.588446402772194
GB_GCA_013042895.1	-1.57589568587448	0.3280801804782	-0.615808079739886
RS_GCF_900184815.1	-1.53149093533435	0.30246303651999	-0.586701127107509
GB_GCA_905479635.1	-1.53768831085784	0.306037489341737	-0.590756525802633
GB_GCA_013003245.1	-1.51949973510777	0.295539907742366	-0.578795482651906
GB_GCA_013002465.1	-1.51658634820353	0.293860260105103	-0.576895902332718
GB_GCA_022340315.1	-1.53309893910004	0.303387127590272	-0.587727630096879
GB_GCA_022824525.1	-1.52830362174283	0.30062110726015	-0.584587839460313
GB_GCA_022826385.1	-1.53174655331454	0.302607198998691	-0.586843587895162
GB_GCA_013003075.1	-1.49285994996762	0.280150077531867	-0.561136305760791
GB_GCA_013042605.1	-1.47769423623337	0.271403873972122	-0.551221006545176
RS_GCF_013184805.1	-1.47600488307666	0.27041210527273	-0.549957381521409
GB_GCA_017792445.1	-1.48462132762556	0.275380647746306	-0.55558511652983
GB_GCA_022340385.1	-1.49606504664705	0.281982052084656	-0.563080489821947
GB_GCA_024226455.1	-1.50083762311046	0.284734193826327	-0.566198466780447
GB_GCA_022824145.1	-1.55963859022524	0.318643862004423	-0.604621219747414
GB_GCA_019061145.1	-1.48704279704099	0.276772911189775	-0.557123546164802
RS_GCF_003385555.1	-1.5322155442758	0.303888511009664	-0.594955810211977
RS_GCF_003298775.1	-1.518756079165	0.29608981899251	-0.585871402087741
RS_GCF_001458315.1	-1.53226726222745	0.304432269026211	-0.599013157377152
RS_GCF_019655435.1	-1.59290342129109	0.339678553133629	-0.640811874746355
RS_GCF_001403735.1	-1.60339508633147	0.345776217935612	-0.648037176616033
RS_GCF_001403795.1	-1.62177788287353	0.356457404800818	-0.660676694718098
RS_GCF_016820245.1	-1.6079262686764	0.348406958733487	-0.651137051988011
GB_GCA_025144335.1	-1.61297117973291	0.351338235810933	-0.654605516381331
GB_GCA_003428585.1	-1.54850735292935	0.313893380207813	-0.610409406582917
RS_GCF_001879715.1	-1.54131348750791	0.309714072430762	-0.60546688462415
RS_GCF_004000255.1	-1.53895648707266	0.308344871416068	-0.603848495782143
RS_GCF_001879695.1	-1.5369122014866	0.307157088805284	-0.602442551826311
GB_GCA_017854585.1	-1.53803928782617	0.30781746973038	-0.603256520443515
RS_GCF_013179285.1	-1.53123616639672	0.303864531207313	-0.598576907556293
GB_GCA_018401055.1	-1.59025271606026	0.338195022748311	-0.639484073301511
RS_GCF_003148775.1	-1.5828996038219	0.333921059051503	-0.634414526509074
GB_GCA_015689735.1	-1.59159029569156	0.338972598520738	-0.640407021489144
GB_GCA_018402035.1	-1.58967446959091	0.337859026339355	-0.639086123862076
RS_GCF_012395815.1	-1.56138900675482	0.321416397823268	-0.619570645460614
GB_GCA_015689745.1	-1.54641102214801	0.312709540228473	-0.609236337580574
GB_GCA_015689645.1	-1.58610162929592	0.335777599340481	-0.636581080133259
RS_GCF_019195455.1	-1.62937108305932	0.360927128745414	-0.666404636218253
RS_GCF_000590925.1	-1.57174007882176	0.327428839663364	-0.626673817335209
RS_GCF_019800885.1	-1.56977827188037	0.32628865278347	-0.625322097052609
GB_GCA_015689685.1	-1.56724520726461	0.324799559244926	-0.623441075028753
GB_GCA_018401385.1	-1.58761108256746	0.336638707753467	-0.63749349234961
GB_GCA_015689775.1	-1.58360734932018	0.334312008204292	-0.63473685095444
RS_GCF_000442275.2	-1.55564611383059	0.318616620929326	-0.619710758467153
RS_GCF_007995215.1	-1.54049008714108	0.310228694983869	-0.612493840290713
RS_GCF_000738435.1	-1.61204573731856	0.352047084226145	-0.66354739482835
GB_GCA_002683685.1	-1.63108647711539	0.363168850807882	-0.677089571487554
GB_GCA_022425445.1	-1.62383759466274	0.358934729133447	-0.671933861232907
GB_GCA_000981705.1	-1.6268847016589	0.360713088621674	-0.674090137799103
RS_GCF_021654165.1	-1.54907333113725	0.315275113209005	-0.618845059663312
RS_GCF_020177595.1	-1.53295555524187	0.305861739257178	-0.607388679421635
GB_GCA_014859355.1	-1.60451607425319	0.347877308698144	-0.659887693818907
GB_GCA_017854565.1	-1.60084639411741	0.345731313472294	-0.657258785915119
RS_GCF_022096995.1	-1.61402003986555	0.353435236283762	-0.666696461556452
GB_GCA_023263855.1	-1.62410193373331	0.3593323508539	-0.673928785032317
GB_GCA_001419985.1	-1.6031478958299	0.347078359448502	-0.658915773564555
GB_GCA_025141675.1	-1.61058167700942	0.351421887616373	-0.664212828853864
GB_GCA_023955335.1	-1.62281568527364	0.358581546792731	-0.673015742868598
GB_GCA_913061335.1	-1.63073317594138	0.363211822005191	-0.678689063550341
GB_GCA_024686085.1	-1.61545816436463	0.354277748815684	-0.66773643402512
GB_GCA_020201155.1	-1.58733109487367	0.337813609480118	-0.647471047952683
RS_GCF_021735925.1	-1.60807176045152	0.349944926655028	-0.662346937882461
RS_GCF_018263905.1	-1.60916051437491	0.350582817744046	-0.663136005356751
RS_GCF_001420005.1	-1.61120071502394	0.351775804226638	-0.664596794711041
RS_GCF_004000435.1	-1.57846186448423	0.332627379088157	-0.641105478106653
RS_GCF_900184895.1	-1.57616958266187	0.331287118622244	-0.639465283097065
GB_GCA_024642115.1	-1.61644207582272	0.354887773331847	-0.6686525184148
RS_GCF_011806565.1	-1.65885228218868	0.379721978824704	-0.699257315300576
RS_GCF_015220045.1	-1.65802928510613	0.379240482125293	-0.698666352863491
RS_GCF_023540835.1	-1.66119768329835	0.381094348946991	-0.700942620316765
RS_GCF_023541015.1	-1.6621955487986	0.381678156140973	-0.701659169230732
GB_GCA_017643845.1	-1.64758236796024	0.37311866974523	-0.691098004085295
GB_GCA_024642185.1	-1.62292432815755	0.358694723317351	-0.673410955851929
GB_GCA_023254495.1	-1.62280706658296	0.358626178189745	-0.673327184554513
GB_GCA_009920775.1	-1.62156438744529	0.357899224302844	-0.672435350927917
GB_GCA_023263105.1	-1.62986839850005	0.362753762461535	-0.678370768509001
RS_GCF_000442315.1	-1.72829302620873	0.420327026750972	-0.748929692906433
RS_GCF_009904055.1	-1.73159825797114	0.422260631725799	-0.751301428641691
RS_GCF_014195545.1	-1.61458519331532	0.35379078964386	-0.667251816975573
RS_GCF_900172345.1	-1.61759516664526	0.355551513932077	-0.669411539888072
RS_GCF_000600975.2	-1.63591290647095	0.366265647836927	-0.68254713481933
RS_GCF_024159025.1	-1.63394272003104	0.365113288758598	-0.681134411205335
GB_GCA_002748265.1	-1.6077378654587	0.34968172585346	-0.661610041994509
RS_GCF_002094885.1	-1.5977221874825	0.343833155890515	-0.654503735715019
GB_GCA_009908505.1	-1.57971624085021	0.333308747801702	-0.641643306071985
RS_GCF_003129565.1	-1.57681572600488	0.331613402126212	-0.63957156465105
RS_GCF_008065155.1	-1.56464405322012	0.324498420162379	-0.630871016948836
GB_GCA_020628265.1	-1.57325396785832	0.32954081655424	-0.63709598017873
RS_GCF_018861045.1	-1.59696981166615	0.343407717334403	-0.654072948935399
RS_GCF_021532625.1	-1.5957627096358	0.342702068686074	-0.653210020383363
RS_GCF_900185015.1	-1.62244021125078	0.358298562136435	-0.672290324912058
RS_GCF_001187845.1	-1.62397450675291	0.359195517067204	-0.67338739761791
RS_GCF_013377535.1	-1.56117904913392	0.322647162170904	-0.629815639936323
GB_GCA_023260835.1	-1.57664194311998	0.331706323860402	-0.641027275779005
GB_GCA_002684375.1	-1.55802659518488	0.320827529268606	-0.627742208278548
GB_GCA_000472185.1	-1.57859041284428	0.332885579973188	-0.64273593350189
GB_GCA_018222665.1	-1.58550985502407	0.336934997478925	-0.647718951207465
GB_GCA_017852835.1	-1.58294664081036	0.335434946906017	-0.645873073111229
GB_GCA_913060475.1	-1.59209813054362	0.340788469859301	-0.652445258933045
GB_GCA_009920225.1	-1.59468605090336	0.342302960855639	-0.65430868242256
GB_GCA_024639125.1	-1.56959143916618	0.327612399729366	-0.636200811150189
GB_GCA_913031285.1	-1.62744583313243	0.361479269840762	-0.67792094316985
GB_GCA_011525185.1	-1.63261963872162	0.364508330130187	-0.681654840332167
GB_GCA_913051655.1	-1.64077944530725	0.36928401948535	-0.68753259638999
GB_GCA_016778765.1	-1.60889810080864	0.350622966716891	-0.664556183641344
GB_GCA_001642945.1	-1.60521692991867	0.348468681054223	-0.661905607114008
RS_GCF_003205515.1	-1.55654855447131	0.320313692049995	-0.629425089906112
GB_GCA_018607995.1	-1.58450942102357	0.336721294671088	-0.649912029836098
GB_GCA_024645145.1	-1.58592721516729	0.337552814303921	-0.650947239027907
RS_GCF_001890925.1	-1.58286555129818	0.335757406090569	-0.648713563308903
GB_GCA_018607965.1	-1.59058464644029	0.340283644214122	-0.654342102615775
RS_GCF_002105285.1	-1.58513722424356	0.33708919043749	-0.650367912542056
RS_GCF_016888515.1	-1.53662513993398	0.308644861266124	-0.615007623631615
RS_GCF_017798205.1	-1.57629549340106	0.331914639318224	-0.644001506098714
GB_GCA_900143615.1	-1.58447837175252	0.336724754559401	-0.650062270634705
RS_GCF_001292625.1	-1.61371453615844	0.353873842043399	-0.671426683742574
GB_GCA_913054185.1	-1.62356922428062	0.359654971117139	-0.678633116468499
GB_GCA_014872815.1	-1.5951758548759	0.343001250999875	-0.657891944086284
RS_GCF_016019955.1	-1.56578377084253	0.325757372694233	-0.63638810918747
RS_GCF_024331145.1	-1.56810556800838	0.327120124617417	-0.638092886594827
GB_GCA_018223085.1	-1.57972857791507	0.333937655906257	-0.646585832175823
RS_GCF_022814865.1	-1.58010299848385	0.334157253014908	-0.646859250377374
RS_GCF_005518135.1	-1.59724131130988	0.344208924772439	-0.659374301756636
RS_GCF_001458215.1	-1.58123172753761	0.334819150197213	-0.647682330796443
RS_GCF_003990645.1	-1.57646998355527	0.332026077542299	-0.644202653953111
GB_GCA_002747035.1	-1.55333103321732	0.318466290498993	-0.627389407747589
GB_GCA_021555075.1	-1.56309217749668	0.324191590270798	-0.634520674496153
RS_GCF_005434965.1	-1.55401731044094	0.318869257882459	-0.627894599703151
GB_GCA_003417655.1	-1.58536491005113	0.337261832106107	-0.650838522790207
GB_GCA_018500075.1	-1.60105876191417	0.346469432808351	-0.662322264627576
GB_GCA_016744435.1	-1.6036550612051	0.347993194198201	-0.664226023376375
RS_GCF_018860975.1	-1.60553538539697	0.34909612560032	-0.665599960013781
RS_GCF_011040495.1	-1.58771641028854	0.33868926320897	-0.652928835809923
RS_GCF_006125015.1	-1.61501288443987	0.354713635857126	-0.672973652516736
GB_GCA_024636515.1	-1.62889514917165	0.362859886586849	-0.683143372271623
RS_GCF_003072125.1	-1.61415887834912	0.354212164947333	-0.672345650539141
RS_GCF_024355225.1	-1.6197086847221	0.357468825658795	-0.676411113289978
RS_GCF_002072155.1	-1.60358270220158	0.348029722488681	-0.664783560239919
RS_GCF_018069895.1	-1.63935900699923	0.36903095411467	-0.691046892950027
GB_GCA_014359765.1	-1.64607399849468	0.372972379142043	-0.69597366985244
RS_GCF_002925845.1	-1.64408494356568	0.371804322916442	-0.694510286100389
RS_GCF_002080415.1	-1.59869204163724	0.345158292987664	-0.66118991564508
RS_GCF_000768555.3	-1.60044318567017	0.346186039494902	-0.662474041970632
GB_GCA_913054395.1	-1.57706228574046	0.332459167579021	-0.64529523580384
RS_GCF_900172365.1	-1.58442192753448	0.336778201396497	-0.650689652956648
RS_GCF_900172295.1	-1.5690936877107	0.327773930258296	-0.639388581802676
RS_GCF_019966515.1	-1.58532372859548	0.337297714573045	-0.651278044502006
RS_GCF_009762325.1	-1.56891696766525	0.327667323596239	-0.639237651061633
GB_GCA_900313005.1	-1.59354980573531	0.342122099606519	-0.6572846532449
GB_GCA_002366775.1	-1.59566240913914	0.343361770881793	-0.658832229867499
RS_GCF_002917925.1	-1.58953619977158	0.339772988114371	-0.654393779936257
RS_GCF_009363715.1	-1.59189291995247	0.341156016991601	-0.656121098330363
RS_GCF_001441615.1	-1.59430958042458	0.342574250862862	-0.65789257033904
RS_GCF_009363655.1	-1.60105143313194	0.346530706451375	-0.662834157522562
RS_GCF_008728195.1	-1.57331412368159	0.330247571490423	-0.642460163815017
RS_GCF_003298505.1	-1.59718413715297	0.344259520753353	-0.65998570709408
GB_GCA_002166865.1	-1.60087740789309	0.346427855562361	-0.662699622769865
RS_GCF_002834145.1	-1.62205690519713	0.358856948460619	-0.678221952059623
GB_GCA_913057115.1	-1.57590709119515	0.331773681153865	-0.644396986898257
RS_GCF_009669325.1	-1.56992185442432	0.328261478146828	-0.640011696275441
RS_GCF_011601345.1	-1.57920839131652	0.333710950195936	-0.64681577191596
GB_GCA_021767845.1	-1.5743431313159	0.330856166287856	-0.643252776432458
RS_GCF_900172255.1	-1.5909731941459	0.340615075849483	-0.655438777881415
GB_GCA_001650895.1	-1.58150404774957	0.334998531476177	-0.6480396903476
GB_GCA_024304985.1	-1.5786492396321	0.333324120922994	-0.645954428863641
GB_GCA_024304855.1	-1.58878198635462	0.33926765521999	-0.653359384809439
RS_GCF_021021435.1	-1.5797291615802	0.33395721161053	-0.646740732557785
GB_GCA_002366795.1	-1.56709414498301	0.32654031567829	-0.637461300168727
GB_GCA_024637375.1	-1.59566495095209	0.343300379190494	-0.658350289622213
RS_GCF_000423645.1	-1.58932980618044	0.33958458108511	-0.65372230085938
GB_GCA_009924775.1	-1.58307183860685	0.335913274832971	-0.649143985179608
GB_GCA_913061505.1	-1.58051454350775	0.334413364400763	-0.647276079322013
RS_GCF_023703375.1	-1.57971526546839	0.333942726651686	-0.64667715876861
GB_GCA_945881965.1	-1.63212479500423	0.36468754023509	-0.684991993806549
GB_GCA_023260655.1	-1.61906001967976	0.35702418492715	-0.675445979750103
GB_GCA_017792425.1	-1.57180526889546	0.329300535206331	-0.640881624591351
RS_GCF_004799325.1	-1.57554863383815	0.331496029658068	-0.643615355966399
RS_GCF_001458255.1	-1.5687556216127	0.327512161828847	-0.638657444831117
RS_GCF_001458355.1	-1.56745467198259	0.326750101949847	-0.637715812066648
RS_GCF_009857745.1	-1.55855114746884	0.321528242414123	-0.631214296546728
RS_GCF_018219815.1	-1.55618409706886	0.32013995554106	-0.629485567666898
RS_GCF_009789075.1	-1.56798202814738	0.327054797572092	-0.638059181889874
RS_GCF_002210105.1	-1.58952887541616	0.339691944650802	-0.65379266666837
RS_GCF_019801605.1	-1.57397508985261	0.330570366326968	-0.642441193767042
RS_GCF_020171315.1	-1.57233023358129	0.329605678666353	-0.641240192659759
RS_GCF_004959925.1	-1.59287763880151	0.341658080194596	-0.656253461060214
RS_GCF_000768315.1	-1.58701320378863	0.338218519928561	-0.651970598181931
GB_GCA_002709085.1	-1.59779674902838	0.344542972900463	-0.659844052052784
RS_GCF_019966535.1	-1.57147002766589	0.329106245293279	-0.640617570032743
RS_GCF_003313245.1	-1.57636796498788	0.332028818863401	-0.644578046848936
RS_GCF_003344785.1	-1.56631087569279	0.326131029265514	-0.637240852569476
RS_GCF_001038505.1	-1.58245497373482	0.335605506546118	-0.649073349547034
RS_GCF_007923445.1	-1.59189333251078	0.341145036653506	-0.655993888951205
GB_GCA_024636635.1	-1.63447955851124	0.366133267564649	-0.687173366832749
RS_GCF_009363255.1	-1.6021566493235	0.347183357031207	-0.663626217158522
RS_GCF_900172265.1	-1.63105691540711	0.364143347416021	-0.684800711871521
RS_GCF_003667315.2	-1.62656684588934	0.361571301605111	-0.681977059591683
RS_GCF_016806125.1	-1.62585054025504	0.361156673559471	-0.681493506368391
GB_GCA_017255395.1	-1.62352673050582	0.359792221313175	-0.679785400381738
RS_GCF_002814095.1	-1.64357509099062	0.371564450828608	-0.694525224374446
RS_GCF_017813235.1	-1.6570568727241	0.379480804208989	-0.704437148986817
RS_GCF_900184945.1	-1.63403900112247	0.365964930576748	-0.687514383071163
RS_GCF_002237555.1	-1.64156115380244	0.370382696620711	-0.69305092241215
RS_GCF_019218285.1	-1.6318682147992	0.364691364520897	-0.685926247735056
RS_GCF_019392335.1	-1.63725680135564	0.367855452218465	-0.689887889879699
RS_GCF_001482405.1	-1.61116135589032	0.35252246036643	-0.670629667070117
RS_GCF_020667845.1	-1.62385177279798	0.359967169799465	-0.679909659663834
RS_GCF_004804335.1	-1.61498839529244	0.354763679794632	-0.673400275067162
RS_GCF_019104745.1	-1.60521054471674	0.349016169965343	-0.666167515360151
RS_GCF_018224955.1	-1.59920498384671	0.345490777122222	-0.661759273913952
RS_GCF_000442255.1	-1.58480956638807	0.337034780687686	-0.651156638353523
RS_GCF_001687105.1	-1.59974711899048	0.345812232815204	-0.662189847939119
RS_GCF_020524285.1	-1.6056058833181	0.349252229605161	-0.666496672046249
RS_GCF_015223355.1	-1.61230908376101	0.35318763448857	-0.671421138107523
RS_GCF_002300555.1	-1.60931745821541	0.351431296857326	-0.669223558882015
RS_GCF_003111685.1	-1.60954859582916	0.351566995018164	-0.66939335354797
RS_GCF_024721115.1	-1.59740676328906	0.344436331944804	-0.66045671177843
RS_GCF_017311415.1	-1.59416649121698	0.342534262150504	-0.658078365641398
RS_GCF_001975705.1	-1.593447547654	0.342112209905444	-0.657550455946528
RS_GCF_001969385.1	-1.60577632825555	0.349349386427821	-0.666600158573916
RS_GCF_019801965.1	-1.60161915662221	0.346908918056375	-0.663547496067384
GB_GCA_022448925.1	-1.57232055297635	0.329646617993332	-0.641562587770136
RS_GCF_900302505.1	-1.58292237408907	0.335867283744522	-0.649324137816204
GB_GCA_020441125.1	-1.58910374039033	0.339493864064912	-0.65384653416389
RS_GCF_023370775.1	-1.56190006960569	0.323543952069998	-0.634027396434235
RS_GCF_023015985.1	-1.57435779518539	0.330855612927929	-0.643164387552572
GB_GCA_020055635.1	-1.57146508740644	0.329160817468075	-0.641066598797818
RS_GCF_002115725.1	-1.58246093208648	0.335614635567249	-0.649132507084704
GB_GCA_003149565.1	-1.60043482278228	0.346162860533897	-0.662307244326449
RS_GCF_002115805.1	-1.60774758184507	0.350454281443055	-0.667666078925911
GB_GCA_022763305.1	-1.59253256398484	0.341525410743008	-0.656515737994138
GB_GCA_017643905.1	-1.58588867658524	0.337626398959085	-0.651646163058306
GB_GCA_020055675.1	-1.59039750952753	0.340269350649937	-0.654926312578444
RS_GCF_001205715.1	-1.56883076430236	0.327523184413248	-0.638420181224535
GB_GCA_006226775.1	-1.55937231900861	0.321979028018747	-0.631541134196343
RS_GCF_022867865.1	-1.57070152522466	0.328621925311881	-0.639799783336227
GB_GCA_913062865.1	-1.52510559190425	0.301857943826694	-0.606336762996781
RS_GCF_004803475.1	-1.56670126272822	0.326537004850609	-0.638802384697842
RS_GCF_005887615.1	-1.58051571796195	0.334798595454982	-0.650087603945292
RS_GCF_012932215.1	-1.59794582551716	0.345053357918413	-0.663053261527468
GB_GCA_024639605.1	-1.59864223576792	0.345462898687744	-0.663569883603349
RS_GCF_020622345.1	-1.60096044134414	0.346826377625001	-0.665290987302274
RS_GCF_014337925.1	-1.60603012920986	0.349808729938941	-0.669059500168381
RS_GCF_019375555.1	-1.60604052703948	0.349815124245734	-0.669069366234418
RS_GCF_015644665.1	-1.60436515164112	0.34883006084049	-0.667827909957074
RS_GCF_009811755.1	-1.61387703964622	0.354423996793569	-0.674885924982804
GB_GCA_025143825.1	-1.61378947744779	0.354400625469896	-0.675025325806241
GB_GCA_913060815.1	-1.62953381635469	0.363662756616793	-0.686728751477078
GB_GCA_024636395.1	-1.63700003752081	0.368054868499898	-0.692277667407971
GB_GCA_025141935.1	-1.61454164262378	0.354841601220722	-0.675573424884311
RS_GCF_003352085.1	-1.60767307154509	0.3507985074906	-0.670449825895527
GB_GCA_024636405.1	-1.61180929197065	0.353249839784451	-0.673658755840044
GB_GCA_011050655.1	-1.62512449548982	0.361092151182278	-0.683625120687537
GB_GCA_002731875.1	-1.62063858226834	0.358452574195716	-0.680286098834605
RS_GCF_006064855.1	-1.62308739608337	0.359893168058994	-0.682106418597537
GB_GCA_024636425.1	-1.61689235431419	0.356248137640339	-0.67749691508431
GB_GCA_024636475.1	-1.62654194859439	0.361927084167098	-0.684686712200947
GB_GCA_024636495.1	-1.62856305924391	0.363116368300178	-0.686191338198344
RS_GCF_013282155.1	-1.6182224678974	0.357031581307628	-0.678492780804736
RS_GCF_019392245.1	-1.62431239513875	0.360615052551673	-0.683026240730198
RS_GCF_001634885.1	-1.61959606462375	0.357839951546185	-0.679515101598538
RS_GCF_013346665.1	-1.61729539524798	0.356492436824076	-0.677848279006324
RS_GCF_017743885.1	-1.62629514585856	0.361789185649462	-0.684555530261757
RS_GCF_003611275.1	-1.62757652480855	0.362543442745207	-0.685511299089682
GB_GCA_002703405.1	-1.62746698765532	0.362478979741931	-0.685429696501845
RS_GCF_022788715.1	-1.63434907927782	0.366529193057967	-0.690557250569017
RS_GCF_022788655.1	-1.63930111496113	0.369443559954947	-0.694246946044488
GB_GCA_025143985.1	-1.63528606692599	0.367080653286039	-0.691255569376979
RS_GCF_003054325.1	-1.60854300327184	0.351337278707155	-0.671296975354157
RS_GCF_016801775.1	-1.60297778568723	0.348062705809466	-0.667155173104948
GB_GCA_013002405.1	-1.62519757459734	0.36113950236488	-0.683710879220468
RS_GCF_014763045.1	-1.6306798488465	0.364365494728846	-0.687792470809324
RS_GCF_003335585.1	-1.61849311882891	0.357196049093258	-0.678732108584555
RS_GCF_001650875.1	-1.61898389682953	0.357484843761395	-0.679097512005446
GB_GCA_017854855.1	-1.62332511050094	0.360041518572339	-0.682344829603299
GB_GCA_017854675.1	-1.64725322036296	0.374122731738359	-0.700166373202311
RS_GCF_000622325.1	-1.63409960746913	0.366382322812617	-0.690371366467677
RS_GCF_000622365.1	-1.63630575553893	0.367680803341451	-0.692016006301412
RS_GCF_000622385.1	-1.63324277145133	0.365878292662573	-0.689734651479071
RS_GCF_010667575.1	-1.61517679940484	0.355245442298754	-0.676269057411535
RS_GCF_003352065.1	-1.59936659968951	0.345933615840613	-0.664435920970964
GB_GCA_024636445.1	-1.58352265768001	0.336512217379544	-0.651907858419401
RS_GCF_900302465.1	-1.59210202037749	0.341559011095909	-0.658283731738149
GB_GCA_023955215.1	-1.61103509380679	0.352690914595895	-0.67231254313268
GB_GCA_018647275.1	-1.61749833337587	0.356490014740515	-0.677093856707254
GB_GCA_002478745.1	-1.6111092985303	0.352734535804562	-0.672367464650995
RS_GCF_007995245.1	-1.5747008049456	0.331288510943785	-0.645098943460441
RS_GCF_000814025.1	-1.57424674445785	0.331021761348983	-0.644764157929987
RS_GCF_019802125.1	-1.57696776966243	0.332620476736828	-0.6467719063412
RS_GCF_900143535.1	-1.57121978092713	0.329241609232401	-0.642516569373289
RS_GCF_016428585.1	-1.57332883873991	0.330523320952421	-0.644378863431845
GB_GCA_016521575.1	-1.58138948980501	0.33526107053771	-0.650339987442665
RS_GCF_000473225.1	-1.57982456894542	0.334341389304037	-0.649183663845991
GB_GCA_003354145.1	-1.60113237384104	0.346865465699766	-0.664939164591157
GB_GCA_021648025.1	-1.64133324204502	0.370494631576761	-0.694668674649262
GB_GCA_002400675.1	-1.61121083696118	0.352790647604316	-0.672401694973581
RS_GCF_016307205.1	-1.5954205214949	0.343503450321941	-0.66067937083997
GB_GCA_020441385.1	-1.59141015384295	0.341146608374954	-0.657716231540748
RS_GCF_003352045.1	-1.58133973438793	0.335224722035282	-0.650246928374689
RS_GCF_005938225.1	-1.5836645184547	0.336589582847585	-0.651955209259746
RS_GCF_019966545.1	-1.57791265564177	0.333210346909557	-0.647713903903527
RS_GCF_002210165.1	-1.57575483956831	0.331942327552634	-0.646120228885735
RS_GCF_009765275.1	-1.60319838094589	0.348104496495882	-0.666640327665371
RS_GCF_002210095.1	-1.58845036137751	0.339439954773759	-0.655764853545915
GB_GCA_002709405.1	-1.6174042139068	0.356459830827502	-0.677187939514989
GB_GCA_003217735.2	-1.60861461827143	0.351293129202904	-0.670685014399287
GB_GCA_019801415.1	-1.61871872267745	0.357573571058211	-0.680621395133586
RS_GCF_019801145.1	-1.62090114531658	0.358861646269508	-0.682273919183882
RS_GCF_001679925.1	-1.62411029808666	0.360753605514133	-0.684688432871244
RS_GCF_000473325.1	-1.62454479115738	0.361009899683679	-0.685016350098767
RS_GCF_000473145.1	-1.63007508715872	0.364270388164823	-0.689177962899651
RS_GCF_001458395.1	-1.62856498070635	0.363380090830505	-0.688041692127062
RS_GCF_000813745.1	-1.62729776597397	0.362632944904345	-0.687087810375653
RS_GCF_000813725.1	-1.62460750115256	0.361046885948645	-0.685063623497245
RS_GCF_000511355.1	-1.63593312626729	0.367724604950039	-0.693589782468307
RS_GCF_000473165.1	-1.63093055816067	0.364775259103445	-0.689825385228253
GB_GCA_025144145.1	-1.6347587623974	0.367032292061061	-0.692706466358143
RS_GCF_004123675.1	-1.63461483166789	0.366947434076306	-0.692598150179971
RS_GCF_001678945.1	-1.62761877584838	0.36282354399708	-0.687334776003475
RS_GCF_014884385.1	-1.62875650576014	0.363494267454357	-0.68819054670711
GB_GCA_015665415.1	-1.65314099977017	0.377881361181456	-0.706611281636112
RS_GCF_001457775.1	-1.67122382220395	0.388545421089563	-0.72023783997593
RS_GCF_002087335.1	-1.6684227095368	0.386893656011094	-0.718128023910797
RS_GCF_021228235.1	-1.6669041980429	0.385998754254162	-0.716987912839577
RS_GCF_000473205.1	-1.66982257687886	0.387720183660927	-0.719189546667607
GB_GCA_905479575.1	-1.66701415700565	0.386064067299127	-0.717073931399657
RS_GCF_900313025.1	-1.66934132028906	0.387436395995015	-0.718827056167163
RS_GCF_001294455.1	-1.6780155645544	0.392551613431349	-0.725361739841958
RS_GCF_001888185.1	-1.65713186992199	0.380227395845628	-0.70956883886095
RS_GCF_000473105.1	-1.64819173317696	0.374956403051228	-0.702840629186775
RS_GCF_000511385.1	-1.65290794995407	0.377737081797308	-0.706390383699714
RS_GCF_002407245.1	-1.65139088268938	0.376842621699031	-0.705248546251953
RS_GCF_001258055.1	-1.64484500740424	0.372982389643994	-0.700316148459521
RS_GCF_009496005.1	-1.67306345733911	0.389616610294807	-0.721530259777763
RS_GCF_001458415.1	-1.66945993180814	0.387493108439896	-0.718825619079444
GB_GCA_001874255.1	-1.69189421964693	0.400720059133974	-0.735708064964694
RS_GCF_004006175.1	-1.64897954264116	0.375397452559923	-0.703268814843195
GB_GCA_013214575.1	-1.66129585782477	0.382657755632062	-0.712528928902938
GB_GCA_002162795.1	-1.66242760438125	0.383325048198507	-0.713380805390921
GB_GCA_002401945.1	-1.67329349848279	0.389730110606708	-0.721548776330325
RS_GCF_009753675.1	-1.64453556805509	0.372777587411097	-0.699926240391296
RS_GCF_005771405.1	-1.64611008794695	0.37370566232194	-0.701109492246924
RS_GCF_011813015.1	-1.63175685102922	0.365244669970495	-0.690318085494239
GB_GCA_025141015.1	-1.61172950664764	0.353403785551376	-0.675015133882738
GB_GCA_014872875.1	-1.60548104414286	0.349722990422999	-0.670335417271193
GB_GCA_022763485.1	-1.61135478259928	0.353183302897845	-0.674736491131226
GB_GCA_900313015.1	-1.60251675678344	0.34794877183792	-0.667918044877162
RS_GCF_900537075.1	-1.59967952289417	0.34627945763432	-0.665808723212541
RS_GCF_900172225.1	-1.5971928561016	0.344815070276656	-0.663949443606224
RS_GCF_900302455.1	-1.59862552068816	0.345658880124209	-0.665021594815503
GB_GCA_017743935.1	-1.6003140425193	0.34665334863935	-0.666284936586759
RS_GCF_013031405.1	-1.58371009218134	0.336847925792619	-0.653679109662222
RS_GCF_005938215.1	-1.58632915435839	0.338390176661669	-0.655637000651801
RS_GCF_001507595.1	-1.58573838843929	0.338042336851455	-0.655195666960026
RS_GCF_013111185.1	-1.59575658432685	0.343950597867013	-0.662752773889486
RS_GCF_017872555.1	-1.60567752315902	0.349793301631035	-0.670174220254988
RS_GCF_009363615.1	-1.60538253519711	0.349619664948213	-0.669954249872942
RS_GCF_024628725.1	-1.60498626884963	0.349386295836386	-0.66965783955057
RS_GCF_001458195.1	-1.61959124855068	0.35798821433391	-0.6805879313093
RS_GCF_013033355.1	-1.61097877932474	0.35291619794902	-0.674146092413792
RS_GCF_013030985.1	-1.60652262161258	0.350291876013854	-0.670812850094282
RS_GCF_001507545.1	-1.61085875399632	0.352845648805969	-0.674057322398208
RS_GCF_900313035.1	-1.63897947472548	0.3694074811975	-0.695098833653233
RS_GCF_013031245.1	-1.61308914314067	0.354159361161877	-0.675727056964762
RS_GCF_019904295.1	-1.60574438334799	0.349832954214737	-0.670226212986122
RS_GCF_013035425.1	-1.61596448287443	0.355850425663571	-0.677860576786852
RS_GCF_021405525.1	-1.59488721844382	0.343422368486258	-0.661978026570795
RS_GCF_010500245.1	-1.60159932142458	0.347374080922162	-0.666989661716294
RS_GCF_007923355.1	-1.57420282606789	0.331151620750236	-0.645856142054059
RS_GCF_020171285.1	-1.56396504651716	0.325129852627438	-0.638253750668813
RS_GCF_004348975.1	-1.59321450565621	0.342300723055447	-0.659730700052199
RS_GCF_004358185.1	-1.58139790625167	0.335352021340203	-0.650968480154453
RS_GCF_003008555.2	-1.57003052971541	0.328643110572129	-0.642359692600572
GB_GCA_018401465.1	-1.586927458117	0.33843290890164	-0.653811116578085
GB_GCA_021404545.1	-1.56553091897705	0.325866093768136	-0.638060115558217
RS_GCF_001262635.1	-1.55297903057782	0.318493900033019	-0.628818426383906
RS_GCF_004216475.1	-1.54392058119208	0.313171246380253	-0.622129692314603
RS_GCF_003944755.1	-1.54542864891197	0.312463136820465	-0.611096321956297
GB_GCA_016938875.1	-1.54868594012423	0.314361886584869	-0.613385327541574
RS_GCF_009649175.1	-1.59591196064221	0.34185788809656	-0.646307120673933
RS_GCF_024128855.1	-1.59980158338391	0.344122129182799	-0.649015669436208
RS_GCF_002079305.1	-1.56108557585344	0.321583284726603	-0.622045691039105
RS_GCF_001633165.1	-1.59540014993447	0.341560086997955	-0.64595225971104
RS_GCF_002073975.1	-1.59477939331434	0.341198730328893	-0.645519993238247
GB_GCA_016278285.1	-1.54781806922034	0.313842928893624	-0.612673285135305
GB_GCA_016278325.1	-1.54725367015926	0.31351445311957	-0.612280830560724
RS_GCF_900184935.1	-1.52743044938026	0.301975662559654	-0.598480785921714
RS_GCF_018139985.1	-1.50091610924771	0.286539391877459	-0.580000875235735
RS_GCF_000647975.1	-1.52816415946449	0.302388823640124	-0.598875963076139
GB_GCA_002706605.1	-1.5157196352768	0.295147096253592	-0.590230318485657
RS_GCF_002285435.1	-1.50687467097258	0.290000188100002	-0.584087007491554
RS_GCF_002285415.1	-1.51857894316331	0.29681104183881	-0.592217706172459
RS_GCF_003333265.1	-1.55156688653179	0.316083931891283	-0.615724049704269
RS_GCF_018860665.1	-1.60464452041746	0.347035448663226	-0.653084377615188
RS_GCF_018860505.1	-1.6064980076608	0.348114932575065	-0.65437885133956
RS_GCF_001308265.1	-1.60392700204857	0.34662143213677	-0.652612295824898
RS_GCF_003047105.1	-1.59519184673888	0.341540295757639	-0.646559297590507
RS_GCF_000299875.1	-1.59423328470046	0.340981960428615	-0.645889365101256
RS_GCF_011806455.1	-1.61440447154134	0.35273597578553	-0.66002243197774
RS_GCF_020524585.1	-1.61429621047635	0.352672926728404	-0.659946844928492
RS_GCF_019429625.1	-1.61583717253654	0.353570587868559	-0.661024498621594
RS_GCF_001550095.1	-1.61656106532847	0.353991693310747	-0.661526303077913
RS_GCF_020165855.1	-1.6250550506885	0.358939692583068	-0.667466189761144
RS_GCF_018457175.1	-1.53814406988971	0.30825684167985	-0.606281593850042
GB_GCA_015488685.1	-1.57098033272832	0.327384004235616	-0.629244958110197
RS_GCF_003544895.1	-1.573802500348	0.329027092193419	-0.631211948194904
GB_GCA_002352425.1	-1.58836365379053	0.337505009699185	-0.641362720972211
GB_GCA_002732995.1	-1.58616724642086	0.336226215870559	-0.63983167948099
RS_GCF_018599245.1	-1.56175740116192	0.32204786372134	-0.62312500344169
RS_GCF_023016155.1	-1.54525882551754	0.312446248323023	-0.611659799568882
RS_GCF_007004645.1	-1.5520587208562	0.316407148601002	-0.616416873738773
RS_GCF_900302485.1	-1.55190524267998	0.316317897152918	-0.61631080786143
RS_GCF_010500215.1	-1.55202657654429	0.31638865471596	-0.616396397935097
RS_GCF_023015885.1	-1.55688152358291	0.319216359094607	-0.619790407935316
RS_GCF_004360145.1	-1.56187947065491	0.3221273349555	-0.623284234985617
RS_GCF_022678485.1	-1.56159542689834	0.321960788331982	-0.623075080775072
GB_GCA_025140835.1	-1.56437735392528	0.323581355071971	-0.625022102517637
RS_GCF_023195695.1	-1.56544125719241	0.32420099510247	-0.625765688575688
RS_GCF_023016085.1	-1.5636192272723	0.323139679344552	-0.624491150113478
RS_GCF_022678625.1	-1.53982226738795	0.309266045229239	-0.607739790353778
GB_GCA_002367285.1	-1.54397998712728	0.311687064647553	-0.610641188667952
RS_GCF_019218295.1	-1.57994656631446	0.332648933312959	-0.635880263244656
GB_GCA_001626765.1	-1.58121722892409	0.333388964581636	-0.636767951584019
RS_GCF_009882975.1	-1.56547847011682	0.324223112746752	-0.625776019563655
GB_GCA_002695005.1	-1.57860490044817	0.331867953547628	-0.634946469634579
RS_GCF_019218265.1	-1.57580565626758	0.330238141868984	-0.632994375157715
GB_GCA_011389895.1	-1.59505718033615	0.341450452217538	-0.646445457085788
RS_GCF_008086115.1	-1.55897280144976	0.320429386260827	-0.621191318300145
GB_GCA_024763335.1	-1.56009851212545	0.321087132175198	-0.621994424688215
GB_GCA_003694465.1	-1.58672928026168	0.336597275354262	-0.640601408964434
GB_GCA_020441205.1	-1.58961714194351	0.338280551940431	-0.642629236781922
GB_GCA_020441225.1	-1.61306982505589	0.351939675906311	-0.659014869210518
RS_GCF_005870025.1	-1.51431444190663	0.293142727878237	-0.580002457774252
RS_GCF_003056725.1	-1.51198273086366	0.291794131875916	-0.578447541498601
RS_GCF_013184745.1	-1.51519551980865	0.293652381203877	-0.580590648520234
RS_GCF_003254465.1	-1.54078236004977	0.308459633298136	-0.597723464414689
RS_GCF_003172915.1	-1.53260558841719	0.303730331156287	-0.592270352968797
RS_GCF_004358675.1	-1.54714883738402	0.31214269935659	-0.601976641444772
RS_GCF_014901205.1	-1.53358011116154	0.304291065054156	-0.592893863361594
GB_GCA_020425125.1	-1.52859057595741	0.30140191866412	-0.58953646079693
RS_GCF_003340565.1	-1.53853402113618	0.307152966604886	-0.596167849807279
RS_GCF_003390845.1	-1.52584558615585	0.299817834177371	-0.587741683927427
RS_GCF_001509585.1	-1.52548499316637	0.299611051325767	-0.587517914045566
RS_GCF_004146235.1	-1.53371101206251	0.304369779425453	-0.593012685086155
RS_GCF_001558155.1	-1.5343010999978	0.304711105569729	-0.59340649736824
GB_GCA_022447275.1	-1.52396611540655	0.298723452568546	-0.586419087598622
RS_GCF_002504165.1	-1.50551562765555	0.288051209265139	-0.574108135725831
GB_GCA_017792405.1	-1.51945496402779	0.296124491662677	-0.583506614409026
RS_GCF_024105635.1	-1.53697638200603	0.306259857540894	-0.595204088764427
RS_GCF_018424695.1	-1.53305486593673	0.303991568769504	-0.592587315164844
RS_GCF_006351965.1	-1.53671081088323	0.306106344635387	-0.595027812663669
GB_GCA_913063035.1	-1.41402663245752	0.232071217538272	-0.48869382976153
GB_GCA_015487165.1	-1.3738686797154	0.205672111507974	-0.436753632496913
GB_GCA_019911965.1	-1.38511670934851	0.211956429786204	-0.442485745404088
GB_GCA_013151535.1	-1.43473589895987	0.239676158723446	-0.467717414447808
GB_GCA_021775315.1	-1.40993095447581	0.225819474639966	-0.455113136611683
GB_GCA_002430125.1	-1.3978376401704	0.21906296312213	-0.448955056356663
GB_GCA_913061275.1	-1.46371438721154	0.25591193170061	-0.482906570701841
GB_GCA_016764475.1	-1.4712088692048	0.260100114078683	-0.486730241879779
GB_GCA_021775355.1	-1.46520277448606	0.256743985251043	-0.483669250272853
GB_GCA_021775375.1	-1.47793553847037	0.263859133963107	-0.490161216919112
GB_GCA_002469545.1	-1.48142941588364	0.265811877130042	-0.491930383085196
GB_GCA_913043905.1	-1.48613410185204	0.268441515969705	-0.494334478529022
GB_GCA_900197625.1	-1.51664264123009	0.285490336332804	-0.509889930188424
GB_GCA_014323795.1	-1.50100568604691	0.276735008258841	-0.501734968694278
GB_GCA_019090795.1	-1.4581313767681	0.252779958881124	-0.479927466906564
GB_GCA_024280735.1	-1.45999707967434	0.253822398700553	-0.480877343475487
RS_GCF_008124525.1	-1.24070713491688	0.119994894309209	-0.278695194835862
GB_GCA_009733745.1	-1.19994283530413	0.092310978064069	-0.21855620390764
RS_GCF_016623495.1	-1.21221423918606	0.0986328005205789	-0.220476840381537
RS_GCF_023487995.1	-1.21036725174355	0.0976809793317268	-0.220190028011978
GB_GCA_021775575.1	-1.07173556731053	-0.031652486909343	0.330624932140703
GB_GCA_002352635.1	-1.09068731257625	-0.0239049252349228	0.346038082147495
GB_GCA_021775525.1	-1.08881440034664	-0.0246738414482634	0.344525836965528
GB_GCA_002897995.1	-1.10110558033431	-0.0196442149362809	0.354505645365577
GB_GCA_003228955.1	-1.10373249191159	-0.0185688182818037	0.356636987512749
GB_GCA_016125495.1	-1.10818098480176	-0.0168489838140391	0.361003802932533
GB_GCA_021730785.1	-1.16108094959804	0.00447086471387875	0.40591806669645
GB_GCA_945903565.1	-1.16719119712795	0.00696029924328974	0.410946683171002
GB_GCA_945862355.1	-1.17812866814098	0.0114254557289893	0.419901329200566
GB_GCA_023392135.1	-1.15140799624284	0.000526303897201198	0.397976334771645
GB_GCA_945889015.1	-1.15612765465504	0.00242471964563836	0.402025539963574
GB_GCA_017792465.1	-1.21933519201059	0.0281587052977681	0.454286429420916
GB_GCA_022600345.1	-1.23942037346253	0.0363492944519667	0.470799125990385
GB_GCA_018830445.1	-1.23993097561048	0.0365558179840986	0.471231449904918
GB_GCA_018819265.1	-1.246648457526	0.0392951428565277	0.476754198115952
GB_GCA_001516065.1	-1.24519181177639	0.038701051151574	0.475557268938591
GB_GCA_002928395.1	-1.17714858316431	0.0109697953665191	0.419462504319296
GB_GCA_002928955.1	-1.179100804515	0.0117663510717773	0.421063479306009
GB_GCA_022843145.1	-1.17419942365634	0.00976751753245576	0.417038515901998
GB_GCA_018242215.1	-1.22394063018392	0.0300620701571039	0.45786656880891
RS_GCF_013626205.1	-1.24006004679291	0.0366389980783546	0.47109152148803
GB_GCA_001464955.1	-1.20066886508725	0.0205943994217813	0.438576391201882
GB_GCA_022844225.1	-1.2052177169657	0.022449736134994	0.442311268742234
GB_GCA_001464755.1	-1.20320208168227	0.0216271504400064	0.440659105795827
GB_GCA_019747815.1	-1.18822064644347	0.0155285536412476	0.428281509351243
GB_GCA_003963125.1	-1.17348827929779	0.00951499071243511	0.416212869972163
GB_GCA_905480435.1	-1.15969261996802	0.00396899684599034	0.404411361084246
GB_GCA_021775425.1	-1.13323856079888	-0.00653530005142511	0.380932318565394
GB_GCA_017640685.1	-1.13971112674137	-0.00388910480637318	0.386202805520481
GB_GCA_021604645.1	-1.13922528330206	-0.00408812647592553	0.385808929425162
GB_GCA_021775385.1	-1.15558267900713	0.00260566084540145	0.399100845374048
GB_GCA_015487985.1	-1.22273864824892	0.0247574512221278	0.538385789248355
RS_GCF_009866965.1	-1.15921209495052	-0.00381000255498156	0.524233829540318
GB_GCA_945787495.1	-1.15490800268623	-0.00550769926979975	0.519757456001657
RS_GCF_020144925.1	-1.18066530537067	0.00462532461749824	0.546721352789619
RS_GCF_000688515.1	-1.18467952848245	0.00620545512102365	0.550917097479804
GB_GCA_016763155.1	-1.21285085302691	0.0166526603575212	0.585770164002577
GB_GCA_020441795.1	-1.18789955605056	0.00686108283387076	0.55942181410678
GB_GCA_022340185.1	-1.20726680835435	0.0144520783056305	0.579940600320214
GB_GCA_002400845.2	-1.21544978652631	0.0176486312225295	0.58869607862461
GB_GCA_020637805.1	-1.19814093348661	0.0108610303078215	0.570383138727054
RS_GCF_001953055.1	-1.212930702582	0.0166485825825873	0.586124577860833
GB_GCA_023954255.1	-1.21509956639291	0.0174981837213098	0.58842599106519
GB_GCA_020441735.1	-1.2119575998947	0.0162670962293528	0.585094305808335
GB_GCA_017854535.1	-1.21582764852985	0.0177882269155093	0.589161490521999
GB_GCA_024280375.1	-1.19696274889882	0.0104319804002972	0.568884069402346
GB_GCA_003232595.1	-1.19878443370289	0.011146127227116	0.570812915265408
GB_GCA_905480295.1	-1.21618724855668	0.0179652952553901	0.589275159912
GB_GCA_011087605.1	-1.22757505163592	0.02242938113083	0.601335481677512
RS_GCF_002750855.1	-1.19089772537074	0.00760060173535874	0.566412953576707
GB_GCA_024244645.1	-1.21603064541268	0.0174141187364494	0.593366424674719
RS_GCF_000154705.2	-1.2262201222146	0.0213137525462249	0.604996716439408
RS_GCF_000759435.1	-1.23178282845494	0.023481159050369	0.611003250099494
GB_GCA_014359905.1	-1.24001674796937	0.0266921651759102	0.619868984772482
GB_GCA_019084245.1	-1.23788181432494	0.0258595673050977	0.617570513016159
GB_GCA_000961635.1	-1.23386899871824	0.0242946882570351	0.613249799773257
RS_GCF_001011155.1	-1.24324228136243	0.0279501786545688	0.623340899688427
GB_GCA_020637795.1	-1.23985357811406	0.0266286738306449	0.619692225598349
GB_GCA_002733955.1	-1.24350907093234	0.0280542724892161	0.623627773671473
RS_GCF_019334345.1	-1.22166746940948	0.0195534619923573	0.599956594738429
GB_GCA_002709005.1	-1.21275648574777	0.0160746915371064	0.590393021327299
GB_GCA_002707605.1	-1.21428312631985	0.0166701696826169	0.592035405111286
RS_GCF_004354915.1	-1.2184272611221	0.0182869626089227	0.596491008116654
RS_GCF_900537175.1	-1.2514010443632	0.031164521346582	0.63185781511947
GB_GCA_017644105.1	-1.24992572950309	0.0305879707896794	0.630280715099579
GB_GCA_905479965.1	-1.25887340383569	0.0340793250268504	0.639898688808706
RS_GCF_001426565.1	-1.24431623261558	0.0283943418118998	0.624313226005276
RS_GCF_902502825.2	-1.25769620905155	0.0336055464274016	0.638790752785886
RS_GCF_001713475.1	-1.25422051944807	0.0322453318479358	0.635092454728557
RS_GCF_014126615.1	-1.24571082594324	0.0289232184625373	0.625960128870901
RS_GCF_004137355.1	-1.24792057574967	0.0297851724087454	0.628338251648845
RS_GCF_007992095.1	-1.24633726351175	0.0291662062681065	0.626648338310801
GB_GCA_002307905.1	-1.24846741480314	0.0299969303547171	0.628942661230171
GB_GCA_020621905.1	-1.27499724124758	0.0403444221432716	0.657504387468215
GB_GCA_019459145.1	-1.24877844202209	0.0301181981267882	0.629277969791185
RS_GCF_019966575.1	-1.19298825765729	0.00845068482152987	0.568296463613467
RS_GCF_019966595.1	-1.19414569445699	0.0088985663805429	0.569566914077989
GB_GCA_022763245.1	-1.20496713332822	0.0131241067230008	0.58116463273955
GB_GCA_002706335.1	-1.20509424248978	0.0131733639666656	0.5813035856846
GB_GCA_002698425.1	-1.20027657090241	0.0112920487164681	0.57614124224866
RS_GCF_014904745.1	-1.20030202054608	0.0113030963328998	0.576160362279531
RS_GCF_013358405.1	-1.20525863793981	0.013238724380735	0.581471294597939
GB_GCA_024639025.1	-1.24744883442836	0.0297332719924607	0.626554849284991
GB_GCA_016711085.1	-1.20425443401663	0.0128170914122526	0.580688398083873
RS_GCF_003934165.1	-1.24093126217993	0.0270577484557228	0.620735956930015
GB_GCA_023387775.1	-1.24677781124619	0.0293382519944796	0.627026238759314
GB_GCA_018823835.1	-1.23767546929142	0.0257888287861933	0.617223380482122
RS_GCF_002075885.1	-1.24745840316669	0.0296026459870765	0.627770517122836
GB_GCA_003242525.1	-1.26696583068933	0.0372114134584395	0.648762465854653
RS_GCF_001303895.1	-1.23859975885287	0.026147891985064	0.618232663495226
GB_GCA_023954305.1	-1.22567709724977	0.021109535477303	0.604298105146163
GB_GCA_024710845.1	-1.23265379927733	0.0238308624922057	0.611803415276544
GB_GCA_019635735.1	-1.22626057409864	0.0213370672916562	0.604926294862858
RS_GCF_001889605.1	-1.22017824986479	0.0189624669673896	0.598402577186247
RS_GCF_003970795.1	-1.22778181325286	0.0219277047244199	0.60658744159902
RS_GCF_014495845.1	-1.2261547772019	0.0212930672369142	0.604837091720873
RS_GCF_009749525.1	-1.23447341799582	0.0245376403223385	0.613790816927177
RS_GCF_007922615.2	-1.237173823324	0.0255889681171695	0.616714850197084
RS_GCF_009742725.1	-1.24970147737589	0.0304743953445256	0.630203064087876
RS_GCF_004000215.1	-1.2504242369992	0.0307562888546432	0.630980871397253
GB_GCA_023435335.1	-1.2234211590264	0.0202523796960504	0.60167043298569
RS_GCF_024105655.1	-1.22767953282984	0.0219106529765321	0.606275000292051
RS_GCF_000497755.1	-1.22934030231918	0.022558687998673	0.608059536614299
RS_GCF_000300335.1	-1.22526808795463	0.0209973020267201	0.603441852968652
GB_GCA_021775495.1	-1.20719807960991	0.0139856008164852	0.583677500958096
GB_GCA_019912385.1	-1.1821886073057	0.00422174040394162	0.556830502769496
GB_GCA_020637755.1	-1.19380880820277	0.00875688142220053	0.569301218020293
RS_GCF_002727065.1	-1.18965149561052	0.00713145773557086	0.564859825712643
GB_GCA_020637775.1	-1.19216166374282	0.00811149187908113	0.567551071979186
GB_GCA_002708825.1	-1.19177522330156	0.00796058510452615	0.567136968001987
RS_GCF_024158145.1	-1.23931448133413	0.0265298183756958	0.61807719734125
RS_GCF_002238045.1	-1.2415861494359	0.0274169667166999	0.620511705613223
RS_GCF_021391535.1	-1.21614569836828	0.0176442832331611	0.591875366511746
RS_GCF_000421645.1	-1.21723443188441	0.0180687644876686	0.593047249920433
GB_GCA_011050685.1	-1.2136840647457	0.0166794069787357	0.589265747427559
RS_GCF_024195285.1	-1.21418951414241	0.0168770085407132	0.58980561308365
RS_GCF_017183135.1	-1.21599245750823	0.0175819678854577	0.59173043630782
RS_GCF_024359545.1	-1.2285971422503	0.022510991929117	0.605193745647122
RS_GCF_010500815.1	-1.26003331739115	0.034801538179269	0.638772011701845
RS_GCF_002088275.1	-1.25439829996442	0.0325982827089173	0.632754429683879
GB_GCA_016793595.1	-1.21960097717117	0.0161178268376265	0.658468314224707
GB_GCA_020161695.1	-1.21943524460325	0.0160539817336991	0.658270218690221
GB_GCA_001464235.1	-1.2244636615186	0.0179889482881706	0.664300848622019
RS_GCF_003008515.1	-1.22658711115376	0.018806840114663	0.666840122093217
GB_GCA_023416965.1	-1.23070860675512	0.0203943803425713	0.671768171098916
GB_GCA_019749835.1	-1.24356694605459	0.0253471348269059	0.687143971721538
GB_GCA_022843985.1	-1.23014299233024	0.0201764866821524	0.671092266309817
RS_GCF_005144885.1	-1.23116114836918	0.0205733108083198	0.672267016664924
GB_GCA_017304475.1	-1.23111260350356	0.0205546090020422	0.672208999276683
GB_GCA_020161975.1	-1.24685926021629	0.0264894969287278	0.692905017146386
GB_GCA_017302635.1	-1.2618368974695	0.0322263619731018	0.711229156440487
GB_GCA_002928875.1	-1.26974360430498	0.0352693430751565	0.720726028923388
RS_GCF_008641065.1	-1.26196351326665	0.0322708675945127	0.711436216938415
GB_GCA_009846685.1	-1.28058968976751	0.0394343723490631	0.733874278233075
GB_GCA_020161475.1	-1.31209127007268	0.0515558033525811	0.771744787144213
GB_GCA_009773635.1	-1.28434235221351	0.0408781949632789	0.738386367087372
GB_GCA_002256205.1	-1.28191225669407	0.0399431107478742	0.735465359622074
GB_GCA_020161575.1	-1.26582586551408	0.0337550178143561	0.716105240021713
GB_GCA_020252485.1	-1.24787993594252	0.0269020991928546	0.693895108829786
GB_GCA_019747375.1	-1.24936768783719	0.0274221583645485	0.696317051948865
GB_GCA_903847605.1	-1.27812024598016	0.0384833865636199	0.730911675440969
RS_GCF_900104955.1	-1.27637754218079	0.0378101899082375	0.728847489050884
GB_GCA_001898965.1	-1.27540621408509	0.0374363788422074	0.727680609441062
GB_GCA_016716745.1	-1.26336052342628	0.0328070363828564	0.713129205432767
GB_GCA_016793505.1	-1.26749585002859	0.0343986360368998	0.718095340656353
GB_GCA_019075865.1	-1.28767761966851	0.0421615262436318	0.74243443538431
GB_GCA_021804825.1	-1.30704031018225	0.0496103278603876	0.765744374752139
GB_GCA_019075905.1	-1.30775468167306	0.0498852463123238	0.766602845438705
RS_GCF_019343105.1	-1.28165516909207	0.0398534805535992	0.735059090317675
GB_GCA_020638195.1	-1.2472703128395	0.0266198671420789	0.693728570325726
GB_GCA_020442275.1	-1.24935985188663	0.0274241449317001	0.696236936201985
GB_GCA_903903185.1	-1.26035103454784	0.031649299505255	0.709516494944972
GB_GCA_021813805.1	-1.28713682921483	0.0419563302986105	0.741715761523943
GB_GCA_021777915.1	-1.2910928562215	0.0434788349310583	0.746467954066653
GB_GCA_017308075.1	-1.24471691673138	0.0254069499960224	0.693374955099333
GB_GCA_023452965.1	-1.25715099667614	0.0301786865128275	0.70846495270958
RS_GCF_001509835.1	-1.2486227891729	0.0269058597285536	0.698115310611779
RS_GCF_900185715.1	-1.24697339961646	0.0262715931746375	0.696128465486568
GB_GCA_005502805.1	-1.24949501212885	0.027238577373526	0.699196824527564
GB_GCA_013823325.1	-1.25424618250049	0.0290615145785475	0.704967240733137
GB_GCA_024231975.1	-1.2551152162711	0.0293949825759336	0.706022296512831
RS_GCF_001429505.1	-1.27261611918321	0.0361098954059503	0.727276333854144
RS_GCF_004123845.1	-1.27464957322912	0.0368900976401491	0.729746018855596
RS_GCF_003952665.1	-1.27320985374662	0.0363376756097462	0.72799774371366
RS_GCF_000735605.1	-1.24809610703345	0.02670205588649	0.697498296303036
RS_GCF_001748145.1	-1.24971701623103	0.0273240940465038	0.699465572139167
GB_GCA_017308015.1	-1.27765617135374	0.0380391152029944	0.733458366147024
RS_GCF_011764485.1	-1.27876392056687	0.038464127693306	0.7348040079399
RS_GCF_900168195.1	-1.27112408834826	0.0355330523806395	0.725522099928088
GB_GCA_001898115.1	-1.27405162929645	0.0366562970820073	0.729077966392988
RS_GCF_002220095.1	-1.27379902626717	0.036559379085722	0.728771131852235
RS_GCF_001426225.1	-1.26439942105708	0.0329534446089977	0.717347855023177
GB_GCA_001556025.1	-1.27705355186235	0.0378066402651232	0.73274193706629
GB_GCA_019745195.1	-1.27699812242138	0.0377853739919155	0.732674598235719
GB_GCA_021732895.1	-1.28598714372677	0.0412343173669271	0.743593060928417
GB_GCA_001556125.1	-1.27635661353719	0.0375386563247349	0.731901951056368
RS_GCF_001713455.1	-1.2754175311145	0.0371783210561501	0.730761617199576
GB_GCA_002279705.1	-1.27658644504742	0.0376267755997893	0.732181855437911
RS_GCF_003046175.1	-1.271420465653	0.0356450809413161	0.725902331244249
RS_GCF_001298265.1	-1.27818559590146	0.0382405647494619	0.734121598430103
GB_GCA_020697385.1	-1.33056236635335	0.0585712661870403	0.795442907093588
RS_GCF_000379105.1	-1.28610610154472	0.0414375789638327	0.742402713375236
RS_GCF_021352225.1	-1.32417378545452	0.0560586398232538	0.788621021167531
RS_GCF_021117295.1	-1.3268234680574	0.0570747644790801	0.791863098208147
GB_GCA_014138645.1	-1.33117708355409	0.0587481380439138	0.797128346789095
GB_GCA_001423405.1	-1.33279099808248	0.0593685025634144	0.799079690495044
RS_GCF_014845115.1	-1.32224794085985	0.0553162273196943	0.786327314057674
RS_GCF_020523825.1	-1.32938236387611	0.0580599868770108	0.794933494698753
RS_GCF_000364445.2	-1.33496274674055	0.0602049497332202	0.80168163805128
RS_GCF_009806555.1	-1.33733618650347	0.0611172563291094	0.804551515071324
RS_GCF_000429045.1	-1.24888487681884	0.0271711538443991	0.696733530923316
GB_GCA_900104855.1	-1.2560605768033	0.0300161560947148	0.704196354205717
RS_GCF_004103825.1	-1.24069577338548	0.0238777286549146	0.6931693611705
GB_GCA_019797865.1	-1.25842775675417	0.0306962509868216	0.714722674630968
GB_GCA_003241695.1	-1.25604439741869	0.0297796879046092	0.711826617362759
GB_GCA_023430145.1	-1.21375272258669	0.0135292810425616	0.660285885446863
RS_GCF_009223885.1	-1.2508454973614	0.0269955071338481	0.721428287151875
RS_GCF_000702305.1	-1.22108356879009	0.0156070362999682	0.684136129680965
GB_GCA_017849325.1	-1.22620728881749	0.0175378331599385	0.690850935454775
RS_GCF_003667445.1	-1.22814416908719	0.0182769470177443	0.693298224445027
RS_GCF_021730435.1	-1.24746985716065	0.0256649133993291	0.717583549821329
RS_GCF_021401125.1	-1.24392634876975	0.0243098422094128	0.713135101342966
GB_GCA_023391175.1	-1.24582123669054	0.0250330244928767	0.715527854362906
RS_GCF_023571765.1	-1.23752977226226	0.0218624568913268	0.705117381037343
RS_GCF_021730305.1	-1.23829854950935	0.0221564308333263	0.706082610732017
RS_GCF_016807805.1	-1.23687912603732	0.0216141501643785	0.704295484492081
RS_GCF_008364685.1	-1.24356159699541	0.0241695218010356	0.712685147057877
GB_GCA_002304505.1	-1.2345008756661	0.0207149162514007	0.701207560917142
RS_GCF_003966715.1	-1.22358452325599	0.0161650879971635	0.696221638177258
RS_GCF_008630065.1	-1.22565484102233	0.0169551343556051	0.698864996739306
GB_GCA_018335895.1	-1.29989025191447	0.0449111585209324	0.801549585488553
GB_GCA_023417665.1	-1.28864703451107	0.0406310610252936	0.786975357197125
GB_GCA_022844205.1	-1.3011551095877	0.0453967800082159	0.803132406327185
GB_GCA_023269635.1	-1.2724390037438	0.0344646059465881	0.765908683119533
GB_GCA_016195095.1	-1.29154276661699	0.0406772015884558	0.813051262244993
GB_GCA_016793685.1	-1.27422384898666	0.03412802810229	0.789640645032744
RS_GCF_000293785.1	-1.2953951280625	0.0421212448984112	0.818439829664637
GB_GCA_009720755.1	-1.29580139464851	0.0422741877496102	0.818999406922436
GB_GCA_013377085.1	-1.31418904124099	0.0492184007546406	0.843982668467601
GB_GCA_021323775.1	-1.28333314552766	0.0375731277470377	0.80194659003444
GB_GCA_022841625.1	-1.29532660877595	0.0420804242588934	0.81865986343014
GB_GCA_019745775.1	-1.2934329224408	0.0413653181121545	0.816085518864505
GB_GCA_016869215.1	-1.30946170192554	0.0473765083668131	0.838608692814739
GB_GCA_019746135.1	-1.30997555864259	0.0475700752188424	0.839314632846282
GB_GCA_945861855.1	-1.30654905451668	0.046276737013529	0.834646129714851
GB_GCA_945897515.1	-1.29294849163109	0.0411450383219828	0.816087084168834
GB_GCA_945893085.1	-1.27783632770507	0.0354415624939221	0.795488168016439
GB_GCA_945907045.1	-1.2983128461745	0.043123960032065	0.824315162926661
GB_GCA_945861895.1	-1.2946250724633	0.0417326342840258	0.819277968075888
GB_GCA_023386635.1	-1.32345663247844	0.052593752316944	0.858982770947304
GB_GCA_019635575.1	-1.32987945010505	0.0550162818336641	0.867768597341798
GB_GCA_001899285.1	-1.31702762157987	0.0501687181558869	0.850191352592805
GB_GCA_019689975.1	-1.34566955104304	0.060952458727382	0.889794304408442
GB_GCA_022841665.1	-1.30618991493044	0.0460581668135414	0.835850253572189
GB_GCA_003152455.1	-1.33406758608311	0.0565600837189332	0.874255067000843
GB_GCA_009694265.1	-1.32605846268303	0.0535404937784957	0.863271396696654
GB_GCA_016185205.1	-1.31793100264079	0.0504763914869791	0.852124274954106
RS_GCF_001426945.1	-1.37262951199811	0.0710761012194423	0.927654284738604
GB_GCA_018242205.1	-1.37639453183068	0.0724948844885882	0.932833534862822
GB_GCA_018240595.1	-1.37539386356781	0.0721177892098236	0.93145724090201
RS_GCF_003367195.1	-1.37522176835218	0.0720529029782164	0.931221655853711
RS_GCF_005153485.1	-1.37999916382408	0.073853193743589	0.937793398141511
GB_GCA_017849615.1	-1.38297390195994	0.0749741961018499	0.941885033374876
GB_GCA_903892675.1	-1.36671892772699	0.0688499899084405	0.919489368350828
GB_GCA_903839845.1	-1.36373192626597	0.0677243056410573	0.915382621358668
GB_GCA_945861265.1	-1.36242173838353	0.0672305495006725	0.913581232176458
GB_GCA_001464835.1	-1.36487333792227	0.0681545354486432	0.916950335514042
GB_GCA_945870035.1	-1.36721102746949	0.0690355187757665	0.920164373451931
GB_GCA_903878085.1	-1.33005873391606	0.0550419150521947	0.868902506343429
GB_GCA_903891395.1	-1.33437622898286	0.0566694045757258	0.874829008022818
GB_GCA_903929045.1	-1.34482210833739	0.0606068531877173	0.889170968848351
GB_GCA_903885555.1	-1.3334737382708	0.0563290988475708	0.873592485642239
GB_GCA_019246455.1	-1.32349776775927	0.0526020573227059	0.859205255440457
GB_GCA_023392205.1	-1.34216761978786	0.0596820338915043	0.88394374998738
GB_GCA_023423415.1	-1.32754496189956	0.0541636199393282	0.863999074094384
RS_GCF_002119765.1	-1.33394781523571	0.0565791927486741	0.872746199375383
GB_GCA_023431725.1	-1.34449551013766	0.0605585934657103	0.887153497205433
GB_GCA_023387555.1	-1.34090646970424	0.0592053064603105	0.882237465078145
GB_GCA_022843165.1	-1.30695916046546	0.0464029682669132	0.83577097597975
GB_GCA_019187085.1	-1.31005625910437	0.0475721415515535	0.839985057209813
GB_GCA_008933495.1	-1.31739965044866	0.050343109088764	0.850006139640154
GB_GCA_023404705.1	-1.26494455363947	0.0306522051937656	0.776544728757762
GB_GCA_003140315.1	-1.27834866887623	0.0357144263104148	0.794749485350029
GB_GCA_005884685.1	-1.28264916394898	0.0373391415663835	0.800582331490159
GB_GCA_022844485.1	-1.27096120612465	0.032926933037844	0.784684516957509
RS_GCF_024181725.1	-1.28484770677884	0.0370194401596646	0.82987688384438
RS_GCF_018131225.1	-1.27628110316483	0.0338216492762925	0.817387301914868
GB_GCA_002083525.1	-1.31108111916487	0.0466074796617612	0.872771212371477
GB_GCA_021732215.1	-1.31343880810141	0.0474849949617859	0.87626599207843
GB_GCA_017305665.1	-1.31575930715358	0.0481609118528233	0.88406658705864
GB_GCA_018240625.1	-1.30984144338285	0.0459654132750933	0.875133021109113
RS_GCF_900142985.1	-1.33020331241593	0.0534163620178175	0.908317412912486
RS_GCF_018129385.1	-1.33962194903948	0.0568371119406798	0.924304606528323
GB_GCA_021732175.1	-1.34989776275909	0.0606352848502855	0.940146891861639
GB_GCA_016219575.1	-1.35339264846558	0.0619271354295665	0.945533688888658
GB_GCA_023432885.1	-1.35891109985638	0.0639670202152583	0.95403859542406
RS_GCF_018131005.1	-1.34419832651774	0.0585209798597125	0.931532788051504
RS_GCF_018130215.1	-1.34740957713843	0.0597058607128628	0.93653026649232
RS_GCF_023278185.1	-1.36114262903414	0.0647769332391468	0.957815740629267
RS_GCF_001189245.1	-1.36096934340851	0.0647129171955277	0.957547804948293
RS_GCF_015291625.1	-1.368170659782	0.0673729044986595	0.968690793063741
RS_GCF_001238275.1	-1.36855611394772	0.0675152875940405	0.969287091724335
RS_GCF_001908235.1	-1.36883943112156	0.0676199452654005	0.969725315250044
RS_GCF_001189845.1	-1.36931636051203	0.0677961264722329	0.970462942039139
GB_GCA_016839165.1	-1.36668989334582	0.0668259364118228	0.966399744380268
RS_GCF_002831585.1	-1.36747536596127	0.0671160985265027	0.967614505503394
RS_GCF_018130545.1	-1.36602735139682	0.066581151481365	0.965375902508437
RS_GCF_020889685.1	-1.3686467075982	0.0675487536853501	0.969427206125344
RS_GCF_010811875.1	-1.36861341928465	0.0675364567072141	0.969375722597743
RS_GCF_022835695.1	-1.37076759472034	0.0683322070857162	0.972707833293321
RS_GCF_020889705.1	-1.37047954217875	0.0682257623616469	0.972263151993345
RS_GCF_013373795.3	-1.36727310745275	0.0670412881043294	0.967303882099534
RS_GCF_011516645.4	-1.37154578968257	0.0686196425193351	0.973912220659048
RS_GCF_019972155.1	-1.37019570146958	0.0681209147503657	0.971824038243071
RS_GCF_002532045.1	-1.36865432335039	0.067551521276287	0.969440049373472
RS_GCF_001982635.1	-1.36297052464141	0.0654521143168116	0.960644104407166
RS_GCF_018130695.1	-1.37109537477122	0.0684548116943017	0.973180233105369
RS_GCF_900696085.1	-1.35678817867022	0.0631698311145934	0.951047621263691
RS_GCF_018130505.1	-1.36075699080645	0.0646361730629281	0.957180462364733
RS_GCF_020329505.1	-1.35997836256983	0.0643484896887923	0.955977423345733
RS_GCF_015624485.1	-1.36274312193588	0.0653700734838232	0.960247595106891
RS_GCF_000938305.1	-1.36647963840867	0.0667515218905715	0.966000590243028
RS_GCF_001542415.1	-1.3531138339173	0.0618129591601741	0.945354597964049
RS_GCF_024199925.1	-1.35727203901987	0.0632804639287407	0.953642948378844
RS_GCF_000472925.1	-1.35661871482349	0.0630395115573829	0.952621695545098
RS_GCF_006483445.1	-1.36864286483421	0.0674677324083667	0.971586039546039
RS_GCF_018130955.1	-1.36772641859705	0.067129822057593	0.970151253421557
RS_GCF_024758505.1	-1.36726916642883	0.0669612311337232	0.969435240444587
RS_GCF_002068095.1	-1.38037372940524	0.0717750235069572	0.990430981626525
RS_GCF_018130825.1	-1.37895898986751	0.0712538774203613	0.988203155517668
RS_GCF_018130765.1	-1.38101127384546	0.0720098711698715	0.991435035975237
RS_GCF_018129405.1	-1.37523164182038	0.0698808494985287	0.982333327323485
RS_GCF_000261685.1	-1.37860602994952	0.0711235146752258	0.987656499873322
GB_GCA_003963435.1	-1.38756912806493	0.0744245351711701	1.00178985998383
RS_GCF_016616425.1	-1.39300756509286	0.0764273974413608	1.01036705835708
RS_GCF_018131185.1	-1.38797944482547	0.074575406644114	1.00244344411237
RS_GCF_023101665.1	-1.39022799040178	0.0754035835713976	1.00598744750169
RS_GCF_023073355.1	-1.39632400343123	0.0776488689777252	1.01559497322001
RS_GCF_023074055.1	-1.39113549796618	0.075737834751799	1.00741777358869
RS_GCF_023074075.1	-1.38777978683093	0.0745019045389091	1.00212779215818
RS_GCF_004114535.1	-1.38871726121295	0.07484721143691	1.00360483657645
RS_GCF_024585165.1	-1.38877049123542	0.0748668105024968	1.00368890123585
RS_GCF_004570865.1	-1.38655919858674	0.07405233462125	1.00020416295117
RS_GCF_002278135.2	-1.38633993221863	0.0739715486693197	0.999859300736292
RS_GCF_002266435.2	-1.39237092569945	0.0761928613155041	1.00936501326997
RS_GCF_018129985.1	-1.3929027345835	0.0763887337676157	1.01020325824132
RS_GCF_003020125.1	-1.39182760328251	0.0759927392316513	1.00850886670671
RS_GCF_002266465.2	-1.39220400836211	0.076131376912095	1.00910209178747
RS_GCF_001590795.1	-1.39009698128583	0.0753553831541975	1.00577950869833
RS_GCF_015291745.1	-1.38723145498915	0.0742999384261292	1.00126371105051
RS_GCF_002531575.1	-1.39066384105924	0.075564169744547	1.00667287914792
RS_GCF_002776695.1	-1.38654137246861	0.0740457617857174	1.00017626275113
GB_GCA_016462955.1	-1.38264769135968	0.0726123110169126	0.994021569523937
RS_GCF_001556045.1	-1.38389182684914	0.0730705638903865	0.99598197653217
RS_GCF_003837805.1	-1.38344428409012	0.0729057018975976	0.995277241799939
RS_GCF_015291725.1	-1.38200771624158	0.072376534164971	0.993014537056846
RS_GCF_016031635.1	-1.38306028124691	0.0727642496164587	0.994672475543969
RS_GCF_024585265.1	-1.38462037948717	0.0733388993388833	0.997130276863453
RS_GCF_000617845.2	-1.38389583668376	0.0730720127951292	0.995988994536228
RS_GCF_016031655.1	-1.38016486200894	0.0716977038877019	0.990112007097742
RS_GCF_016031625.1	-1.38194676449349	0.0723540729139049	0.99291875438051
RS_GCF_002795245.1	-1.38096675619082	0.0719930905704073	0.991374928370948
RS_GCF_018130245.1	-1.38114842980885	0.0720600106274901	0.991661088683039
RS_GCF_000473065.1	-1.38026082485976	0.0717330583369004	0.990262997904987
RS_GCF_004114425.1	-1.38341363091948	0.0728944035429407	0.99522911732863
RS_GCF_024199845.1	-1.3777990461024	0.0708269140735365	0.986368080788664
RS_GCF_011602485.1	-1.37919508330334	0.0713411624377357	0.988566648873605
RS_GCF_000296215.2	-1.38102287602314	0.0720144732608402	0.991444680358873
RS_GCF_021044685.1	-1.38029370071429	0.0717458617363074	0.990296587869946
RS_GCF_023073715.1	-1.37781157876755	0.0708315391151373	0.986387602207757
RS_GCF_004212635.1	-1.37782109631823	0.0708350355251931	0.986402825107032
RS_GCF_004114935.1	-1.37903153629339	0.0712809364769457	0.988308608315783
RS_GCF_009759665.1	-1.37633297243737	0.0702871317244872	0.984052418277759
GB_GCA_023390955.1	-1.40775374524954	0.0818599257348977	1.03358204611087
RS_GCF_023074175.1	-1.38716802981952	0.0742767993244112	1.00116202642175
RS_GCF_023074185.1	-1.39118278812201	0.0757554075291382	1.00749283500645
RS_GCF_018130465.1	-1.38857445788581	0.0747945866364668	1.00338501582586
RS_GCF_003020115.1	-1.39179153661775	0.0759795235705058	1.00845500470183
RS_GCF_019402665.1	-1.39468488013257	0.0770452306437403	1.01301451157545
RS_GCF_000515415.1	-1.39303444843325	0.0764373215882013	1.01041378463735
RS_GCF_021052305.1	-1.39382176565896	0.0767273173340971	1.01165441276451
RS_GCF_023100905.1	-1.39386029576738	0.0767415111887188	1.01171507478178
RS_GCF_023073915.1	-1.3914975088954	0.0758712415571387	1.00799117854414
RS_GCF_000938255.1	-1.38815498884549	0.074640499506609	1.00271259421865
RS_GCF_023101685.1	-1.39061257012636	0.075545741267582	1.00658431443055
RS_GCF_008123965.1	-1.38725629861828	0.0743094466744289	1.00129740581955
RS_GCF_015624505.1	-1.38080434365781	0.0719328085296126	0.991135272308506
RS_GCF_001641335.1	-1.39203509047432	0.0760677281803911	1.00888165454809
RS_GCF_016616235.1	-1.39648735133263	0.0777074735952507	1.01590233055236
RS_GCF_015291705.1	-1.39471303450842	0.0770539930775271	1.01310468543383
RS_GCF_019455385.1	-1.39490350544989	0.077124150005138	1.01340482632944
RS_GCF_018129995.1	-1.39966901284652	0.0788789809977215	1.02092801387919
RS_GCF_004123905.1	-1.40573737337943	0.0811138520248526	1.03049949250314
RS_GCF_023073315.1	-1.40664213804128	0.0814470657998205	1.031926411005
RS_GCF_023073335.1	-1.40395972536462	0.0804591829825238	1.02769541455119
RS_GCF_018129965.1	-1.39911032008827	0.0786732263705689	1.02004672608547
RS_GCF_008932115.1	-1.40254924416386	0.0799397265712145	1.02547069808546
RS_GCF_007290395.1	-1.40519940394627	0.0809157520499122	1.02965017114771
RS_GCF_018130785.1	-1.39145401532509	0.0758535945153313	1.00796913661175
RS_GCF_024199795.1	-1.39710650945427	0.0779353740672584	1.01688265624306
RS_GCF_011516635.5	-1.40207073127532	0.0797636729323709	1.02471066780503
GB_GCA_023387695.1	-1.38954247613187	0.0751498289237673	1.00494739407872
RS_GCF_021458635.1	-1.39242492519209	0.0762113977861514	1.00949322289618
RS_GCF_024199945.1	-1.38927244234508	0.075050329495873	1.00452288849078
RS_GCF_008123425.1	-1.39346997947301	0.0765962760928613	1.01114141077104
RS_GCF_008123515.1	-1.39643294707306	0.077687539543385	1.01581312136597
RS_GCF_016616885.1	-1.39236926105242	0.0761908809351163	1.00940589467533
RS_GCF_000473045.1	-1.39321458667919	0.0765022157228748	1.01073869877866
RS_GCF_018131105.1	-1.39180645167759	0.0759836290408284	1.00851765378941
RS_GCF_018130615.1	-1.38925346543129	0.0750434117305169	1.00449100788861
RS_GCF_018129685.1	-1.39120663078509	0.0757627747567588	1.00757026640067
RS_GCF_015291665.1	-1.38634714216012	0.0739730330922283	0.999907997775609
RS_GCF_001440035.1	-1.38961601234615	0.075176973084836	1.0050616572773
RS_GCF_004114955.1	-1.38763997709062	0.0744491789685999	1.00194656508919
RS_GCF_022012435.1	-1.39076398409555	0.075599775175263	1.00687156723659
RS_GCF_014529705.1	-1.38398876491383	0.0731050990101664	0.996171061324587
RS_GCF_015291645.1	-1.38401495896742	0.0731147471923232	0.996212336611659
RS_GCF_016612535.1	-1.38497926703862	0.073470417192199	0.997718375684394
RS_GCF_016599855.1	-1.38402615704018	0.0731193409924447	0.996216860206724
RS_GCF_018131015.1	-1.3801346930289	0.0716873401256662	0.990047207588635
RS_GCF_004571025.1	-1.37327110548901	0.0691594833538054	0.979225208903693
GB_GCA_023435725.1	-1.36635173114747	0.0666121991271541	0.968285432442958
RS_GCF_001908185.1	-1.3687021113552	0.0674782325601212	0.97198070796899
RS_GCF_001908205.1	-1.36829537792955	0.0673283650358443	0.971341249217645
GB_GCA_023388935.1	-1.36531660097995	0.0662321666097026	0.966621244447966
RS_GCF_001641695.1	-1.36423893116583	0.065838899816631	0.96482508798059
RS_GCF_001641635.1	-1.36815778118371	0.0672834026744456	0.970972040407786
GB_GCA_016213215.1	-1.35746752222169	0.0633816734855774	0.953183928092536
GB_GCA_019244115.1	-1.37719046556212	0.0706831230461165	0.983296016370813
GB_GCA_019243075.1	-1.37764515793795	0.0708509622843512	0.984002748433641
GB_GCA_019242285.1	-1.37006283299515	0.0680503688206426	0.972258236967018
RS_GCF_013178945.1	-1.37561439751244	0.0701001047124927	0.980877646518933
RS_GCF_024586915.1	-1.37780761306029	0.0709101664156555	0.984275243743995
RS_GCF_021088345.1	-1.38933337299713	0.0751671753509048	1.0021309118129
RS_GCF_000472385.1	-1.35499886137226	0.0624869342430018	0.948910895059145
RS_GCF_000472425.1	-1.3587922518194	0.0638880970542229	0.954785276120691
GB_GCA_005885285.1	-1.34611299227594	0.0592236954311027	0.93465806768135
GB_GCA_005884765.1	-1.34381804015451	0.0583755795601338	0.931115298353997
RS_GCF_900141755.1	-1.35339041118866	0.0619480253325691	0.944946508978511
RS_GCF_900129425.1	-1.34694272140301	0.0595635732586766	0.935038321089803
GB_GCA_004799445.1	-1.35510017829978	0.062580134651699	0.947577788188209
GB_GCA_004799405.1	-1.35879563090271	0.0639466557290447	0.953259044863734
RS_GCF_018449695.1	-1.35324681086261	0.0618947584269205	0.944729206588295
RS_GCF_018736105.1	-1.34289763494365	0.0580679265916694	0.928816296711338
GB_GCA_001464035.1	-1.35671458629252	0.06317738482175	0.950054127309667
GB_GCA_017881085.1	-1.3403727143604	0.0571344693141742	0.924929963498836
RS_GCF_900129505.1	-1.34198108845713	0.0577292526873517	0.927401880634149
RS_GCF_009766005.1	-1.33794616524231	0.056238024305315	0.921182201055125
GB_GCA_018971625.1	-1.34696385362339	0.0595727104160703	0.935043429542132
GB_GCA_018971675.1	-1.34638995146471	0.0593604730130519	0.934161516087357
RS_GCF_018449525.1	-1.33861482054131	0.0564861090253882	0.922193326591479
RS_GCF_900105125.1	-1.32870016339521	0.052819349028242	0.906961116285233
GB_GCA_900129675.1	-1.32441018909118	0.051230825775184	0.900408441517778
GB_GCA_019748335.1	-1.34923063093034	0.0604049076917209	0.938645535076834
RS_GCF_005937885.2	-1.33696600014816	0.0558702100038573	0.919780226906385
RS_GCF_900099825.1	-1.34069020125708	0.0572471556076329	0.925509324973481
RS_GCF_900103365.1	-1.34410438446397	0.0585094854839894	0.930761380211022
GB_GCA_902826195.1	-1.34363230736421	0.0583322889859531	0.930088829337607
RS_GCF_023100945.1	-1.34018149616769	0.0570558200302877	0.924792638301216
RS_GCF_001440405.1	-1.34345350712283	0.0582650956541214	0.929835992393254
RS_GCF_013114825.1	-1.35305480179496	0.0618134318606852	0.944637830055322
RS_GCF_001693385.1	-1.35249974470115	0.06160820112101	0.943784198435819
RS_GCF_001440415.1	-1.35576543572434	0.062815233283681	0.948815934071002
RS_GCF_001693485.1	-1.35565170155458	0.0627731949053739	0.948640716754652
RS_GCF_000472965.1	-1.35537493530697	0.0626708929361121	0.948214414802752
RS_GCF_018398875.1	-1.3587441977669	0.0639162362040307	0.953405102990111
RS_GCF_018398895.1	-1.35405490209113	0.0621830021288964	0.946180380711069
RS_GCF_020329435.1	-1.36031445356164	0.0644968748199892	0.955819242089463
RS_GCF_013114835.1	-1.35589209339611	0.0628622484725204	0.949006922056001
RS_GCF_009930815.1	-1.35004463304861	0.0607009753669907	0.939996975325832
RS_GCF_001440475.1	-1.35014658969112	0.0607386489204267	0.9401542830663
RS_GCF_001440395.1	-1.35279282789112	0.0617167779608317	0.944230446956919
RS_GCF_001693515.2	-1.34992566429428	0.0606569812645585	0.939814121498442
RS_GCF_003062295.1	-1.33705178418437	0.0558991169458767	0.919968967100614
RS_GCF_018130385.1	-1.33825283601071	0.0563430848680773	0.921818499832883
RS_GCF_018596315.1	-1.3415739735518	0.0575707774884994	0.926932120844441
RS_GCF_023101085.1	-1.34209818423031	0.0577645598757742	0.927739210554745
RS_GCF_023073415.1	-1.34004119097554	0.0570041673965433	0.924572088541587
GB_GCA_013822885.1	-1.3361415706765	0.0555636579512757	0.918546935551518
GB_GCA_023422775.1	-1.34547713921935	0.0590149556547545	0.932914937209196
GB_GCA_023387735.1	-1.34030541099563	0.057102994478025	0.924955479737912
GB_GCA_022844465.1	-1.34505450902313	0.0588599625204106	0.932239664028347
GB_GCA_017305715.1	-1.33099029089853	0.053661909233508	0.910565395708736
RS_GCF_018130145.1	-1.33367520099348	0.0546545212026977	0.914696995114093
RS_GCF_018130065.1	-1.33581810378924	0.0554468528595924	0.917992704033102
RS_GCF_018131075.1	-1.33551366596484	0.0553342861042742	0.917524522711697
RS_GCF_018130165.1	-1.3362352970443	0.0556011082539093	0.918634342062075
GB_GCA_014377915.1	-1.35398708024414	0.0622906204705832	0.942996513884021
RS_GCF_007018905.1	-1.34701335577764	0.0597057439497619	0.932415333755519
RS_GCF_008329525.1	-1.34995477764745	0.0607948191531281	0.936904590623445
RS_GCF_001618955.1	-1.34985527290183	0.060757934580274	0.936753654320129
RS_GCF_013359755.1	-1.34723804121226	0.0597878770043092	0.932781635074044
RS_GCF_018279705.1	-1.37118953757321	0.0686646876637662	0.969149084276865
GB_GCA_002256345.1	-1.37232558438593	0.069085708969118	0.970874353977306
GB_GCA_023449855.1	-1.37384744218635	0.0696497542916127	0.973184550842789
RS_GCF_000935205.1	-1.34338536615188	0.0583625598530504	0.926877596686384
GB_GCA_013377015.1	-1.34013152319654	0.0571564271462463	0.921942000622845
GB_GCA_000504425.1	-1.3584816039467	0.0639569134694938	0.949814784862402
RS_GCF_003031265.1	-1.37684396623135	0.0707601894213424	0.977747781185897
RS_GCF_010907035.1	-1.37856972219392	0.071399780459147	0.980368282976164
RS_GCF_003226555.1	-1.37881225521337	0.0714896689734053	0.980736508414054
RS_GCF_007005445.1	-1.37112636311173	0.0686411204268333	0.96906678096728
GB_GCA_016215605.1	-1.35200572198465	0.0615551283312306	0.940022892466625
GB_GCA_017305555.1	-1.32107296747758	0.0501753312304753	0.891052579490913
GB_GCA_023386885.1	-1.32660054525782	0.0522274890829964	0.899361660156562
GB_GCA_017305595.1	-1.32423382479771	0.0513488128568735	0.895804203469537
GB_GCA_017305535.1	-1.32717577047914	0.0524410420956577	0.900226410294175
GB_GCA_001899255.1	-1.31293428614354	0.0471545505111284	0.878804945922462
GB_GCA_024508855.1	-1.31474363758047	0.0478263339649971	0.88152394667626
GB_GCA_020441545.1	-1.33086305004289	0.0538112228134192	0.905747924763106
RS_GCF_001425835.1	-1.30783907316805	0.0453486927964824	0.869119236145231
GB_GCA_001897755.1	-1.32127684693255	0.0503447207339335	0.889150709346477
GB_GCA_017305455.1	-1.32631817196747	0.0522192885665828	0.896661231832766
GB_GCA_003963145.1	-1.32888946785363	0.0531757973193374	0.900485452307516
GB_GCA_020544565.1	-1.31787236160402	0.0490772267575471	0.884104771691858
GB_GCA_017308495.1	-1.32076944319708	0.0501544319457069	0.888421572302139
GB_GCA_017305515.1	-1.3312399969714	0.0540462130259541	0.904049033549693
GB_GCA_016201045.1	-1.33549682269511	0.0556289203643482	0.910393527799978
GB_GCA_024707075.1	-1.31483368539721	0.0479457369820739	0.879604646520952
RS_GCF_000497575.1	-1.31944933114957	0.0496616992360467	0.886486342443978
RS_GCF_001006325.2	-1.3195501465942	0.0496991026935798	0.886637935035763
RS_GCF_014203115.1	-1.32137140963789	0.0503762374611646	0.889352630574195
GB_GCA_017308595.1	-1.31947421626631	0.049670944149885	0.886523693301856
GB_GCA_024508675.1	-1.3236997824281	0.0512419899934427	0.892822078636463
GB_GCA_017308575.1	-1.32574623262073	0.052002930392517	0.895871118712236
GB_GCA_018729455.1	-1.15849380741302	-0.00494487873398208	0.538141353948261
RS_GCF_001305515.1	-1.15874200882854	-0.00484766360925123	0.538408732889025
RS_GCF_019160155.1	-1.18712381148635	0.00626636354156683	0.56901043165795
GB_GCA_021286855.1	-1.20000754425684	0.0113122543384071	0.58289389029381
GB_GCA_002869065.1	-1.15542549418299	-0.00627798829675602	0.535905196795954
RS_GCF_003053845.1	-1.15831678062103	-0.0052825015204566	0.540098423499103
RS_GCF_003432385.1	-1.16389724997409	-0.00310208507481094	0.546153001215933
RS_GCF_020177335.1	-1.18026650069155	0.00313878751347287	0.565138056192281
RS_GCF_020176715.1	-1.19386839984159	0.00843807863907668	0.580013484520673
GB_GCA_002709505.1	-1.19394117881099	0.00846645671476677	0.580092901428131
GB_GCA_002722295.1	-1.20892126641261	0.0143058527506263	0.596452928006742
RS_GCF_900185725.1	-1.20282763174199	0.0119271537622152	0.589823265061061
RS_GCF_001696535.1	-1.20087586166985	0.011166091933766	0.587693643612375
RS_GCF_009789575.1	-1.20718134265671	0.0136241862019202	0.594578467743818
RS_GCF_023507705.1	-1.2067954921614	0.013473767455077	0.594157172308588
RS_GCF_014252955.1	-1.20417516341279	0.0124522767007811	0.591296059201317
RS_GCF_009826895.1	-1.17453639778411	0.000921634753439808	0.55875473831131
RS_GCF_013266695.1	-1.17664005943781	0.00174230561014111	0.56104713633999
RS_GCF_003012935.1	-1.20887937616523	0.0142493048689057	0.596780166092072
RS_GCF_014692675.1	-1.19108165864413	0.00725971175120783	0.577766208556119
RS_GCF_008711325.1	-1.21368154115473	0.0160479353070641	0.602633376897353
GB_GCA_017643215.1	-1.21541337351965	0.016721870345372	0.604534799302983
RS_GCF_008711285.1	-1.22319753911478	0.0197520861676311	0.61307261738305
GB_GCA_000521215.1	-1.23098390234057	0.0227601180074328	0.621809161407962
RS_GCF_001404515.1	-1.22869956088501	0.0218714081257882	0.61929911400636
GB_GCA_001404055.1	-1.23209568428499	0.023192849536022	0.623029084715047
GB_GCA_017643925.1	-1.22477890708779	0.0203462862619894	0.614989437431808
RS_GCF_009363435.1	-1.2239755221327	0.0200341501371037	0.614102987035552
RS_GCF_023156505.1	-1.22395074636112	0.0200243656704857	0.614076958301436
RS_GCF_002237595.1	-1.22077427932537	0.0187885453784078	0.610586948040684
RS_GCF_003075075.1	-1.22737527150362	0.0213560236043199	0.617845688910457
RS_GCF_002906165.1	-1.23483247166697	0.0242570695194514	0.626040936983444
RS_GCF_001624695.1	-1.23182521096014	0.0230871376920093	0.622736298260892
GB_GCA_008107695.1	-1.22518177204602	0.020502966448921	0.615432572388051
RS_GCF_001999245.1	-1.22809752717013	0.0216373367776268	0.618636308297345
GB_GCA_008107755.1	-1.23196376391241	0.0231416368513724	0.622883268481222
RS_GCF_017309185.1	-1.22643208196301	0.0209895530004428	0.616805088132739
RS_GCF_009711415.1	-1.22546250141467	0.0206167384159151	0.61570185213222
RS_GCF_006517275.1	-1.21785203413952	0.0176548848970145	0.607348091509614
GB_GCA_001890945.1	-1.21886098963317	0.0180473660874164	0.608457089552195
RS_GCF_000158095.2	-1.2207251660779	0.0187727239177973	0.610504479098371
GB_GCA_009650605.1	-1.19670212265148	0.00945671987763128	0.583852135289825
RS_GCF_014842925.1	-1.19666634172279	0.00944278435883784	0.583812949432201
RS_GCF_014842915.1	-1.19984892114982	0.010682936638484	0.587293998792747
RS_GCF_008477545.1	-1.20711099927863	0.0135112553765275	0.595247692943579
RS_GCF_001623075.1	-1.22037805390269	0.0187668881783035	0.609059285022141
RS_GCF_900143565.1	-1.22030753543402	0.0187393929182615	0.608982299281612
RS_GCF_018282095.1	-1.2206804902656	0.0188848507433807	0.609389113717278
RS_GCF_900104145.1	-1.23416620271918	0.024143130539378	0.624110416751307
RS_GCF_003258595.1	-1.25569464708306	0.0330699911247763	0.643436055560667
GB_GCA_002746425.1	-1.15233062443525	-0.00533351403700459	0.500091457179455
GB_GCA_016865015.1	-1.15414470423768	-0.0046143842870419	0.501919530946327
GB_GCA_016764535.1	-1.15165247569337	-0.00560152320141246	0.499403071016526
RS_GCF_003324485.1	-1.15900851690366	-0.00269372226438079	0.506861257847916
RS_GCF_002866925.1	-1.14744685551446	-0.00727665250696114	0.495209222580563
GB_GCA_022360615.1	-1.09135772897913	-0.0267401010005158	0.396307663751744
RS_GCF_000496075.1	-1.09768813734415	-0.0242299940714576	0.40224160332627
GB_GCA_023435545.1	-1.10578523214177	-0.0209761749932889	0.409658694303576
GB_GCA_905479765.1	-1.11687122428577	-0.0165128425288747	0.419779570415519
GB_GCA_023458595.1	-1.0961838297786	-0.0248458951840196	0.400909707000396
GB_GCA_020441995.1	-1.11726904536333	-0.016338127543673	0.420091090931457
GB_GCA_020637855.1	-1.11197076003882	-0.0184726744774141	0.415259553944998
GB_GCA_002869085.1	-1.05099835205591	-0.0383688295640305	0.290107336722292
GB_GCA_021775835.1	-1.0311740230841	-0.0466331854314948	0.275207332390197
GB_GCA_021775805.1	-1.03549384050662	-0.044847936636082	0.27849943135887
GB_GCA_021775475.1	-1.07750542493383	-0.0274942499219001	0.310554310342302
GB_GCA_024278055.1	-1.07527614052339	-0.028415416579382	0.308854801538815
GB_GCA_905479595.1	-1.06755418987833	-0.0316595524711299	0.303178250647598
GB_GCA_024227565.1	-1.07213061299614	-0.0297692033191349	0.306670155955157
GB_GCA_024642465.1	-1.11597129477492	-0.011772134922535	0.34055323697725
GB_GCA_024640405.1	-1.13589521293327	-0.00355544298539908	0.35580684589609
GB_GCA_013041995.1	-1.13911791624413	-0.00222606072593853	0.358272832063701
GB_GCA_900149695.1	-1.13600325994844	-0.00351108674031709	0.355890339292957
GB_GCA_024639035.1	-1.10286612554836	-0.0171596930602175	0.330452924372445
GB_GCA_013002595.1	-1.10698577893211	-0.0154593013158353	0.333601423847042
GB_GCA_011374735.1	-1.16107101237986	0.00686881052378537	0.374947539195541
RS_GCF_000746275.1	-1.14831598747256	0.001604387044688	0.365195855097588
GB_GCA_024279095.1	-1.11171032400435	-0.0135035430835116	0.337210103995329
GB_GCA_024236235.1	-1.11931993052855	-0.016863461581054	0.271152552738781
GB_GCA_913062525.1	-0.89313744200506	-0.114131598744798	0.150214868631983
GB_GCA_022360775.1	-0.874368222598748	-0.121727463298362	0.138620627743935
GB_GCA_002428885.1	-0.874835458213369	-0.121538436964878	0.138909270018604
RS_GCF_002924445.1	-0.84973330504032	-0.131632052174047	0.123352501278079
GB_GCA_016865035.1	-0.855114092380493	-0.129453481068263	0.126675262978079
GB_GCA_016869515.1	-0.80543842057921	-0.155382306161446	0.117729097687037
GB_GCA_009694185.1	-0.700081878399591	-0.209274345806716	0.0942267999681386
GB_GCA_945889625.1	-0.738559854321904	-0.195992156761649	0.121906072623543
GB_GCA_019745575.1	-0.73947461930035	-0.195656862469904	0.122556922333393
GB_GCA_009772935.1	-0.748004213395952	-0.192532847621106	0.128626826414584
GB_GCA_018240695.1	-0.741238648297671	-0.195022098056264	0.12381699319275
GB_GCA_903832005.1	-0.747488626032611	-0.192734500397878	0.12826516245761
GB_GCA_903915535.1	-0.749652538911339	-0.191942737881057	0.12980535435756
GB_GCA_903839865.1	-0.75034451011361	-0.191689299208647	0.130297766134491
GB_GCA_016870055.1	-0.737396716463151	-0.19641224133497	0.121076022109809
GB_GCA_017305915.1	-0.735409627256649	-0.197135759437924	0.119660096692899
RS_GCF_900167455.1	-0.731651399949909	-0.198515971758297	0.116987095859533
GB_GCA_017308235.1	-0.730997258940056	-0.198756750753363	0.116522032503823
GB_GCA_018242505.1	-0.731544100287381	-0.198556226573791	0.116911061077479
GB_GCA_016869975.1	-0.720080871931168	-0.202538485426186	0.108667694592213
GB_GCA_022844045.1	-0.720980955973513	-0.202206548922865	0.109307270896162
GB_GCA_016699855.1	-0.721549953720512	-0.201991406628252	0.109710222116954
RS_GCF_008039615.1	-0.724429810183185	-0.200929398282775	0.111756679653349
GB_GCA_016792765.1	-0.701114774212064	-0.211809677826862	0.105283760412733
GB_GCA_900197615.1	-0.713007468805807	-0.207594965645405	0.113950838929963
GB_GCA_002238725.1	-0.712523248338679	-0.207771940346197	0.11359970744662
GB_GCA_011523655.1	-0.71346435396412	-0.207428598677913	0.114282366295178
GB_GCA_022819985.1	-0.716853318087677	-0.206190924873497	0.116740183303612
GB_GCA_009840595.1	-0.717081148854581	-0.206107669959075	0.116905399104814
GB_GCA_019634165.1	-0.650395895478228	-0.240323276923206	0.102499475170882
RS_GCF_000948415.1	-0.654317970625401	-0.238976617761725	0.10556147079926
GB_GCA_002709775.1	-0.65493326322996	-0.238764825994193	0.106041706305274
RS_GCF_001662875.1	-0.655900527377526	-0.238432122993594	0.106796715348842
RS_GCF_000300275.1	-0.656265155725466	-0.238306640671022	0.107081314372507
RS_GCF_017922435.1	-0.655975928357476	-0.238406181975581	0.106855568976499
RS_GCF_003403095.1	-0.656934261346292	-0.238076368797288	0.107603561595096
RS_GCF_011806525.1	-0.651976092644802	-0.239782271941232	0.103733526532566
GB_GCA_013373205.1	-0.647960238708766	-0.240859681511874	0.100523789372136
RS_GCF_004564135.1	-0.645737425441306	-0.241632168020102	0.0987906837937086
GB_GCA_024653965.1	-0.659161757167759	-0.237823466510321	0.109458920922759
GB_GCA_002732845.1	-0.673982419590489	-0.232735334038382	0.121030022229613
RS_GCF_001746755.1	-0.654293000081953	-0.239490952028958	0.105656463775154
GB_GCA_015231605.1	-0.637899720468139	-0.245114585186108	0.0928569111284066
GB_GCA_002696205.1	-0.648610105531496	-0.242051134350723	0.101364634875558
GB_GCA_913030825.1	-0.647984677922378	-0.242263594644622	0.100875852232355
GB_GCA_002781745.1	-0.658744484275702	-0.238615246792893	0.109286822264868
GB_GCA_002706405.1	-0.658363453375553	-0.238747241961047	0.108989698819083
GB_GCA_024397995.1	-0.658563577802816	-0.238679644271853	0.10914620302339
GB_GCA_021555045.1	-0.66047032001704	-0.238032493008312	0.110636522828164
GB_GCA_022564115.1	-0.643559203919312	-0.243688653490685	0.0973960399440266
GB_GCA_002938315.1	-0.648494007333737	-0.2420276028637	0.101256560211727
GB_GCA_014382345.1	-0.655357454890621	-0.239696363353024	0.106620699026409
GB_GCA_013204265.1	-0.660708095407392	-0.237875629473946	0.110801608188281
GB_GCA_013203955.1	-0.647990275514464	-0.242188719406854	0.100860337865742
GB_GCA_017857825.1	-0.663977503327242	-0.236823363375479	0.113387261505547
GB_GCA_021555105.1	-0.665386877207576	-0.236363108694147	0.114494807779263
GB_GCA_017640505.1	-0.668060543158174	-0.235458595593819	0.116585944763968
GB_GCA_023145215.1	-0.676141832921732	-0.232716382397645	0.122903822619965
GB_GCA_017644185.1	-0.671280100699808	-0.23436675675804	0.119103183629998
GB_GCA_002938045.1	-0.635358220281909	-0.246450079039617	0.0909830257385472
GB_GCA_021775105.1	-0.645755318518144	-0.242946116718441	0.0991162389850513
GB_GCA_021775095.1	-0.65321574350145	-0.240405149874678	0.104945424199291
GB_GCA_018665815.1	-0.647465952593987	-0.242400853537478	0.100463736028623
GB_GCA_002709525.1	-0.664525770381255	-0.236596037916681	0.113795041268408
GB_GCA_016845145.1	-0.648554354225565	-0.242048442847496	0.101319593249845
GB_GCA_018698795.1	-0.651403969817666	-0.241079017782981	0.103546347280155
GB_GCA_002690705.1	-0.681606625482906	-0.230806186908091	0.127150481368177
GB_GCA_021775275.1	-0.63401216701246	-0.246668151485811	0.0898692952415518
GB_GCA_018660465.1	-0.640429282707968	-0.244463748958597	0.0948728303434244
GB_GCA_014382375.1	-0.646404126853464	-0.242526482301993	0.0995639047810633
GB_GCA_018662005.1	-0.646785538815631	-0.242396217491026	0.0998617864817022
GB_GCA_016776705.1	-0.641362898312224	-0.244246694327664	0.0956266258557023
GB_GCA_002717285.1	-0.675749174467817	-0.232507191056964	0.122485170660899
GB_GCA_018671895.1	-0.648804689695553	-0.241680604847011	0.101432291489948
GB_GCA_013204045.1	-0.64480543459414	-0.2430473779895	0.098308978014905
GB_GCA_016776525.1	-0.626136308712416	-0.249328264821562	0.0837055366147438
GB_GCA_024236415.1	-0.624678391224947	-0.249793976083905	0.082558087123902
GB_GCA_020446745.1	-0.628877334359338	-0.248353686225864	0.0858359576454187
GB_GCA_003354135.1	-0.633337794000551	-0.246817402833907	0.0893175302259553
GB_GCA_016872535.1	-0.668473678564911	-0.234759776921109	0.116754364484079
GB_GCA_913055735.1	-0.620369051181506	-0.250789103558535	0.0790759153846436
GB_GCA_013204125.1	-0.645412502378759	-0.242185792962884	0.0986208236411569
GB_GCA_002687515.1	-0.635188469303805	-0.245716458811626	0.0906451523303504
GB_GCA_002725625.1	-0.6398867310693	-0.244116194084607	0.0943144297151461
GB_GCA_018649725.1	-0.641835883729017	-0.243462145254509	0.0958385798234
GB_GCA_913054205.1	-0.641473318822796	-0.243588167808448	0.0955559186413096
GB_GCA_913020445.1	-0.645871973952971	-0.242071017729285	0.0989875167403552
RS_GCF_004005845.1	-0.589115128656465	-0.264503656748748	0.0742850144349991
GB_GCA_020356105.1	-0.588688467109045	-0.264651893962319	0.0739377211557404
RS_GCF_002109495.1	0.242842265973989	-0.525395449589555	-0.0334647521974916
GB_GCA_015233785.1	0.243865730220022	-0.525569233360952	-0.0328626575979645
GB_GCA_015231265.1	0.243631877169483	-0.525532556192675	-0.0330007863539895
GB_GCA_002753495.1	0.243415515054467	-0.525452639884985	-0.0331199830867437
GB_GCA_015232865.1	0.248122393796195	-0.526190561408639	-0.0303393973288049
GB_GCA_016191285.1	0.783704128228737	-0.152816163712069	-0.0185216634150569
GB_GCA_009692265.1	0.800125265377263	-0.14660144909229	-0.0151989217915188
GB_GCA_016874535.1	0.805227379771974	-0.144676979857066	-0.0141684213199423
GB_GCA_945861225.1	0.807018334377688	-0.144000594505183	-0.0138064400842527
GB_GCA_903825645.1	0.812092006903114	-0.142078199941476	-0.0127791520610942
GB_GCA_019747795.1	0.769934573015274	-0.15802890258872	-0.0213089567340811
GB_GCA_020849475.1	0.774999304000706	-0.156108310872971	-0.0202830919493897
GB_GCA_024235015.1	0.762064025871335	-0.161006291837142	-0.0229008007941476
GB_GCA_002292285.1	0.779506920854635	-0.1543915198255	-0.0193675283787665
GB_GCA_002390205.1	0.837331772319917	-0.132513760847663	-0.00766350026201817
GB_GCA_913047675.1	0.84346797703224	-0.13020517422544	-0.00642510565679366
GB_GCA_902557415.1	0.837844188132383	-0.132336003352409	-0.00756392677980173
GB_GCA_012032555.1	0.718309515496466	-0.176949219619573	-0.0315888604637368
GB_GCA_000828835.1	0.714897776165441	-0.17825021961237	-0.0322818031456828
GB_GCA_003646175.1	0.720851718932007	-0.175976123175897	-0.0310709630274777
GB_GCA_000785145.2	0.732538818635287	-0.171519871391407	-0.0286972915908289
GB_GCA_016745035.1	0.734860025205352	-0.170515231559842	-0.0281799208229352
GB_GCA_002733105.1	0.717572212242666	-0.177096542718401	-0.0316946506023799
GB_GCA_905479075.1	0.725848493610601	-0.173948139214844	-0.0300164403993088
GB_GCA_913042265.1	0.746429773858092	-0.166098964331717	-0.0258359318317304
GB_GCA_905479985.1	0.737637337844135	-0.16945277674053	-0.0276220903270373
GB_GCA_903824965.1	0.706271878223798	-0.181196078189821	-0.0339239719180179
GB_GCA_012103455.1	0.751005386318821	-0.16413038743938	-0.0248352595388034
GB_GCA_008501635.1	0.665165537989633	-0.196955814245819	-0.0423050463457858
GB_GCA_002897735.1	0.681415317753271	-0.190787029323109	-0.0390173874507668
GB_GCA_002255365.1	0.676426582540848	-0.192693120194514	-0.0400316930979911
GB_GCA_003695825.1	0.676100121863907	-0.192802578082555	-0.0400916374189611
GB_GCA_015491615.1	0.70527217701319	-0.18165724893442	-0.0341600172385098
RS_GCF_003967195.1	0.657963493765487	-0.199765601953386	-0.0437942493966363
GB_GCA_919902765.1	0.691532565168467	-0.186955563262751	-0.0369751547615974
GB_GCA_015487785.1	0.667746843910307	-0.196039913908298	-0.0418100365533931
GB_GCA_003252455.1	0.694528667084647	-0.185843220601789	-0.0363788186119485
GB_GCA_024762755.1	0.671216479944318	-0.195037175308137	-0.0412372034676959
GB_GCA_011371455.1	0.665780353101542	-0.19711499383636	-0.0423428008221694
GB_GCA_024276955.1	0.673163199863985	-0.194310884184511	-0.0408487012980113
GB_GCA_913009875.1	0.674402616942415	-0.193840038326141	-0.0405978339700401
GB_GCA_011051755.1	0.681720405818067	-0.19105882011512	-0.0391161432631059
GB_GCA_021647505.1	0.682396897952937	-0.190801697599272	-0.038979163004901
GB_GCA_011051685.1	0.683412063160547	-0.190398295749128	-0.0387657198722582
GB_GCA_002401775.2	0.710927484849257	-0.179936739613681	-0.0331924589460351
GB_GCA_021648485.1	0.695045515710354	-0.185975992238063	-0.036409688715459
GB_GCA_022627515.1	0.685133886184314	-0.189660165613369	-0.0383826281734645
GB_GCA_013152545.1	0.698848608997389	-0.184437058123231	-0.0356011119627444
GB_GCA_024641505.1	0.700743062096951	-0.183538726076186	-0.0351438295474785
GB_GCA_905480065.1	0.685182290239152	-0.189453032507289	-0.0383053894947968
GB_GCA_020027635.1	0.679925661599656	-0.191462253499132	-0.0393743736727945
GB_GCA_003230545.1	0.677230121800065	-0.192490670751905	-0.0399217350008984
GB_GCA_015494295.1	0.66254649972917	-0.198110190687821	-0.0429110107259472
GB_GCA_024102665.1	0.671817232422294	-0.194577841813244	-0.0410304779487092
GB_GCA_913053655.1	0.680388969782776	-0.191310263546672	-0.0392910704742656
GB_GCA_022340245.1	0.677210395555644	-0.192522440210275	-0.0399362831214596
RS_GCF_003932505.1	0.653001928859569	-0.201730167275621	-0.0448409929048943
GB_GCA_002699185.1	0.653288807807898	-0.201620687618782	-0.0447827320364615
GB_GCA_019911805.1	0.660946388827396	-0.198709163499212	-0.0432319519598684
GB_GCA_018819175.1	0.669798071031562	-0.195335081041217	-0.0414359172329608
GB_GCA_016214925.1	0.667398402415922	-0.196250471905655	-0.0419231065610685
GB_GCA_013151035.1	0.668003530317973	-0.195963931811832	-0.0417763612036674
GB_GCA_013151795.1	0.677032211479562	-0.192344083293953	-0.039868640888835
RS_GCF_013343005.1	0.644072176218726	-0.204948388708916	-0.0465742409251207
GB_GCA_018648825.1	0.689714710743102	-0.187651750293261	-0.0373429240069009
GB_GCA_013349825.1	0.699417449860701	-0.183945334803309	-0.0353704013796621
GB_GCA_015232955.1	0.719506481029074	-0.176237673014254	-0.0312711886226627
GB_GCA_015231865.1	0.735399318755688	-0.170167591914484	-0.0280395177430689
GB_GCA_002101225.1	0.738728229037243	-0.169830868258362	-0.0276781475151186
GB_GCA_913061075.1	0.761770097920274	-0.161137371278305	-0.0230291148298825
GB_GCA_002292375.1	0.793627813682172	-0.149108044364972	-0.0165980055607567
GB_GCA_002101235.1	0.778241502705028	-0.154937968744301	-0.019710584800496
GB_GCA_002101205.1	0.789996863812522	-0.150491023663711	-0.0173349169395935
GB_GCA_012959695.1	0.774348394809595	-0.156411032852883	-0.0204974710184227
GB_GCA_012960055.1	0.773467506459421	-0.156744299701195	-0.0206755004115367
GB_GCA_016764415.1	0.785323302728455	-0.152255949977743	-0.0182784188744972
GB_GCA_002733135.1	0.762611756548283	-0.160838674557012	-0.0228653867032712
GB_GCA_020445565.1	0.658401918057083	-0.199856791451938	-0.0438017757810844
GB_GCA_016714645.1	0.719798166674884	-0.177004303026591	-0.0315529052619874
GB_GCA_018435665.1	0.725674136564046	-0.174779196576506	-0.0303658155528116
GB_GCA_009928645.1	0.72658866007491	-0.174432424799942	-0.0301808873714306
GB_GCA_018812525.1	0.701556998062495	-0.18393460602269	-0.0352488475412967
GB_GCA_013041975.1	0.704976561466191	-0.182654521360202	-0.0345637847224005
GB_GCA_003972985.1	0.702324340734786	-0.183702005239856	-0.0351161952265032
GB_GCA_011051425.1	0.716383909723626	-0.178380215642196	-0.0322769179900866
GB_GCA_012962365.1	0.718486278880089	-0.177583619472393	-0.0318520451267066
GB_GCA_011389885.1	0.692489837584175	-0.187483676302853	-0.0371264918986595
GB_GCA_024206335.1	0.686115141781865	-0.18994695022681	-0.0384337112657627
GB_GCA_024227135.1	0.710144992302904	-0.180917480905459	-0.0336070479130474
GB_GCA_024235255.1	0.71808942118083	-0.1779407059178	-0.0320142751302266
GB_GCA_024235175.1	0.724040074367542	-0.175693185115994	-0.0308145210755762
GB_GCA_020445405.1	0.724365855774165	-0.175570092466445	-0.0307488200857695
GB_GCA_011051715.1	0.679321912610179	-0.192564696809419	-0.0398236233748427
GB_GCA_022360595.1	0.695117788744114	-0.186606492533941	-0.0366424530844005
GB_GCA_002869585.1	0.691425829284959	-0.188002248178821	-0.0373872891116868
GB_GCA_003062205.1	0.697513583359046	-0.185696263921415	-0.0361572729637844
RS_GCF_022530855.1	0.703464346207536	-0.183456954467274	-0.0349607813162483
RS_GCF_001007875.1	0.703264879432577	-0.183552863154156	-0.0350091708311657
RS_GCF_000428045.1	0.696332820871057	-0.186171812838774	-0.0364069959997168
GB_GCA_007713595.1	0.707189879219735	-0.182070772933408	-0.03421800677446
RS_GCF_007625115.1	0.705370373735274	-0.182758133404356	-0.0345848836995157
RS_GCF_000380185.1	0.704637411334704	-0.181547159468362	-0.034129713763311
GB_GCA_016711335.1	0.702929802937116	-0.18220124388549	-0.0344776552253267
GB_GCA_008015155.1	0.715103748665257	-0.177542873498879	-0.0319985581962635
RS_GCF_900167255.1	0.719451450410247	-0.175877769317481	-0.0311127470511228
GB_GCA_015486375.1	0.717622205820018	-0.176522115302334	-0.0314636036057069
GB_GCA_024762895.1	0.648480861858142	-0.202922464750082	-0.0455210694822255
GB_GCA_014762505.1	0.641572896218604	-0.205573576997163	-0.0469305462977215
GB_GCA_022824965.1	0.755256267757191	-0.162051021767529	-0.0237671905086984
GB_GCA_009839635.1	0.750799733976394	-0.163759357951247	-0.0246759135015901
GB_GCA_001730015.1	0.7182055641127	-0.176294671841364	-0.0313336025702672
GB_GCA_020627685.1	0.746066645582617	-0.165753736690352	-0.0257002935240027
RS_GCF_002215215.1	0.754344838734884	-0.16258753756718	-0.0240146870774508
GB_GCA_013002205.1	0.758536920465704	-0.160983433993259	-0.0231608394737212
GB_GCA_019634245.1	0.738038171514384	-0.168795049265494	-0.0273249240665145
GB_GCA_013373515.1	0.765409730830171	-0.158155485797394	-0.0216895898607417
GB_GCA_022712755.1	0.737410318575417	-0.168706395900454	-0.0273365458748813
GB_GCA_015494035.1	0.761319207358747	-0.161433827814774	-0.0230504836172489
GB_GCA_024275935.1	0.754799798465456	-0.164241061355549	-0.0244856072012562
GB_GCA_015222805.1	0.752559589187991	-0.165101128044514	-0.02494319014344
GB_GCA_021648125.1	0.762070490802036	-0.1615068378919	-0.023020137348644
GB_GCA_021648045.1	0.766420963783049	-0.15986184507229	-0.0221401905957654
GB_GCA_003232965.1	0.759336061386309	-0.162541031342263	-0.023573302479507
GB_GCA_024640025.1	0.770382889883252	-0.158299655576869	-0.0213152151929769
GB_GCA_024277815.1	0.775863763921865	-0.156276506938866	-0.0202224237788161
GB_GCA_003233115.1	0.782594834714061	-0.153729962251464	-0.0188603579342427
GB_GCA_013042835.1	0.781703517305758	-0.154065374636193	-0.0190401296050443
GB_GCA_024640045.1	0.768902243940793	-0.158876047463791	-0.0216201437872777
GB_GCA_016713135.1	0.769456920473738	-0.158854196361756	-0.0215509915162756
GB_GCA_016717705.1	0.779392294620441	-0.155104449799664	-0.0195429380894359
GB_GCA_020693165.1	0.780413181559031	-0.154718733980635	-0.0193364722402129
GB_GCA_022841325.1	0.796635594745575	-0.148592505040163	-0.0160565058866021
GB_GCA_024234055.1	0.789375664741412	-0.151335093871334	-0.0175246525399515
RS_GCF_022419185.1	0.89636232341027	-0.110935063475119	0.00412641101686897
GB_GCA_019459185.1	0.784766469504449	-0.153100495944015	-0.0184548292509306
GB_GCA_023954075.1	0.799213914219972	-0.147632850882358	-0.0155307178004302
GB_GCA_016718605.1	0.792896108873209	-0.150020751320443	-0.0168090342762202
GB_GCA_016721015.1	0.80733922214666	-0.14455835386265	-0.0138874659402419
GB_GCA_021372495.1	0.771350905477296	-0.158176452149608	-0.0211736204660587
GB_GCA_021787175.1	0.790608991115912	-0.150897842709162	-0.0172774766509392
GB_GCA_004298015.1	0.8332824845574	-0.134771610465274	-0.00864364230552014
GB_GCA_016721845.1	0.786420421876641	-0.152435142830146	-0.0181112534264116
GB_GCA_003645495.1	0.788459864860192	-0.151649896104927	-0.0176974640835321
GB_GCA_022567775.1	0.780285343178384	-0.154740337816619	-0.019351472436724
GB_GCA_004357475.1	0.784110331108091	-0.153296069722266	-0.0185781331494867
GB_GCA_021773155.1	0.819392275284361	-0.140040612551529	-0.0114630891259955
GB_GCA_021773055.1	0.825861886283853	-0.137600615773274	-0.0101558074340923
GB_GCA_945788625.1	0.790326685578748	-0.150996547713422	-0.0173346178523007
GB_GCA_024639825.1	0.802893814657647	-0.146255610607022	-0.014794914946741
GB_GCA_009937505.1	0.798766896514537	-0.147806474455018	-0.0156273443311476
GB_GCA_009937525.1	0.799646502412235	-0.147474596136092	-0.0154495730854579
GB_GCA_024640305.1	0.802916171691833	-0.146233762549345	-0.0147865318669616
GB_GCA_013151645.1	0.771873137089815	-0.157886172217085	-0.0210430838777918
GB_GCA_022563505.1	0.772871521271463	-0.157508976557313	-0.0208411643664485
GB_GCA_020341735.1	0.731005687186158	-0.172813074619583	-0.0291537404762465
GB_GCA_024640085.1	0.73519194772653	-0.171222106954819	-0.0283042704413216
GB_GCA_024234075.1	0.791532409564708	-0.149623462141857	-0.0168077104001971
GB_GCA_001303245.1	0.751259521152265	-0.164943192657825	-0.0249866282312289
GB_GCA_002683405.1	0.739632567911689	-0.169215215074913	-0.0272902242677082
RS_GCF_005047655.1	0.819991181023956	-0.139059752221953	-0.0110787115584955
GB_GCA_020697055.1	0.808065206151262	-0.143586523124953	-0.0134986083924565
GB_GCA_021731445.1	0.823840059081439	-0.13759545641249	-0.0102966941567187
GB_GCA_019689635.1	0.79292695890437	-0.149353298842402	-0.0165753553501715
GB_GCA_013823855.1	0.843142925567257	-0.130323364390148	-0.00639399380011649
GB_GCA_021732745.1	0.84045346098622	-0.131343691536995	-0.00693954891126865
GB_GCA_004298465.1	0.832075049084826	-0.134482807063514	-0.00862893171039716
RS_GCF_016584055.1	0.740210070942734	-0.168284754593484	-0.0269664049978854
GB_GCA_913055765.1	0.760423399590032	-0.160564778492796	-0.0228530876754612
GB_GCA_913055575.1	0.761930948828492	-0.15998847171177	-0.022546129973282
GB_GCA_002401655.1	0.760284633922512	-0.161983531077462	-0.0232294559175801
GB_GCA_002733465.1	0.752385851030531	-0.164983281666367	-0.0248329477148511
GB_GCA_905479925.1	0.753886874878104	-0.164407522123004	-0.0245262580916584
GB_GCA_011322365.1	0.722351818516822	-0.176279615861758	-0.0308929763432045
RS_GCF_009650135.1	0.769772919833847	-0.161767710888905	-0.0223702205258255
GB_GCA_012269655.1	0.757304013720035	-0.166406835190104	-0.0248711384161739
GB_GCA_009922705.1	0.770746125161531	-0.161770770602868	-0.0222833508659854
GB_GCA_913062835.1	0.779943784013127	-0.158437297050834	-0.0204648742958398
GB_GCA_024640985.1	0.787673736485187	-0.155637449040876	-0.0189369143117649
GB_GCA_002717305.1	0.826149129903946	-0.141448119558769	-0.0112567214717835
GB_GCA_002731015.1	0.83112371533703	-0.139612237197152	-0.0102633550344712
GB_GCA_913042205.1	0.824991836839024	-0.141875029169207	-0.0114877717575284
GB_GCA_002714245.1	0.820089691560604	-0.143684291646642	-0.0124667006995616
GB_GCA_008087055.1	0.790610357341346	-0.154558892507906	-0.0183520716494458
GB_GCA_913061245.1	0.790123583645816	-0.154738653092264	-0.0184493052395061
GB_GCA_902536515.1	0.805551327515025	-0.149043141587562	-0.0153681213009173
GB_GCA_902541775.1	0.807269220846521	-0.148408862320802	-0.0150250051587326
GB_GCA_002705795.1	0.810451903962619	-0.147232884992801	-0.0143890566096737
GB_GCA_021773555.1	0.799381074688178	-0.15226934751998	-0.0168743741925398
GB_GCA_002726655.1	0.804388889686427	-0.150426723881091	-0.0158758323178466
GB_GCA_012960535.1	0.845915551066073	-0.135143236041251	-0.00759324821202922
GB_GCA_018607685.1	0.827601484912344	-0.14200243267157	-0.0112782057564842
GB_GCA_018667205.1	0.842278138894855	-0.136616260071876	-0.00835548133660482
GB_GCA_012961165.1	0.833272123829122	-0.139922676474459	-0.0101492989888061
GB_GCA_018665025.1	0.835909971583989	-0.138954402524087	-0.00962393942940265
GB_GCA_018645845.1	0.841821419310172	-0.136784479604914	-0.00844659922603577
GB_GCA_018656865.1	0.823803386291472	-0.143364298008525	-0.0120259784000472
GB_GCA_012960755.1	0.812552005159536	-0.147415567577475	-0.0142463268857285
GB_GCA_016763855.1	0.826424824616952	-0.142311458979576	-0.0114801506209734
GB_GCA_013204195.1	0.812366973845504	-0.147507067412615	-0.0142902580691244
GB_GCA_002389265.1	0.814034493109917	-0.14689391851461	-0.0139578934066074
GB_GCA_018607725.1	0.813846276781085	-0.14696313792859	-0.0139954116391976
GB_GCA_021773565.1	0.845893745778481	-0.134496641396242	-0.00741003865961663
GB_GCA_913055755.1	0.738596610174482	-0.174274378211307	-0.0289139199319015
RS_GCF_014904735.1	0.741932037523847	-0.173041284972098	-0.0282475142930681
GB_GCA_018069465.1	0.783185388111322	-0.15801026516238	-0.0200734512726568
GB_GCA_003646355.1	0.784182426980099	-0.157643065299144	-0.0198746825307652
GB_GCA_002162815.1	0.783565973234129	-0.157870330388898	-0.0199976535302602
GB_GCA_003645535.1	0.786156531731425	-0.156902535491211	-0.0194765270813404
GB_GCA_021773435.1	0.797204329625629	-0.152828564387765	-0.0172722939790399
GB_GCA_018069525.1	0.773545185924884	-0.161526769526844	-0.0219843654079931
GB_GCA_016191205.1	0.797172757844175	-0.152810695207561	-0.0172690662469358
RS_GCF_014705705.1	0.732047485774107	-0.176936769535883	-0.0302893546781554
RS_GCF_000153125.2	0.777628825048788	-0.160741248475336	-0.021372811425413
GB_GCA_000158155.1	0.777303873551624	-0.160860423494665	-0.0214374599085578
GB_GCA_015222725.1	0.780208546686829	-0.159778869662006	-0.0208541056616111
GB_GCA_024644535.1	0.786079222343684	-0.157739189684011	-0.0197193743808617
RS_GCF_009910365.1	0.787371793870081	-0.157266003562582	-0.0194624744038997
GB_GCA_023253715.1	0.796094376430208	-0.154071582142389	-0.0177284561525183
GB_GCA_913048575.1	0.831166903503638	-0.141626003251063	-0.0108623130719617
GB_GCA_016779445.1	0.84309181182474	-0.137299915981768	-0.00850242437406445
GB_GCA_002683335.1	0.842669799313671	-0.137453586121595	-0.00858608918631317
GB_GCA_016778045.1	0.831028632442292	-0.141693616995125	-0.0108942701924742
GB_GCA_902518075.1	0.843488336733779	-0.137166109185206	-0.00842660017111178
GB_GCA_902623175.1	0.846458162879633	-0.136085261428738	-0.00783797701675379
GB_GCA_913052635.1	0.842918059210033	-0.137373692366048	-0.00853963886226442
GB_GCA_902520195.1	0.84230004558451	-0.13759848156186	-0.00866209505899699
GB_GCA_902631395.1	0.850071398603426	-0.134762781316773	-0.00711983419133603
GB_GCA_913056165.1	0.805484219559514	-0.15089680770448	-0.0159337096368449
GB_GCA_009886815.1	0.8212426357196	-0.145154200601811	-0.0128087834335654
GB_GCA_012270045.1	0.822163938270735	-0.144819312198476	-0.0126263395415186
GB_GCA_022425845.1	0.816292919641448	-0.146961603781622	-0.0137913715363076
GB_GCA_913057135.1	0.80019654577311	-0.152816894143375	-0.0169803134208736
GB_GCA_905479205.1	0.805156969090764	-0.15100596409319	-0.0159957124864025
RS_GCF_000158175.1	0.784840810258326	-0.158371627413741	-0.0200137129050194
GB_GCA_024639455.1	0.738631890534302	-0.174432096840642	-0.0289557601921174
GB_GCA_023255355.1	0.744401151162041	-0.172302191105748	-0.0278039444149357
GB_GCA_024645065.1	0.755224817573449	-0.168286314621099	-0.025635388684995
RS_GCF_018860385.1	0.77255787121357	-0.161610576166594	-0.0221180020424023
RS_GCF_002795845.1	0.790014297066877	-0.155155954181518	-0.0186306949123215
GB_GCA_024686035.1	0.776898193792353	-0.160545684528966	-0.0214362548436202
GB_GCA_002470565.1	0.775202807526415	-0.161169335917179	-0.0217738211242096
GB_GCA_016845445.1	0.753175549131225	-0.169267237127516	-0.0261581801981419
GB_GCA_024230095.1	0.760164594064233	-0.166695750764306	-0.0247664355626646
RS_GCF_004005935.1	0.752938579291343	-0.169638681367097	-0.0263011784228698
RS_GCF_008630635.1	0.761477695494356	-0.166518214274406	-0.0246079004531503
RS_GCF_001305295.1	0.778474020743045	-0.16029822548881	-0.0212345884181603
GB_GCA_016744175.1	0.781317749797274	-0.159257863934272	-0.0206702948129149
RS_GCF_000422765.1	0.78124646897681	-0.159283967296707	-0.0206844478062228
GB_GCA_013215505.1	0.799195967143753	-0.15267386149313	-0.0171077122214501
GB_GCA_024347195.1	0.757741538061552	-0.167869181221722	-0.0253444498701871
RS_GCF_003858655.1	0.756936193179615	-0.168168513229577	-0.0255058519997262
GB_GCA_016744155.1	0.76928066103235	-0.16364719786595	-0.023054666892857
GB_GCA_018067325.1	0.77074066505754	-0.163112282305072	-0.0227647030497542
RS_GCF_001597735.1	0.761891515495983	-0.166338547713526	-0.0245167761307108
RS_GCF_001597725.1	0.761430044591471	-0.166507707382676	-0.0246084556469607
RS_GCF_015209595.1	0.75346620206106	-0.169419433294659	-0.0261880268463718
RS_GCF_013868415.1	0.76867334284137	-0.163874075318522	-0.0231759298919156
RS_GCF_019061305.1	0.771049143893613	-0.163004079641354	-0.0227042184567782
RS_GCF_017776525.1	0.781376500365872	-0.159221292576514	-0.0206534009735711
RS_GCF_022343685.1	0.76175160858122	-0.166409254362144	-0.0245503929716483
GB_GCA_024640955.1	0.78743640128723	-0.156988923065475	-0.0194453448406841
RS_GCF_012848475.1	0.792910432980621	-0.154983196901331	-0.0183580423577306
RS_GCF_001045555.1	0.753332215356537	-0.169434023174919	-0.0262118161611654
RS_GCF_002744735.1	0.753670909763378	-0.169310199962511	-0.0261446566065725
RS_GCF_008107725.1	0.752070334804705	-0.1698953913086	-0.026462047487555
RS_GCF_900188435.1	0.752801632218417	-0.169628033167879	-0.0263170377849155
RS_GCF_001854125.1	0.759502113076176	-0.167181976625569	-0.0249896277991739
RS_GCF_019392195.1	0.757263636464988	-0.168000727204143	-0.0254336317020204
RS_GCF_019443085.1	0.760330471504657	-0.166879893180116	-0.0248256375918726
RS_GCF_019264345.1	0.760226047873118	-0.166918057726657	-0.0248463396979305
RS_GCF_017301335.1	0.764084352389685	-0.16550725879882	-0.0240811810917021
RS_GCF_019931195.1	0.764766705842925	-0.165257862603209	-0.0239458995129585
GB_GCA_014762755.1	0.75909238555389	-0.167330294460525	-0.0250703630841436
RS_GCF_022343555.1	0.759628347334727	-0.167134384264959	-0.0249640983521276
RS_GCF_003315345.1	0.75713672102131	-0.168045137197241	-0.0254581070515268
RS_GCF_023311895.1	0.779457488112065	-0.159877777155563	-0.0210294938527744
GB_GCA_011049865.1	0.777130497521495	-0.160728512265191	-0.0214909328523557
RS_GCF_004792665.1	0.765196158872905	-0.165090121813907	-0.0238569725866432
RS_GCF_003344045.1	0.765352489679602	-0.165032957364964	-0.0238259695582813
RS_GCF_005298175.1	0.757388567450542	-0.167945036715346	-0.0254053365782758
GB_GCA_011052285.1	0.786072870299453	-0.114265722559554	-0.0274463007100091
GB_GCA_022824665.1	0.901046747396288	-0.0644141067750418	-0.00589138867425412
GB_GCA_022823625.1	0.907264564456914	-0.0617072789250912	-0.0047222399330602
GB_GCA_022823405.1	0.909230478676639	-0.0608498294481541	-0.0043520841240102
GB_GCA_019633985.1	0.833149249153421	-0.0944400134590256	-0.0188246285216354
GB_GCA_012103395.1	0.833949753173348	-0.0941142038962295	-0.0186811062624216
GB_GCA_024679435.1	0.848903184381349	-0.0876402034931575	-0.0158805422822326
GB_GCA_022826305.1	0.913297548022135	-0.059640909078136	-0.00378539890329818
GB_GCA_009841725.1	0.927785122169598	-0.0533549577512436	-0.0010673533706204
GB_GCA_022822625.1	0.955833442916481	-0.0411565788660992	0.00420187785954224
GB_GCA_002456995.1	0.861594310624161	-0.0826611108200742	-0.0136960826282775
GB_GCA_001629395.1	0.86369056164745	-0.0817522009898816	-0.013303387837536
GB_GCA_002718155.1	0.844881738807866	-0.0898984861702071	-0.0168236616888259
GB_GCA_002729195.1	0.831520836939328	-0.0957737975794562	-0.0193539791385459
GB_GCA_002726415.1	0.852249902658626	-0.0869019742318017	-0.0155098996437835
GB_GCA_014239255.1	0.871516512442893	-0.0785780566691738	-0.0119109164260579
GB_GCA_913031305.1	0.868717729316962	-0.0797887617073642	-0.0124342672867059
GB_GCA_014239575.1	0.877419149433995	-0.0760254164247908	-0.0108074311255996
GB_GCA_018698075.1	0.874132303344851	-0.0774469831569622	-0.0114219517590631
GB_GCA_002694065.1	0.896185152573841	-0.0679217683530757	-0.00730170894496516
GB_GCA_011523045.1	0.897010638554822	-0.0675647686774321	-0.00714737114544906
GB_GCA_002171735.1	0.895110677090932	-0.0683842158566512	-0.00750185904429501
GB_GCA_010025385.1	0.900283305990338	-0.0661529358717844	-0.00653632719612396
GB_GCA_018672825.1	0.910566098436023	-0.0617154452785079	-0.00461671999850069
GB_GCA_016776875.1	0.912797833361124	-0.0607506170172205	-0.00419955864832367
GB_GCA_004212795.1	0.910921465584419	-0.0615618395493997	-0.00455030247638117
GB_GCA_022451485.1	0.86044360351894	-0.0831139164043821	-0.0138961766989472
GB_GCA_012960345.1	0.864937102632834	-0.081166006792077	-0.0130545697192151
GB_GCA_905612355.1	0.869206962991683	-0.0793147324943904	-0.0122547353800454
GB_GCA_002714255.1	0.864037947596037	-0.0815559193286762	-0.0132230248494757
GB_GCA_945787105.1	0.752514676495138	-0.128781287312202	-0.0337234630730476
GB_GCA_024639325.1	0.778473516420245	-0.117424589284229	-0.0288253706870414
GB_GCA_022340345.1	0.748773653014206	-0.130112303632517	-0.034324210455593
GB_GCA_011052015.1	0.727067775178661	-0.139642853890206	-0.0384341389357055
GB_GCA_013152415.1	0.723456210020838	-0.14122544238693	-0.0391163856862489
GB_GCA_003251795.1	0.745126849917916	-0.131896598519546	-0.0351212681787783
GB_GCA_015492195.1	0.722281834897323	-0.141959555332382	-0.0394594793407916
GB_GCA_004298065.1	0.764865485606454	-0.123427163158031	-0.0314740135536042
GB_GCA_023266455.1	0.791321282249936	-0.111876011040081	-0.0264959508948973
GB_GCA_001304215.1	0.772156762429202	-0.120248393154285	-0.0301041423537959
GB_GCA_020354085.1	0.787349053978932	-0.113615308791331	-0.0272456110557128
GB_GCA_016194665.1	0.76194052044388	-0.124724546972064	-0.0320338319307263
GB_GCA_016200465.1	0.757434021492962	-0.126694097313728	-0.0328826161366023
GB_GCA_001785195.1	0.76009516216739	-0.125534232413748	-0.0323828403164065
GB_GCA_024653915.1	0.766005934751311	-0.122954200218942	-0.0312710505337369
GB_GCA_001785115.1	0.755369465279875	-0.127571927127711	-0.0332603600811492
GB_GCA_021323795.1	0.769015867071097	-0.12157612503021	-0.0306757246742657
GB_GCA_021783175.1	0.722971352116709	-0.141567359915014	-0.0392879929153475
GB_GCA_021819085.1	0.734639464915979	-0.136462361202215	-0.0370879204048692
GB_GCA_021827145.1	0.842172688004645	-0.089538361124887	-0.0168539027844082
RS_GCF_003184265.1	0.842639467864054	-0.0893364819709117	-0.0167667784391551
RS_GCF_003333315.1	0.845118392723255	-0.0882532420201855	-0.0162998106084879
GB_GCA_022340825.1	0.7126583379738	-0.145925070159666	-0.0411656642453425
GB_GCA_913009895.1	0.740571274672369	-0.133720575709284	-0.0359064230196642
GB_GCA_003228915.1	0.74685410376026	-0.130968895601391	-0.0347205425275299
RS_GCF_000423825.1	0.747381298017584	-0.110113960719135	-0.0405999867135895
RS_GCF_015100155.1	0.850933002254305	-0.0614328454563915	-0.0222677050317263
RS_GCF_018853815.1	0.85373457501055	-0.0601118704248634	-0.0217698535441043
RS_GCF_002847505.1	0.851531523392242	-0.0611505226520708	-0.0221612912772739
RS_GCF_018853465.1	0.849623887294953	-0.0620500035061258	-0.0225002900452419
GB_GCA_023255755.1	0.839859707872468	-0.0666469620282702	-0.0242320434788636
GB_GCA_023256195.1	0.838501671418881	-0.0672661242388017	-0.0244628392888161
GB_GCA_021375695.1	0.889048476935755	-0.0434304036909677	-0.0154786522296594
RS_GCF_024396695.1	0.879480152288041	-0.047943639269667	-0.0171798901609528
GB_GCA_903905585.1	1.02916771420379	0.126616304778858	-0.0235041031714267
GB_GCA_903893215.1	1.02450829786551	0.123791442904205	-0.0241144910306922
GB_GCA_016703645.1	1.02630593187661	0.129998454195049	-0.0262202148910531
GB_GCA_017302315.1	1.03062186163968	0.132649821092237	-0.0256770422320213
GB_GCA_023150065.1	1.0414764658841	0.139318046482443	-0.0243109088821562
GB_GCA_015657735.1	1.02059052377018	0.126487477356603	-0.0269389560651249
RS_GCF_009469605.1	1.0238411437119	0.128484417438195	-0.0265297849633892
GB_GCA_016789125.1	1.01502995734992	0.123071622732276	-0.0276383533497833
RS_GCF_003034845.1	1.02962685577416	0.132045754660898	-0.0258494258031071
RS_GCF_014489115.1	1.02604323602299	0.12984417327795	-0.0262997739257313
RS_GCF_012911025.1	1.0374614119642	0.136858270614821	-0.0248710661659778
RS_GCF_006496635.1	1.03467260446959	0.135144989384728	-0.0252213873429846
RS_GCF_001696715.1	1.05731042669621	0.149052140311842	-0.0223808025125509
GB_GCA_024710965.1	1.04646994119688	0.14239228240004	-0.0237433017254886
RS_GCF_001051995.2	1.05940557036795	0.150339102393361	-0.0221194451462071
RS_GCF_002245655.1	1.05678989562925	0.148732193924844	-0.0224478943106348
GB_GCA_017997795.1	1.07087641783954	0.157386126133829	-0.0206789255541692
RS_GCF_003226565.1	1.05421635904757	0.147151189168804	-0.0227709157897465
RS_GCF_018122735.1	1.06017436720993	0.15081134749876	-0.0220237001381345
GB_GCA_023230755.1	1.06428667370507	0.153337671755861	-0.0215075967804714
RS_GCF_003111665.1	1.06032999401838	0.150906936237042	-0.0220043734364659
RS_GCF_003111645.1	1.06011212996397	0.150773094315375	-0.0220317268299325
RS_GCF_002872475.1	1.08324168418392	0.164986361076381	-0.019107260737004
GB_GCA_013911595.1	1.08529310628126	0.166246681834955	-0.0188494355599663
GB_GCA_020725025.1	1.02792535307723	0.131001571112649	-0.0260572724442094
RS_GCF_019049855.1	1.2278457123282	0.253878749491997	-0.000925251924816717
RS_GCF_003574215.1	1.22449703604086	0.251820826807816	-0.00134618101954432
GB_GCA_016235745.1	1.15395034497277	0.208460227512047	-0.0102112877068664
GB_GCA_024235595.1	1.03714116847611	0.136661917024011	-0.0248753300206921
RS_GCF_009800965.1	1.03415190043077	0.134825443552036	-0.02525146227591
RS_GCF_010983895.1	1.05852090662536	0.149797596814657	-0.0221865050324412
RS_GCF_017309585.1	1.07028663081032	0.157026046110732	-0.0207062011692244
GB_GCA_016208415.1	1.05164120221534	0.145590847690343	-0.0231344571310276
GB_GCA_001872285.1	1.08893848153485	0.168508634362444	-0.0184494350411142
GB_GCA_020723855.1	1.0131364279625	0.121929929146787	-0.027980028757097
GB_GCA_013821865.1	1.0278651199431	0.13097779086182	-0.0261412057542128
GB_GCA_003105015.1	1.02719090565536	0.130562821159441	-0.0262308304100288
GB_GCA_016868295.1	1.05774862329882	0.149337417018029	-0.0223975625722151
GB_GCA_008933825.1	1.05711058252134	0.148945404833229	-0.0224776006490211
GB_GCA_016214145.1	1.03622773085571	0.136114964554314	-0.0250974961462501
GB_GCA_018262875.1	1.05243392710875	0.146072006792449	-0.0230644766645034
GB_GCA_002840845.1	1.05265920871164	0.14621035325547	-0.0230368249497796
GB_GCA_016703785.1	1.05066840874565	0.144987203808029	-0.0232866182675514
GB_GCA_018262775.1	1.05664226843331	0.148657520666589	-0.0225372828964276
GB_GCA_903888645.1	1.05727667396018	0.149083604882566	-0.0225599474693187
GB_GCA_003157035.1	1.07866144339439	0.162236691096821	-0.019939060401566
GB_GCA_016704145.1	1.08592920735126	0.166703546441956	-0.0190329558210887
GB_GCA_019136545.1	1.08031614171376	0.163253832433656	-0.0197340282805843
GB_GCA_018819515.1	1.10076662938103	0.175822537660333	-0.0171792587711497
GB_GCA_016214175.1	1.06047352576815	0.151058290333671	-0.0222092512987852
GB_GCA_020048435.1	1.07929614890754	0.16262647410027	-0.0198603587904989
GB_GCA_018825305.1	1.08006976531289	0.163101925505164	-0.0197639936810563
RS_GCF_003865015.1	1.07502939052043	0.160004200352449	-0.0203935572403919
GB_GCA_016791145.1	1.07776112939622	0.161684992717977	-0.0200523693363023
GB_GCA_002347285.1	1.08353525193638	0.165240288198067	-0.019351867296809
GB_GCA_003966565.1	1.13229847728294	0.195213010987212	-0.0132694724004649
GB_GCA_004323595.1	1.12014668017389	0.187743948267763	-0.0147855531517688
GB_GCA_018333815.1	1.11824964297827	0.186577544188709	-0.015021551611171
GB_GCA_021849505.1	1.09563272427117	0.172676249970626	-0.0178434799930631
GB_GCA_002347405.1	1.11857599952546	0.186778928886751	-0.0149828656805368
GB_GCA_013791905.1	1.1183567102165	0.186644143130068	-0.0150102226297328
GB_GCA_011391215.1	1.12371843303265	0.189939768086779	-0.0143413874697417
GB_GCA_903930805.1	1.12162401323895	0.188652491469059	-0.0146028717160117
GB_GCA_903950295.1	1.11725332295846	0.185966046328321	-0.0151481123683167
GB_GCA_013426785.1	1.1001169111171	0.175432120990159	-0.0172830956063044
GB_GCA_001828935.1	1.08320462081068	0.165049969113497	-0.0194381175709923
GB_GCA_016712985.1	1.11049908787835	0.181828789084314	-0.0160425060093127
GB_GCA_903848955.1	1.09975449421023	0.175223882650418	-0.0173797285087858
GB_GCA_945870205.1	1.09380412586857	0.171566062256323	-0.0181202619718466
GB_GCA_023229685.1	1.09377674778832	0.171549235384639	-0.0181236988745961
GB_GCA_006218025.1	1.08992654655556	0.169182457538707	-0.0186028960015537
GB_GCA_012026675.1	1.10985249320056	0.181432220353878	-0.0161251665637299
GB_GCA_903933395.1	1.09880317227577	0.17463990681504	-0.0175000747879412
GB_GCA_016708585.1	1.10836020920937	0.180515463207028	-0.0163120446529787
GB_GCA_017302275.1	1.11393163262533	0.183941037361094	-0.0156202145525246
GB_GCA_016716965.1	1.11720992209446	0.18595634776641	-0.0152124178248879
GB_GCA_016235805.1	1.118503321753	0.186751456086546	-0.0150515213400582
GB_GCA_016235165.1	1.14057157221224	0.200318758663089	-0.0123077522297683
GB_GCA_903908065.1	1.13850191870061	0.199046422823581	-0.0125651704429406
GB_GCA_016710465.1	1.13835398488723	0.198955479063301	-0.0125835525940511
GB_GCA_903959855.1	1.14042583955717	0.200229249141101	-0.0123259814737279
GB_GCA_016215645.1	1.15269149655188	0.207769704819229	-0.0108004586258594
GB_GCA_022842325.1	1.09026677736542	0.169392011975954	-0.0185615298110013
GB_GCA_016192435.1	1.09268490684036	0.170878492672258	-0.0182606736124532
GB_GCA_023700805.1	1.0916257103407	0.170227383871181	-0.0183924879167569
GB_GCA_021738065.1	1.08859432503883	0.168362434184753	-0.0187653677994746
GB_GCA_021738385.1	1.09938480523843	0.174995422617718	-0.0174220963691874
GB_GCA_021738105.1	1.10544560738415	0.178721032049849	-0.016667548465174
GB_GCA_016721505.1	1.11317287156771	0.18346065290179	-0.0156662472921464
GB_GCA_016718525.1	1.10870857149634	0.180716680330939	-0.0162231582833286
GB_GCA_021811225.1	1.0407610350673	0.138925066282089	-0.0246012864204585
GB_GCA_903930535.1	1.05672372127091	0.148734032482511	-0.0226026091537642
GB_GCA_903904605.1	1.06398457541615	0.153195747866892	-0.021693714430036
GB_GCA_903832735.1	1.04699926795711	0.142758362938646	-0.0238208214803611
GB_GCA_016194935.1	1.04488360093697	0.141458866872068	-0.0240811213405589
GB_GCA_016791115.1	1.01521392416504	0.123203310347063	-0.0276481635021139
GB_GCA_016791105.1	1.05265740552523	0.146202338556404	-0.0228758738833127
RS_GCF_000527135.1	1.04355706201343	0.14061083384853	-0.0240449553096386
GB_GCA_018824085.1	1.06578249261472	0.154266253058795	-0.0212470168280014
RS_GCF_001713355.1	1.07743370374026	0.161424883185128	-0.0197813779729188
GB_GCA_016791045.1	1.0810063652183	0.163619946998941	-0.0193316191185787
RS_GCF_024580145.1	1.07926313879876	0.162548898672662	-0.0195510741021266
RS_GCF_000429665.1	1.02299975907962	0.127968254879956	-0.0266633985657376
GB_GCA_016617495.1	1.04241299262326	0.139900779918982	-0.0243732292940272
GB_GCA_903922075.1	1.07832890292712	0.161969944776955	-0.0199279504964163
GB_GCA_020621865.1	1.07546867636033	0.160212562249175	-0.0202842005928524
RS_GCF_020510625.1	1.0667947273292	0.154883103811634	-0.0213645333252573
GB_GCA_018262195.1	1.06990260301785	0.156792644484328	-0.0209774236060612
GB_GCA_016709965.1	1.08103588409332	0.163633249082262	-0.0195923684631607
GB_GCA_903930395.1	1.08366921203919	0.165251248710209	-0.019265170266793
RS_GCF_003441615.1	1.079243668317	0.162532094134358	-0.019816189729508
GB_GCA_016705475.1	1.07721897502413	0.161288079441941	-0.0200683972053347
GB_GCA_016790815.1	1.07839507315164	0.162010700612752	-0.0199219659526421
GB_GCA_013335535.1	1.07788716436013	0.161698633131874	-0.0199852603840694
GB_GCA_008080565.1	1.07559573126089	0.160290726375505	-0.0202705823099672
GB_GCA_018828385.1	1.08494680807915	0.166036247294605	-0.0191064454670175
GB_GCA_002840785.1	1.08651140072801	0.166997569321863	-0.0189116589942705
RS_GCF_020510585.1	1.08027621741283	0.163166525823953	-0.0196878951176798
RS_GCF_020510565.1	1.08150943801895	0.163924244807731	-0.0195343600725847
GB_GCA_017983755.1	1.0808118083085	0.163496055513036	-0.0196197732976891
GB_GCA_002440665.1	1.07852618501778	0.162091707429509	-0.0199044376944705
RS_GCF_009469615.1	1.08883249229399	0.168424192499015	-0.018620867091611
GB_GCA_013363835.1	1.08845024953947	0.168189331675942	-0.0186684720634799
GB_GCA_016714975.1	1.11586415244784	0.18503336989962	-0.0152540804533279
RS_GCF_020510685.1	1.08871919732637	0.168354753373568	-0.0186353166609029
GB_GCA_016709495.1	1.10156574596028	0.176248471664823	-0.0170365285817927
GB_GCA_011391255.1	1.10933788155477	0.181024028867647	-0.0160688736000141
GB_GCA_903951825.1	1.1295560827533	0.193446918214074	-0.0135513416377176
RS_GCF_001551835.1	1.08312249313063	0.164915918281619	-0.0193328259590422
RS_GCF_009469765.1	1.08459145311326	0.165818488693065	-0.019149890619694
RS_GCF_020510665.1	1.09082663265768	0.169649586919376	-0.018373504985031
RS_GCF_016864195.1	1.09083586746261	0.169655261052711	-0.0183723549718022
RS_GCF_020510425.1	1.08534555621039	0.166281824839281	-0.0190558691152218
RS_GCF_020510525.1	1.08694367120755	0.167263751802186	-0.0188568474074507
GB_GCA_016791065.1	1.07061460130647	0.157230301964174	-0.0208875881509046
GB_GCA_009469585.1	1.06151795262619	0.151640503202294	-0.0220147203316201
RS_GCF_008711155.1	1.05187623343222	0.145716109629077	-0.0232120138012951
GB_GCA_008933675.1	1.06017433263964	0.150814255759715	-0.0221759054627777
GB_GCA_002345845.1	1.07791875561741	0.161716597445301	-0.0199631219750056
GB_GCA_002840765.1	1.07500820789301	0.159928329928707	-0.0203260996077165
RS_GCF_021401135.1	1.07240718599582	0.158330227492616	-0.0206508102215821
RS_GCF_001956855.1	1.07221396305333	0.158211498715716	-0.020675464323802
GB_GCA_002425245.1	1.07160843258615	0.157839446928519	-0.0207512946610925
GB_GCA_002470165.1	1.07171914838052	0.157907470499383	-0.0207375099027388
RS_GCF_000429605.1	1.06727115440131	0.155174585692116	-0.0212921516566778
GB_GCA_017848965.1	1.08014065883555	0.163081736295946	-0.0196872540115174
GB_GCA_004379165.1	1.05841373693257	0.149732531899115	-0.0223940019305876
GB_GCA_023150195.1	1.06896377055179	0.156214582516171	-0.0210780487500254
GB_GCA_018261935.1	1.00104819525699	0.114483625101681	-0.0294823191240156
GB_GCA_016208425.1	1.03993387928769	0.138372870030248	-0.0244726288452892
GB_GCA_016709675.1	1.11019115082587	0.181539978543589	-0.0156248456208344
GB_GCA_017302435.1	1.10861787091668	0.180573349623629	-0.0158230202664787
RS_GCF_008274805.1	1.03122950520804	0.133022067723889	-0.0255649971307082
GB_GCA_021287045.1	1.0321787228439	0.133605235550989	-0.0254453847038653
GB_GCA_018883265.1	1.05464019043137	0.147405449016145	-0.0225180827402897
GB_GCA_022843955.1	1.20089340550189	0.277683486967137	-0.0101090515066779
GB_GCA_020248785.1	1.23933939788688	0.303517754589224	-0.00559151725201552
GB_GCA_020248865.1	1.20077036936248	0.277602635403097	-0.0101243290309853
GB_GCA_016861185.1	1.17063190469767	0.257348211682038	-0.0136643260664235
GB_GCA_016716275.1	1.20666049963398	0.281554209686195	-0.00942882279864329
GB_GCA_025057735.1	1.20398056233353	0.27975750115992	-0.00974593728002284
GB_GCA_025055385.1	1.22040752820633	0.29079461321713	-0.00781524594874639
GB_GCA_019236735.1	1.23913156840767	0.303371105741132	-0.0056102538505311
GB_GCA_005882215.1	1.22638019857469	0.294803549456993	-0.00710913049605253
GB_GCA_013696665.1	1.20780290013231	0.282300398170665	-0.00928211983657644
GB_GCA_002293155.1	1.21991662044164	0.290780077666971	-0.00796695707172694
GB_GCA_018882795.1	1.20976917619284	0.283957520091151	-0.00915870840107797
GB_GCA_018882785.1	1.23023091023218	0.297720125922158	-0.00675799924017107
GB_GCA_009924525.1	1.2483329637209	0.309895083550491	-0.00463389939491936
GB_GCA_016868255.1	1.27181523514965	0.325752880075079	-0.00189363938034773
GB_GCA_018401615.1	1.28926320107311	0.33749476110768	0.000152040325670469
GB_GCA_945862305.1	1.2623180363875	0.319366352120565	-0.00300856621561665
GB_GCA_945877235.1	1.27661420243671	0.328984299611359	-0.00133178280731342
GB_GCA_945862985.1	1.26980527120397	0.324403401168262	-0.00213045225534809
GB_GCA_009646425.1	1.25978474141892	0.317657652765286	-0.00330466170521961
GB_GCA_002342295.1	1.26665333338792	0.322278695308926	-0.0024989527850648
GB_GCA_016868305.1	1.24385720411919	0.30693710298574	-0.00517052828629489
GB_GCA_023261135.1	1.29310750802381	0.340089401115876	0.000602815760200235
GB_GCA_018402635.1	1.30532663794485	0.348311683442818	0.00203584567298759
GB_GCA_945901825.1	1.3031746229104	0.346863702055886	0.00178343539993804
GB_GCA_016868175.1	1.25032377586809	0.311280999365882	-0.00443339420854988
GB_GCA_002342365.1	1.25311805339938	0.313172074061008	-0.00410988761338874
GB_GCA_002359635.1	1.25386070947104	0.313672829175622	-0.00402321640005526
GB_GCA_023258775.1	1.26463284436367	0.320919811208616	-0.00276016705771701
GB_GCA_016868095.1	1.26421065767841	0.320635790681479	-0.00280967158471342
GB_GCA_023389175.1	1.25120814656333	0.311973087370764	-0.00437773263214579
GB_GCA_020248665.1	1.20084228037612	0.278089852938928	-0.0102848297264631
GB_GCA_903898725.1	1.19901940538663	0.276863809139223	-0.010498697321299
GB_GCA_003818495.1	1.20593563955206	0.281517476822274	-0.00968843465016049
GB_GCA_903907905.1	1.22162939996588	0.292238234428068	-0.00791233788355228
GB_GCA_016868375.1	1.24800797572576	0.310014262018473	-0.0048319754116373
GB_GCA_945872335.1	1.25775906076535	0.316584117580182	-0.00369284277965885
GB_GCA_009921765.1	1.25381366264277	0.31392665744664	-0.004154033583425
GB_GCA_005798775.1	1.27016869912187	0.324942913006038	-0.00224229126475716
GB_GCA_903866395.1	1.25596912245255	0.315378546822491	-0.00390209441642617
GB_GCA_018969885.1	1.26069379644802	0.318560894574812	-0.00334981073822664
GB_GCA_023721795.1	1.20436917015742	0.280612534583412	-0.00993132319835635
GB_GCA_001724315.1	1.21145408648191	0.285383643463796	-0.00910290138876081
RS_GCF_008039575.1	1.21486452232335	0.287680212799552	-0.00870408386101694
GB_GCA_023954015.1	1.26766026084471	0.323276953200132	-0.00254445365770084
GB_GCA_023389055.1	1.26957200747337	0.324565026412626	-0.00232111276056719
GB_GCA_021166835.1	1.2759939368045	0.32889144387458	-0.00157071281643841
GB_GCA_003576795.1	1.27612133653545	0.328977265812079	-0.00155582415791752
GB_GCA_001898645.1	1.23950750624789	0.304306760759169	-0.00583338058129875
GB_GCA_023383035.1	1.23968276844083	0.304426940316765	-0.00581377554996927
GB_GCA_019635275.1	1.23607213312896	0.301997303907742	-0.0062367628734154
GB_GCA_023954045.1	1.24341351876743	0.306942527945896	-0.00537880193477584
GB_GCA_001724855.1	1.23912228586699	0.304052388719093	-0.00588046824800645
GB_GCA_021463505.1	1.2641567766794	0.320916370758322	-0.00295494629661184
GB_GCA_003577305.1	1.25729855201168	0.316296444296812	-0.00375639337077645
GB_GCA_903934795.1	1.23045527433951	0.298134618367436	-0.00686211961514121
GB_GCA_016710525.1	1.23616600121824	0.301980175937031	-0.00619426754921605
GB_GCA_903934295.1	1.23766986288468	0.302992647721783	-0.00601829947378507
GB_GCA_023384005.1	1.25833969623453	0.316901241077846	-0.00359564401294411
GB_GCA_024637155.1	1.24531414586404	0.308105748348064	-0.00510895507518192
GB_GCA_024643785.1	1.25421589187916	0.314097940260089	-0.00406690227735869
GB_GCA_023954135.1	1.23763690303278	0.302931759130134	-0.0060053877573017
GB_GCA_902826305.1	1.19024181573473	0.270987471927148	-0.0115372883844396
RS_GCF_024518835.1	1.24406249793991	0.312735366843713	-0.00602392607273803
GB_GCA_004291335.1	1.25113362275641	0.317563601320328	-0.00520795159868801
RS_GCF_024623725.1	1.25873072080259	0.322743583972293	-0.00432857338660205
GB_GCA_018815245.1	1.26056695251555	0.323995676620897	-0.00411605569389813
RS_GCF_005871185.1	1.2570456043309	0.321595054295825	-0.00452379018034091
GB_GCA_018812945.1	1.26081036896827	0.324161900898051	-0.00408797153619272
RS_GCF_013004065.1	1.26264419868805	0.325412190675248	-0.00387567204149673
GB_GCA_021299735.1	1.26692415320738	0.328330242380142	-0.00338019285609943
GB_GCA_001601825.1	1.26557212961709	0.327408438811768	-0.00353671283477522
RS_GCF_902459645.1	1.18755812424335	0.2771618601367	-0.0133006078304938
RS_GCF_902459685.1	1.18920829775079	0.278297625661757	-0.0131128844005348
RS_GCF_002179965.1	1.18967616787444	0.278619637369614	-0.0130596529240061
RS_GCF_001465545.3	1.19015166864644	0.278946900751695	-0.0130055531911303
RS_GCF_902459585.1	1.19201503360231	0.280230397333072	-0.0127942215848337
RS_GCF_000815105.2	1.18864108424097	0.27790820090238	-0.013178041501404
RS_GCF_902459705.1	1.19388984248831	0.281521622732242	-0.0125814944840907
RS_GCF_902459665.1	1.19831320908741	0.284566231814046	-0.0120783759411045
RS_GCF_902459725.1	1.19499311285439	0.282281008113221	-0.0124560092646984
RS_GCF_000767615.3	1.19797164087268	0.284331381441229	-0.012117384545485
RS_GCF_001029105.3	1.19771448114348	0.284154658267907	-0.0121468136790575
RS_GCF_902459775.1	1.19780397469594	0.284216266446875	-0.0121366408516448
RS_GCF_000934605.2	1.19855250369785	0.284731494815838	-0.0120515117988042
RS_GCF_902459735.1	1.19925696387833	0.285216405160064	-0.0119714040407379
RS_GCF_902459655.1	1.19800233216251	0.284352814173933	-0.0121140905530884
RS_GCF_000814845.2	1.2009106011701	0.286354736453301	-0.0117833992965677
RS_GCF_902459765.1	1.20230547706654	0.287314873330749	-0.0116247710336567
RS_GCF_000972785.3	1.20401787338859	0.288493570677201	-0.0114300343811718
RS_GCF_902459615.1	1.20388282194697	0.288400610508882	-0.0114453927096647
RS_GCF_902459565.1	1.19975453045318	0.285558973053133	-0.0119148678563047
RS_GCF_016428915.1	1.19208366921904	0.280278292920474	-0.0127868452934425
RS_GCF_902459805.1	1.19067206300735	0.279306723508595	-0.0129474301826978
RS_GCF_902459555.1	1.19464128022043	0.282038748629239	-0.0124959741690109
RS_GCF_902459745.1	1.19331490845568	0.281125808867916	-0.0126468390032769
RS_GCF_001465595.2	1.19458628107467	0.282000891515195	-0.0125022290125496
RS_GCF_000807775.2	1.1941334620088	0.281689216707219	-0.012553733723357
RS_GCF_902459695.1	1.17866591945528	0.271030784518019	-0.0143049655858452
GB_GCA_000272025.2	1.18577127186746	0.276686464017612	-0.0136300458168106
GB_GCA_919592095.1	1.1900081253348	0.279655218782147	-0.0131767326795433
RS_GCF_002251695.1	1.19135478461562	0.280584899376279	-0.0130241260506799
RS_GCF_024925465.1	1.19405666442486	0.282450145345054	-0.0127179250951976
RS_GCF_905397375.1	1.19304379739676	0.281751845221941	-0.0128333073797375
RS_GCF_023955655.1	1.19965051772821	0.286313451011372	-0.0120849895142302
RS_GCF_000801955.1	1.19983815475445	0.286443048361895	-0.0120637635371952
RS_GCF_016429285.1	1.20408787367967	0.289377046828708	-0.0115822740797584
RS_GCF_008801405.1	1.20262005804911	0.288363672637821	-0.0117485782781261
RS_GCF_003851545.1	1.19738675746516	0.284750648192431	-0.0123415335302826
RS_GCF_001699815.1	1.19666624442609	0.284253249394044	-0.0124231941685503
GB_GCA_000955795.1	1.19812211642021	0.285258391843345	-0.0122582528877872
RS_GCF_021173085.1	1.19873259129027	0.28567986402886	-0.012189087785942
RS_GCF_000607165.1	1.19843726314689	0.285475968678015	-0.0122225472248766
RS_GCF_016466415.2	1.19896015257549	0.28583697159144	-0.0121633051066336
RS_GCF_007997035.1	1.2003729653452	0.286812378898147	-0.0120032376999315
RS_GCF_019795295.1	1.19192416783134	0.281002435972511	-0.0129722932689469
RS_GCF_008632125.1	1.19141284597097	0.280649529633599	-0.0130303141631827
RS_GCF_013314895.1	1.1953354736525	0.283358199836736	-0.0125861062811925
RS_GCF_000876015.1	1.19822930565266	0.285366485185247	-0.0122639725492552
GB_GCA_000955785.1	1.2039077134924	0.289288344843836	-0.01162137406119
RS_GCF_008801925.2	1.20575675390558	0.29056539145349	-0.0114121177580888
RS_GCF_001854325.1	1.20100343884277	0.28728472095974	-0.0119512494571692
RS_GCF_000812465.1	1.19800946731674	0.285221248069992	-0.0122924952660268
RS_GCF_905397275.1	1.21215938451155	0.294996656645213	-0.010692679178666
GB_GCA_001725945.1	1.2116597631565	0.294651541596753	-0.0107491938938285
RS_GCF_905397435.1	1.21267568422382	0.295353358120336	-0.0106343154966823
RS_GCF_019602855.1	1.21346611755761	0.295899390284411	-0.010544927237095
RS_GCF_013141915.1	1.2140867323812	0.296328889424732	-0.0104752012840107
RS_GCF_020618415.1	1.21030633613872	0.293717289718098	-0.0109026597306601
RS_GCF_001598055.1	1.20899408250456	0.292810751773281	-0.0110510406060673
RS_GCF_000372525.1	1.21092388439948	0.294143913233737	-0.0108328347426639
GB_GCA_013362725.1	1.2100685913665	0.293553053067703	-0.0109295443224791
RS_GCF_023952475.1	1.21279955840966	0.295439681404561	-0.0106207490035491
RS_GCF_003353055.1	1.20884647440903	0.292708676546559	-0.0110676713792378
RS_GCF_000219215.1	1.20960868037513	0.293235229479473	-0.01098148730064
GB_GCA_022041995.1	1.21016332574263	0.29361838961204	-0.0109187700301516
RS_GCF_003402535.1	1.21037686637872	0.293765921232465	-0.0108946313196989
RS_GCF_017814975.1	1.21048521539464	0.293840784090837	-0.010882387306112
RS_GCF_004768545.1	1.21030177724422	0.293714063006328	-0.0109031307936576
RS_GCF_016894385.1	1.21111559898567	0.29427627209136	-0.010811109553361
RS_GCF_000426345.1	1.2106513443592	0.293955554240754	-0.0108636049227781
RS_GCF_905397395.1	1.21257090805715	0.295280612247481	-0.0106457643742253
RS_GCF_000292345.1	1.22176784220996	0.301634826650855	-0.00960613486384377
RS_GCF_008801835.1	1.22091169634142	0.301043826194305	-0.00970316971454377
RS_GCF_005503625.1	1.22800333029324	0.305943015238685	-0.00890129382328389
RS_GCF_003854935.1	1.22510529557567	0.303941180372286	-0.00922910547349506
RS_GCF_022179805.1	1.22908221834904	0.306688688200464	-0.00877946376588508
RS_GCF_018729255.1	1.2296080008465	0.307052009235787	-0.0087200551682267
RS_GCF_009663685.2	1.2304336614303	0.307622421411457	-0.0086267008428677
RS_GCF_001652915.1	1.23037401463442	0.307581217399251	-0.00863344648718813
RS_GCF_002858765.1	1.23135854024463	0.308261366179448	-0.00852212201865158
RS_GCF_008693385.1	1.21563962704108	0.29739926768233	-0.0102981020584942
RS_GCF_914271545.1	1.18928799233221	0.279185778903714	-0.0132728611461006
GB_GCA_903944725.1	1.3467968954648	0.391905541538029	0.00419832855362629
GB_GCA_945878885.1	1.34572811000879	0.391156164196413	0.00407827974280928
RS_GCF_021395205.1	1.34570513571324	0.391140261052858	0.00407566363894596
GB_GCA_903837335.1	1.3489970663996	0.39344850039777	0.00444540331455356
GB_GCA_903918115.1	1.3478444151422	0.392640311891751	0.00431593605807531
GB_GCA_903826775.1	1.34515037455136	0.390877114836684	0.00399792707729271
RS_GCF_003065365.1	1.36318853828215	0.403610307948723	0.00601331724402695
RS_GCF_003261235.1	1.36424710783444	0.404470148202394	0.00611737776240916
RS_GCF_018687555.1	1.36467116958775	0.404768487975607	0.00616488213511594
RS_GCF_018687595.1	1.36445559161816	0.404616857188681	0.0061407274035058
RS_GCF_018881925.1	1.37559054419316	0.41250447725096	0.0073814834309532
RS_GCF_018881755.1	1.37077433217668	0.409114296134033	0.00684216508100736
GB_GCA_903843235.1	1.37699655834183	0.413494290618366	0.00753891410913035
RS_GCF_018882365.1	1.37826488611876	0.414413379069056	0.00767782704863746
RS_GCF_018688495.1	1.38476888438521	0.418996430971092	0.00840557247472424
RS_GCF_018881835.1	1.38480850753946	0.419024462452481	0.00840999313011164
RS_GCF_018688355.1	1.39151517085709	0.423749028629197	0.0091605682624999
RS_GCF_018688155.1	1.39075159460015	0.423211134994381	0.00907511111087171
RS_GCF_018688255.1	1.38866747534503	0.421742992204113	0.00884186346126059
RS_GCF_018882205.1	1.38847410173446	0.421606757670182	0.00882022331538061
RS_GCF_000973625.1	1.38854268387147	0.421655016115449	0.00882790491514071
RS_GCF_018687675.1	1.38922941488396	0.422138772283398	0.0089047622873109
RS_GCF_018687755.1	1.38486719121064	0.41906573694186	0.00841656830377983
RS_GCF_018881505.1	1.38830201827587	0.421485056030187	0.00880101961760776
RS_GCF_018688335.1	1.38799321423264	0.421267714244216	0.00876643626348726
GB_GCA_001830325.1	1.38577118686303	0.419702470968256	0.00851774901210768
RS_GCF_018882405.1	1.38793527332373	0.421227130262539	0.00875992445953143
RS_GCF_018882325.1	1.38765190709029	0.42102751745476	0.00872821079844087
RS_GCF_018882295.1	1.38576581627596	0.419698890535246	0.00851712416466636
RS_GCF_018881905.1	1.39051534568356	0.423044622510175	0.0090486797955593
RS_GCF_018688375.1	1.38804629291737	0.421305277350248	0.00877235642753107
RS_GCF_018882055.1	1.38671289443487	0.420365942325583	0.0086231308072377
RS_GCF_018687575.1	1.38314325188957	0.417851310653323	0.00822363141788996
RS_GCF_018882335.1	1.3818930156948	0.416969434020929	0.00808384572929016
RS_GCF_018882095.1	1.38739912650788	0.42084639659064	0.00870028189477998
RS_GCF_002206635.1	1.38487171285731	0.419066231944837	0.00841739203677427
RS_GCF_018687975.1	1.38412279452811	0.418535583823808	0.00833394000858406
RS_GCF_018688235.1	1.38083551612799	0.41622050701735	0.00796596473666299
RS_GCF_001595985.1	1.38267527829642	0.417516194215861	0.00817190245309322
RS_GCF_013307245.1	1.38776005716043	0.421093283818106	0.00874155698477882
GB_GCA_903827075.1	1.37789862838782	0.414143601855964	0.0076382433143783
GB_GCA_903935355.1	1.39148061781457	0.423706927251716	0.00915882270004414
RS_GCF_900205755.1	1.39093454638891	0.423322205870236	0.0090977156495238
RS_GCF_001953355.1	1.37366351052837	0.411152144827069	0.00716521942221783
RS_GCF_018882185.1	1.36612140733238	0.405848266729193	0.00631990944751812
RS_GCF_018882125.1	1.3713979762903	0.409563300909509	0.00691067041980521
RS_GCF_018882445.1	1.36546836238828	0.405388350026587	0.00624681356272383
RS_GCF_018881545.1	1.37230215280117	0.410207081617503	0.00701098873214449
GB_GCA_903843315.1	1.36956851458794	0.408282120178686	0.00670497207912137
RS_GCF_018687495.1	1.37297193084207	0.410679672583561	0.00708584143242655
RS_GCF_018687735.1	1.37114861557215	0.409396601567064	0.00688161469594379
RS_GCF_018881855.1	1.3725867665533	0.410409547520949	0.00704257621062698
GB_GCA_903995005.1	1.37389173219617	0.411328581032487	0.0071886456520836
RS_GCF_018882465.1	1.37292143605204	0.410645272314524	0.00708003272197734
RS_GCF_002192535.1	1.37349045409587	0.411045992500781	0.00714372709117603
GB_GCA_945864455.1	1.3794981761374	0.415276999868041	0.00781619619766963
RS_GCF_002206625.1	1.37672430028228	0.41332355756283	0.00750569417666037
RS_GCF_018881635.1	1.37645235466558	0.413132043520625	0.00747525345444868
GB_GCA_903900805.1	1.3800759210799	0.415683887742741	0.00788086522776444
RS_GCF_018882155.1	1.37983039025486	0.415510975475004	0.00785338133605422
RS_GCF_018687635.1	1.38047875663891	0.415976820573691	0.0079248654924969
RS_GCF_018687075.1	1.37599405959866	0.412818629078174	0.00742284766408329
RS_GCF_018882245.1	1.37893581714167	0.414891908779163	0.00775194397412729
RS_GCF_001595965.1	1.37688377357338	0.413446367488066	0.00752229484892646
RS_GCF_018881815.1	1.38084832959302	0.416239168954662	0.00796597657838086
RS_GCF_018882415.1	1.37573074502496	0.412634116366179	0.00739325818320462
RS_GCF_018687275.1	1.3770183858258	0.413541161715082	0.00753736376877479
RS_GCF_018881795.1	1.37508936268462	0.412182235523987	0.00732148808171952
RS_GCF_018687955.1	1.37888496351575	0.414856436477251	0.00774621572003984
RS_GCF_018881605.1	1.38714790029594	0.42067858882298	0.00867077758695499
RS_GCF_018881975.1	1.38726466962042	0.420760927838915	0.00868383598288671
RS_GCF_018881965.1	1.38843673910341	0.421586666588406	0.00881499535104526
RS_GCF_018881595.1	1.38921596478289	0.42213562994177	0.00890219524237455
RS_GCF_018687355.1	1.38417597259895	0.418584845777572	0.00833820442559415
RS_GCF_018882085.1	1.38547488245865	0.419500173295325	0.0084835314103319
GB_GCA_903892315.1	1.39124342465451	0.423564134113419	0.00912906133198322
RS_GCF_018687815.1	1.38582795816779	0.419749013447697	0.00852303109986032
RS_GCF_018687895.1	1.38739937751321	0.420856115536674	0.00869887746189683
RS_GCF_018882215.1	1.39100626781518	0.423397240939278	0.00910250061916284
RS_GCF_018881655.1	1.3897342063767	0.422501055797056	0.00896015183139836
RS_GCF_018687535.1	1.38869604647965	0.42176964599316	0.00884397888717142
RS_GCF_018881715.1	1.37925825216167	0.415119848907529	0.00778793815797025
RS_GCF_018688315.1	1.37260829738231	0.410431614126083	0.00704417636828454
RS_GCF_018881575.1	1.37277367051445	0.410545988723265	0.00706294595687523
RS_GCF_013307225.1	1.38800715300274	0.421276932208478	0.00876780067718507
RS_GCF_018687195.1	1.39202813123032	0.424109120896291	0.00921784438760163
RS_GCF_018687095.1	1.38965460109707	0.422437330897441	0.00895218802781142
GB_GCA_018500105.1	1.3986964478152	0.428805474710049	0.00996425094760338
RS_GCF_018687935.1	1.3772145190297	0.413674481891404	0.00755991021930701
RS_GCF_018688095.1	1.3751131695875	0.412194463684932	0.00732471129341768
RS_GCF_018687695.1	1.37803808694543	0.414254594103617	0.00765208240915004
RS_GCF_001659725.1	1.37461271724392	0.411842041157257	0.00726868969628528
RS_GCF_018687455.1	1.37812725551842	0.414317361491836	0.00766206768544945
GB_GCA_016462905.1	1.34082680510228	0.38749507828938	0.00355683261435778
RS_GCF_003065385.1	1.35099823738094	0.394619704700447	0.00470011116895869
RS_GCF_018687475.1	1.35519905360107	0.397560217194163	0.00517259857695276
GB_GCA_002292975.1	1.35504576960517	0.397452104567537	0.00515549752260009
RS_GCF_018881775.1	1.34009026633372	0.386438005413771	0.00354205974981702
RS_GCF_018687515.1	1.33588473720303	0.383521600280571	0.00306482202723414
GB_GCA_008015455.1	1.36018551182217	0.400489918126176	0.00580297567359062
GB_GCA_024642065.1	1.33958957156643	0.38611217331151	0.00348168498944724
RS_GCF_018882385.1	1.3526607377084	0.395237461812635	0.00495480533760879
GB_GCA_945881875.1	1.36346378005505	0.402779209556178	0.00617232736658899
RS_GCF_900187875.1	1.33945771601833	0.386020348188657	0.00346677506670078
GB_GCA_023254115.1	1.34019663863402	0.386536187249882	0.00355005431063614
GB_GCA_020059445.1	1.35859917321706	0.399385151886066	0.0056237548988184
RS_GCF_002224225.1	1.35817739967302	0.399090750839848	0.0055762132454196
RS_GCF_018882285.1	1.35676706120109	0.398106140755112	0.00541727144819781
RS_GCF_018687615.1	1.35963073557389	0.400105412257259	0.005739995495981
GB_GCA_903875135.1	1.38752789655327	0.419527825663172	0.00889678627877315
GB_GCA_903867305.1	1.38381136310238	0.416934291990302	0.00847768367346176
GB_GCA_903889595.1	1.41032889210337	0.435442861381008	0.0114678752867083
RS_GCF_003072505.1	1.40954618385179	0.434896631407985	0.0113796123562071
RS_GCF_022568815.1	1.22902645004177	0.304499924893126	-0.00834796887084138
RS_GCF_014284335.1	1.23360034793802	0.307637447712105	-0.00782470248564035
RS_GCF_014284125.1	1.23550541431081	0.308944308964666	-0.00760678407928263
GB_GCA_016200895.1	1.23530957503299	0.30880999711933	-0.00762920092880709
RS_GCF_009937975.1	1.23708034787129	0.310024619341546	-0.00742659116996034
RS_GCF_009937955.1	1.23606969837102	0.309331400585316	-0.00754223482955711
GB_GCA_023259175.1	1.25799707764753	0.324367859348431	-0.00503104193061758
GB_GCA_016200845.1	1.26016664609515	0.325855930772121	-0.00478274089118119
RS_GCF_009380165.1	1.24779668735062	0.317514449158546	-0.00624804542780498
RS_GCF_009380215.1	1.24899541441613	0.318337536947008	-0.00611117772147477
GB_GCA_000381565.1	1.25008278034297	0.319084164385673	-0.00598702651199814
GB_GCA_003416895.1	1.24939237032008	0.318610104099735	-0.00606585556143248
GB_GCA_013284265.1	1.24617143035784	0.316397734914537	-0.0064333013771965
RS_GCF_014042355.1	1.24030505841353	0.312369821793627	-0.00710318219536025
RS_GCF_014042365.1	1.24039194590215	0.3124294927731	-0.00709326665564703
RS_GCF_014042345.1	1.2400536699613	0.312197227769785	-0.00713189287536629
RS_GCF_009720865.1	1.26684688370968	0.330594802490128	-0.00407262879160087
RS_GCF_009857595.1	1.26171863983571	0.327074178045665	-0.00465841146313179
RS_GCF_001425045.1	1.26137126619156	0.326835670812444	-0.0046980793108701
RS_GCF_001425265.1	1.2610196471507	0.326594235291058	-0.00473822691592956
RS_GCF_021165955.1	1.26726816800853	0.330883241557591	-0.00402421492732123
RS_GCF_000427785.1	1.29804881832899	0.352032022328208	-0.000512723373325578
RS_GCF_024756255.1	1.29599811012864	0.350626933675334	-0.000747705589114733
RS_GCF_024753215.1	1.29665893162611	0.351080755501808	-0.000672268586113379
GB_GCA_023389425.1	1.30237702128917	0.355007753187103	-1.95270037926726e-05
RS_GCF_024753145.1	1.29842201027313	0.352291617232344	-0.000471013588879699
GB_GCA_002428015.1	1.25297762888055	0.321078676663261	-0.00565812203650601
RS_GCF_002760655.1	1.2668479680332	0.330604118661467	-0.00407486914471962
RS_GCF_003953935.1	1.26212146254766	0.327360369513518	-0.00461515479343746
RS_GCF_011682065.1	1.26854694822389	0.331773143135657	-0.0038817390242567
RS_GCF_011682045.1	1.26684590448225	0.330604967399875	-0.00407591135245191
RS_GCF_011682145.1	1.26755791521431	0.331093935772707	-0.00399463671732823
RS_GCF_015689335.1	1.26907521384603	0.332135910922673	-0.0038214331992687
RS_GCF_011682175.1	1.2666877871857	0.330496364373968	-0.00409395402626056
RS_GCF_020831365.1	1.25598625800186	0.323144030418152	-0.00531441170927046
RS_GCF_016809835.1	1.26357038289061	0.328351835488042	-0.00444851005248669
GB_GCA_014377155.1	1.21640454677215	0.295848941329846	-0.00979434987529047
GB_GCA_014376645.1	1.22292949215497	0.300324167364134	-0.00904756274517011
RS_GCF_001189915.1	1.23402506706866	0.307933908321868	-0.00777738190063362
RS_GCF_015645465.1	1.21771860728251	0.296751004665759	-0.00964440139767838
RS_GCF_003852535.1	1.21641444885856	0.295856534894149	-0.00979366182409472
GB_GCA_023392035.1	1.25438794405467	0.321903573279901	-0.00544804378231647
RS_GCF_008831265.1	1.23718960043481	0.310107373123405	-0.00741629526189787
RS_GCF_003590875.1	1.20174562070964	0.285795732161607	-0.0114724325469815
RS_GCF_004804275.1	1.21937875976008	0.297890270066288	-0.00945462312304415
RS_GCF_003591035.1	1.22714620399228	0.303217754132243	-0.0085656706329024
RS_GCF_004153455.1	1.26699987147524	0.330987305111192	-0.00367287252792517
RS_GCF_009857885.1	1.27898148768994	0.339208636673318	-0.00229167817263769
GB_GCA_005239165.1	1.27847474168313	0.338860143401689	-0.00234982050754852
GB_GCA_013416485.1	1.30648276654271	0.358083875048146	0.000877620493527345
GB_GCA_017983955.1	1.29435257977671	0.349760147682751	-0.000520617103844042
RS_GCF_002849615.1	1.29496211478206	0.350176347641758	-0.000449841262123352
RS_GCF_019166065.1	1.26433330209356	0.329151656888445	-0.00397870309573943
RS_GCF_021266465.1	1.25590887756187	0.323372040585661	-0.00495011100957548
RS_GCF_004346225.1	1.27523631046013	0.33663311811477	-0.00272196031734627
GB_GCA_934525625.1	1.31406462572729	0.363272991392398	0.00175561336450575
GB_GCA_903894155.1	1.31159251867303	0.361764715337409	0.00143781007577553
GB_GCA_002737415.1	1.32339803338501	0.369892258032863	0.00279336547794792
GB_GCA_945887835.1	1.3218280442974	0.368813789894215	0.00261258858595987
GB_GCA_021738045.1	1.3179314817512	0.366136938615264	0.00216395885110125
GB_GCA_945897365.1	1.32317264073934	0.369740759338849	0.00276673386205176
GB_GCA_945862495.1	1.32167101009145	0.368709405384323	0.00259379298387816
GB_GCA_023653055.1	1.32204934499904	0.36896930472759	0.00263735426688824
GB_GCA_903958565.1	1.3241103939484	0.370388387155228	0.00287403252454883
GB_GCA_945865935.1	1.32635208668121	0.371928445267579	0.00313211742495054
GB_GCA_945869355.1	1.33925721619742	0.380794457798261	0.00461786170581024
GB_GCA_903903735.1	1.3274427988364	0.372677692605638	0.00325770599609383
RS_GCF_019923725.1	1.31147864263268	0.361709666787507	0.00141986707766741
GB_GCA_945883615.1	1.33503775213734	0.37783993922238	0.0041453914972698
GB_GCA_017857895.1	1.3639242570703	0.397695495188778	0.00747086626654427
GB_GCA_945876565.1	1.36444217784477	0.398058258326836	0.00752951918464077
RS_GCF_022811525.1	1.36710357626557	0.399886573027694	0.00783602941440096
GB_GCA_021208885.1	1.36100028195607	0.395694720140828	0.00713298311869279
RS_GCF_013267355.1	1.26587458445009	0.330277494713094	-0.0038131880497302
RS_GCF_002192695.1	1.26184382114701	0.327510927019001	-0.00427767315122658
RS_GCF_013116765.2	1.26016387290901	0.326357921000572	-0.00447127819385252
RS_GCF_014170335.1	1.26937992096201	0.332683597119871	-0.00340930665134379
RS_GCF_012928505.1	1.26803264306256	0.331758865911111	-0.00356455723399837
RS_GCF_000506985.1	1.25180240159867	0.3204285700576	-0.00539140366325981
RS_GCF_002810445.1	1.27293899992641	0.33492134220611	-0.00295214464916236
GB_GCA_019695155.1	1.22310063355607	0.30332199782894	-0.0089240423731165
GB_GCA_001295775.1	1.1966824415808	0.285100668660145	-0.0119653060201626
GB_GCA_021814605.1	1.24224720798259	0.324747382270749	-0.00776235147800353
GB_GCA_021818065.1	1.24918362310415	0.329651814983593	-0.00698177651212011
GB_GCA_016936875.1	1.2687573619934	0.343470512922154	-0.00477176916671221
GB_GCA_021783695.1	1.26799684120066	0.34293373687901	-0.00485768432774281
GB_GCA_023255715.1	1.27015809766221	0.344459406235111	-0.00461361646658246
GB_GCA_022730375.1	1.26000036598111	0.337288716349051	-0.00576066204117341
RS_GCF_001418255.1	1.27136743179981	0.345313051375697	-0.00447703778549377
GB_GCA_021286835.1	1.26618630669638	0.341655610198399	-0.00506213671833189
GB_GCA_021815805.1	1.29021463546786	0.358737373049779	-0.00237814547825539
GB_GCA_021841865.1	1.28323531093426	0.353807238560323	-0.00316554801889577
GB_GCA_021847345.1	1.28191728647322	0.352876153368821	-0.00331423134063161
GB_GCA_021816585.1	1.28423053585487	0.354510523784656	-0.00305332501979258
RS_GCF_000377645.1	1.28668921268818	0.356249453659802	-0.00277653794668885
GB_GCA_021848345.1	1.29133831864755	0.35953427142971	-0.00225223887348909
GB_GCA_021830925.1	1.2919399065446	0.359959277167614	-0.00218438287873343
GB_GCA_021846965.1	1.29376045229184	0.361245497065227	-0.00197904759381726
GB_GCA_021808445.1	1.29976923727563	0.365490571421252	-0.00130129457662694
GB_GCA_021805825.1	1.29910923927493	0.365018353321174	-0.00137401434876674
GB_GCA_021845505.1	1.29211236372338	0.360075660162317	-0.00216335792429184
GB_GCA_021804595.1	1.28461505277167	0.354770384436788	-0.00300644851130063
GB_GCA_021825505.1	1.29592707139222	0.362760445764328	-0.00173004986041093
GB_GCA_021805805.1	1.2926257224641	0.360428585844546	-0.00210255206094355
GB_GCA_021798395.1	1.29346659135602	0.361022522625897	-0.0020076724527949
GB_GCA_019351955.1	1.28841151797898	0.357453425543522	-0.00257838355592167
RS_GCF_000733775.1	1.28509031249604	0.355107533664925	-0.00295313100731429
GB_GCA_021783435.1	1.29139406168119	0.359561836791841	-0.00224220946701957
GB_GCA_013044035.1	1.30540061241561	0.369456090808418	-0.000661975069357018
GB_GCA_021846025.1	1.31639425749661	0.377221752303808	0.00057840445106609
GB_GCA_009921245.1	1.48145355797406	0.511390396809796	0.0173155647401418
GB_GCA_021044545.1	1.40802261555174	0.457380543487706	0.00925980576579197
GB_GCA_000496475.1	1.42854816632949	0.472483171054314	0.0115106514763844
GB_GCA_023260315.1	1.42137846957663	0.467206957243242	0.0107244701677356
GB_GCA_018607835.1	1.41170661283309	0.460090451757355	0.00966384367754315
GB_GCA_002344885.1	1.36335427252871	0.424553816148798	0.00435016985446517
GB_GCA_013823635.1	1.35559116536052	0.418841517383538	0.00349911019070315
GB_GCA_903928495.1	1.3667219571779	0.427032980553636	0.00471918379406104
GB_GCA_945869245.1	1.35503502133103	0.418503131186804	0.00342703528205445
GB_GCA_945890705.1	1.34675196020896	0.41240642862035	0.00251922109042146
GB_GCA_011391745.1	1.35183768063437	0.416150943087418	0.00307638467873412
RS_GCF_020510445.1	1.34545276364023	0.411528360737227	0.00236477178856603
RS_GCF_001592305.1	1.34530055506303	0.411416200421004	0.00234811100675193
GB_GCA_002842215.1	1.35922351482908	0.42167814405122	0.00387178789325417
RS_GCF_013387465.1	1.35614099878658	0.4194065621514	0.00353439218934422
RS_GCF_002001205.1	1.36917002844004	0.429009250867086	0.00496031027306893
GB_GCA_018780075.1	1.3731133498568	0.43191534853526	0.00539190293684686
RS_GCF_021729865.1	1.3708956207149	0.430280977848617	0.00514917144613951
GB_GCA_013823655.1	1.37620376686967	0.434192046567747	0.00573027165731806
GB_GCA_011391495.1	1.3516863821428	0.416122650405934	0.00304699156799784
RS_GCF_010104355.1	1.35639184750737	0.41959615347797	0.00356110519366742
GB_GCA_013823505.1	1.3672130759294	0.427571931945387	0.00474533335786048
GB_GCA_022844385.1	1.36437143067693	0.425477598752996	0.00443434126053989
GB_GCA_021154985.1	1.37238976607287	0.431387350781422	0.00531185682600379
RS_GCF_001713375.1	1.36674186902909	0.427224688659328	0.00469375776852683
GB_GCA_003241965.1	1.36697953163507	0.427399640947029	0.00471979879507895
GB_GCA_018780385.1	1.35536059010477	0.418835910793217	0.00344827187456661
RS_GCF_001428625.1	1.35637543017662	0.419583844773268	0.00355933938584036
RS_GCF_002127265.1	1.35593021297477	0.419252720475305	0.00351107590844795
GB_GCA_019264445.1	1.36062464935097	0.422713300981138	0.0040247310635761
GB_GCA_018993155.1	1.35771553604872	0.420569488280365	0.00370631751616208
RS_GCF_005503365.1	1.36489725154454	0.425862306192489	0.0044923252834583
RS_GCF_009859475.1	1.37114459932878	0.43046641016129	0.0051760854421542
GB_GCA_002840835.1	1.35572964654698	0.419099689758006	0.0034899381126835
RS_GCF_004795855.1	1.37172908820453	0.430876152300262	0.00524342348927477
RS_GCF_001761385.1	1.37350747157074	0.432186424475446	0.00543812058503499
GB_GCA_011390835.1	1.35810958761869	0.420840539624096	0.00375250895952865
GB_GCA_006227825.1	1.3639346978078	0.425113835653568	0.00439317168154684
RS_GCF_021401345.1	1.3643031858736	0.425387325200738	0.00443319085046466
GB_GCA_021166755.1	1.36547561724563	0.426250995253279	0.00456157223188894
GB_GCA_016790705.1	1.35472814815751	0.418334102926051	0.00338468081996032
RS_GCF_001592285.1	1.35364453369255	0.417535875352718	0.00326602424878892
RS_GCF_002127215.1	1.34974142260235	0.414661967779034	0.00283854425920392
RS_GCF_003417535.1	1.37419633530269	0.432686118268584	0.00551509897948017
GB_GCA_011772445.1	1.3826596125165	0.438921359242986	0.00644172757713521
GB_GCA_019635465.1	1.37967992365744	0.436726105273259	0.00611548322019692
RS_GCF_011388215.1	1.37165201749105	0.430812016476061	0.00523646543609286
GB_GCA_016741995.1	1.3755331845628	0.433671575733785	0.00566138632584588
RS_GCF_023715105.1	1.37650602981515	0.434388317337696	0.00576790017823988
GB_GCA_903870145.1	1.35867358488623	0.422474495995748	0.00370027455052909
GB_GCA_903961095.1	1.36855920646016	0.429804513923736	0.00477767955423927
GB_GCA_903844775.1	1.38046154953774	0.438620411712015	0.00607630804555739
GB_GCA_009693505.1	1.37249451429867	0.432719644428373	0.00520700631534642
GB_GCA_021300495.1	1.37436704994988	0.434106559292898	0.00541131873285966
GB_GCA_024642215.1	1.35518833280503	0.419901087788289	0.00331879900720568
GB_GCA_009928125.1	1.36629543158268	0.428127501899103	0.00453071586133718
RS_GCF_001412575.1	1.35652266802029	0.420889394956118	0.003464384893887
RS_GCF_001269365.1	1.35127513136602	0.417002216055	0.00289190850625394
GB_GCA_945901045.1	1.36299958683407	0.425698285007311	0.00416985275050023
RS_GCF_001269345.1	1.37713896219262	0.436238556859165	0.00570349715219929
GB_GCA_023910625.1	1.39418687709835	0.448878062703286	0.00756193828425791
RS_GCF_003063645.1	1.38932545500999	0.445274051730288	0.00703194355015557
GB_GCA_903932865.1	1.38947631243856	0.44538589113669	0.00704838990556001
RS_GCF_000293865.2	1.39035151886043	0.446034659927456	0.00714381268419687
GB_GCA_021299875.1	1.38944827587638	0.445365034985736	0.00704534167395494
GB_GCA_017848645.1	1.37424556118408	0.434094218278464	0.00538797278025905
RS_GCF_003063355.1	1.37959674724554	0.438061260907105	0.00597136559687649
RS_GCF_001412535.1	1.37710940370793	0.436217276215083	0.00570019506940219
RS_GCF_002778275.1	1.3761582078529	0.435511233905814	0.00559660483225714
RS_GCF_003063265.1	1.37982768596215	0.438231664500102	0.00599664177170243
GB_GCA_002256145.1	1.37966198431485	0.438108826325427	0.00597857641247816
RS_GCF_003063435.1	1.36647394536389	0.428330958714405	0.00454093718958681
RS_GCF_003063505.1	1.36562541746379	0.427701710297202	0.00444845389642237
GB_GCA_017986605.1	1.36905920586385	0.430247105106709	0.00482283518379587
RS_GCF_003063455.1	1.36136860812406	0.424546277948446	0.00398433234101109
GB_GCA_919902775.1	1.37605307140452	0.435432046069695	0.00558530650570981
GB_GCA_945875955.1	1.39592166991812	0.450160874692922	0.00775148789617776
RS_GCF_003063415.1	1.38704780452179	0.443582818080306	0.00678397790716724
GB_GCA_903935585.1	1.38535455328322	0.442327604508103	0.00659936954362733
RS_GCF_003063315.1	1.35982342984379	0.423396221047449	0.00381646916640946
RS_GCF_001270065.2	1.36329754288821	0.425971135048017	0.0041952968252453
RS_GCF_003063335.1	1.35084470490255	0.416738545827675	0.00283778134966398
GB_GCA_002255935.1	1.36099195290993	0.424258836788631	0.00394434004530971
RS_GCF_003063575.1	1.35747229594843	0.421650363205524	0.00356052056416275
GB_GCA_023255445.1	1.40694352104477	0.458298069764129	0.00895778930989022
GB_GCA_023259355.1	1.3204600259188	0.394100153814784	-0.000459572384910881
GB_GCA_014879655.1	1.35820937378973	0.422036598790358	0.00366244708716659
GB_GCA_016721925.1	1.34685706851379	0.413636610093086	0.00242260480856703
GB_GCA_011391595.1	1.3567802319485	0.420980699556535	0.00350608389957756
GB_GCA_011391155.1	1.35268719853608	0.417951671887428	0.00305914434421856
GB_GCA_023396625.1	1.34753440516363	0.414133980113294	0.00249729599136279
GB_GCA_013693755.1	1.3769840108515	0.435927526810362	0.00571325387258299
GB_GCA_016790575.1	1.36427336902055	0.426515077675906	0.00432627098467331
GB_GCA_024642025.1	1.38201752386298	0.440357442018064	0.00620132051458005
GB_GCA_024236015.1	1.40727568386222	0.459129214732064	0.00895241611577883
GB_GCA_018063505.1	1.40985298889571	0.46104473049116	0.00923312902027984
GB_GCA_024235935.1	1.41577774413484	0.465445907985648	0.00987864023189199
GB_GCA_945861785.1	1.39542164959381	0.450319686249617	0.0076612457838757
GB_GCA_021738345.1	1.41162028510274	0.462433090991118	0.00941996699837134
GB_GCA_903954045.1	1.41598364680815	0.465687695100374	0.00989441724117119
GB_GCA_903870955.1	1.43895966892946	0.482769433457726	0.01239671803056
GB_GCA_903845935.1	1.44321307058362	0.48593112441971	0.0128599857182897
GB_GCA_903897925.1	1.43816383287137	0.482176402239713	0.0123101317990085
GB_GCA_903944555.1	1.41909129680121	0.467995881498581	0.0102329923603054
GB_GCA_016705575.1	1.42259958790548	0.470612012910544	0.0106144947893394
GB_GCA_016703945.1	1.42897258125372	0.475351787579764	0.0113084358404292
GB_GCA_903870065.1	1.44638593813554	0.488297865785341	0.0132048854662852
GB_GCA_903924955.1	1.43197066053257	0.477581685120439	0.0116348824833479
GB_GCA_021737865.1	1.43490739908761	0.479764846059618	0.0119547266228747
GB_GCA_903853895.1	1.4255819323011	0.472831712582704	0.0109391191626271
GB_GCA_903869595.1	1.42469770265257	0.47215875625891	0.0108438340664527
GB_GCA_903951445.1	1.42583564141978	0.473004583857279	0.010967775125614
GB_GCA_945875225.1	1.43298193543042	0.47831655187306	0.011746120254527
GB_GCA_016463455.1	1.43450898254931	0.47945161921125	0.0119124409183792
GB_GCA_005793295.1	1.42171419213001	0.469935020185742	0.010519321355231
GB_GCA_945898115.1	1.40756680658287	0.459421068387011	0.00897827976100441
GB_GCA_903914985.1	1.42033808057636	0.468913012127618	0.0103693537352495
GB_GCA_016718155.1	1.37253210264564	0.433348878547017	0.00516452346263094
GB_GCA_016718405.1	1.37298284217528	0.43368375537078	0.0052136270553863
GB_GCA_014190675.1	1.41039361794602	0.461504835999209	0.00928698369755117
GB_GCA_009693325.1	1.40882496513227	0.460339148583283	0.00911611463336342
GB_GCA_903960915.1	1.38590138469289	0.443314090905678	0.00661815337302353
RS_GCF_017948265.1	1.40100594245484	0.454539560917706	0.00826335310774246
GB_GCA_018780565.1	1.3806248199381	0.439395838974253	0.00604306353049078
RS_GCF_003347515.1	1.38571304707558	0.443177822428015	0.0065972094230142
GB_GCA_012927445.1	1.39108842698593	0.447172823558905	0.00718267820703801
GB_GCA_021731215.1	1.38720123437777	0.444283055163049	0.00675939655715926
GB_GCA_007280205.1	1.42336404160709	0.471162364090024	0.0106979921088138
GB_GCA_903839085.1	1.41519438923303	0.465090331937246	0.00980818552003718
GB_GCA_010365055.1	1.39383771858492	0.449215761215689	0.00748220691528964
GB_GCA_017880985.1	1.39560875195042	0.450532010907039	0.00767510337554804
RS_GCF_001938565.1	1.43893123435817	0.48277338360727	0.0123910926497172
GB_GCA_002083775.1	1.43102636745274	0.476896333958595	0.0115302306308771
GB_GCA_903905735.1	1.44097198017836	0.484290779685807	0.012613324382349
GB_GCA_018061265.1	1.4399793179637	0.483551253976379	0.0125053375765559
GB_GCA_018063565.1	1.44053845104803	0.483966955255572	0.0125662288478374
GB_GCA_011391645.1	1.43080936023046	0.476733769682489	0.0115066445854301
GB_GCA_001771065.1	1.43892118746419	0.482764716049994	0.0123900421833562
GB_GCA_903886165.1	1.43086095341384	0.476771922470064	0.0115122706373092
GB_GCA_008080595.1	1.42889186654242	0.475308739517796	0.0112977742422535
RS_GCF_019973615.1	1.43381531949606	0.47896920573753	0.0118339475195162
GB_GCA_002381045.1	1.4266385054887	0.47362979718897	0.0110526449325843
GB_GCA_903930255.1	1.42788449388622	0.474547443880449	0.0111889734324033
GB_GCA_002633085.1	1.35881167603538	0.423088319216077	0.00367529413976938
GB_GCA_019746735.1	1.39806473063255	0.452256075373712	0.00795087793881367
GB_GCA_019745555.1	1.40380324299962	0.456518491921205	0.00857610366938832
GB_GCA_020248905.1	1.42005063452013	0.468586715165073	0.0103463068722991
RS_GCF_013334205.1	1.40429273321343	0.456882562374727	0.00862938746727715
RS_GCF_001432305.1	1.4086407866495	0.460112344351466	0.00910310367235746
GB_GCA_016185015.1	1.40997073242821	0.461100217113979	0.00924800246621754
GB_GCA_021845965.1	1.38848008502369	0.445135443056986	0.00690674300132318
RS_GCF_004328645.1	1.42165393514388	0.469772464198429	0.0105215425834996
GB_GCA_002454975.1	1.3883914140022	0.445046002262542	0.00689944825027311
GB_GCA_018815325.1	1.34605519724909	0.413599902258863	0.0022868084333603
GB_GCA_016705065.1	1.41623897386431	0.465650185361444	0.00994137291680728
GB_GCA_013298945.1	1.40591589956351	0.457988344974486	0.00881603034738107
GB_GCA_013298815.1	1.40752429835702	0.459182225791215	0.00899135133628195
GB_GCA_021731285.1	1.39846548986734	0.452555991436748	0.00799460474512662
GB_GCA_013817205.1	1.41049480954884	0.461494212817203	0.00930496076140336
GB_GCA_013824015.1	1.40905267202206	0.460422838241647	0.00914785023848645
RS_GCF_002001015.1	1.40451990863734	0.457055560775789	0.00865402048891982
GB_GCA_002278925.1	1.4061074183226	0.458235365847656	0.00882692470797107
RS_GCF_002379095.1	1.40811455158566	0.459726540462916	0.00904558100778566
RS_GCF_002379085.1	1.4078790915263	0.459551612333446	0.00901992968608465
GB_GCA_945860515.1	1.43012945224637	0.476077443250389	0.0114444745263179
GB_GCA_016185115.1	1.40856387795171	0.460056739906101	0.00909495822679861
GB_GCA_012927455.1	1.41914192137868	0.467918313653588	0.0102471104446976
GB_GCA_012927485.1	1.43170010810452	0.477248017329686	0.011615253262302
GB_GCA_018780625.1	1.42133329899154	0.469546089759471	0.010485866093485
GB_GCA_024703855.1	1.39311251282866	0.448579869658553	0.00741142390619939
GB_GCA_021153985.1	1.40841411792149	0.459947739525043	0.00907841299129106
RS_GCF_003711205.1	1.40782915074799	0.459513175103727	0.00901468359197724
GB_GCA_903844825.1	1.39710176268487	0.451529788581285	0.00784730787238816
GB_GCA_903941205.1	1.40979989049169	0.460962585597329	0.00923077064154693
GB_GCA_021737905.1	1.41644697103574	0.46589984690843	0.00995501756960178
GB_GCA_945878995.1	1.40440258514655	0.456933293678899	0.00864479387502558
GB_GCA_021299555.1	1.4245221814319	0.471877842240458	0.0108371050647623
GB_GCA_016868205.1	1.44865994397015	0.489804235073214	0.0134674294438377
GB_GCA_016703665.1	1.37580089081091	0.435529420872276	0.00554292134828903
RS_GCF_001422405.1	1.3720137509031	0.432728043860336	0.00512899092016913
RS_GCF_003337555.1	1.39326832196414	0.448496577095902	0.00744648704154408
RS_GCF_001422365.1	1.39018415944789	0.44620861244582	0.00711018917792726
GB_GCA_017848435.1	1.361543643049	0.424951347142307	0.00398844891737579
RS_GCF_006970865.1	1.35888447081451	0.423010966905947	0.00369576209931547
GB_GCA_002002705.1	1.35921524584946	0.423256375892201	0.0037318271702256
GB_GCA_004322085.1	1.3818450284528	0.440046253795812	0.00619917054756585
GB_GCA_004323695.1	1.37706633963223	0.436500727990627	0.00567815014160782
GB_GCA_014376915.1	1.3876274034054	0.444483233830029	0.00681949870675976
GB_GCA_016191525.1	1.36886916040924	0.430553287763629	0.00477514956808443
RS_GCF_001044395.1	1.40473753934208	0.457232012654053	0.0086812966819176
RS_GCF_015831345.1	1.39803363705504	0.452252348420616	0.00795075041114227
RS_GCF_003797765.1	1.39074150973236	0.446835423655696	0.00715615301547553
GB_GCA_013815685.1	1.39135887986705	0.447293414785247	0.00722349989771731
GB_GCA_012274225.1	1.40440491266611	0.456985254585477	0.00864502875698756
GB_GCA_019449555.1	1.40882874916498	0.460271552781131	0.0091270782100792
RS_GCF_004681965.1	1.4315664824732	0.477222911951426	0.0116014436151369
RS_GCF_016722895.1	1.43807506093249	0.482060052809736	0.0123105450184736
RS_GCF_004681975.1	1.43336666063323	0.478569088888441	0.0117970052373963
GB_GCA_023387335.1	1.44100664689902	0.484249582512215	0.0126291945046474
GB_GCA_023390985.1	1.43632887636615	0.480772668939223	0.0121195897432055
RS_GCF_004682015.1	1.43581219942727	0.480388240744186	0.0120633269009966
RS_GCF_001424545.1	1.43245216870507	0.47789080044747	0.011697277563237
RS_GCF_016641735.1	1.45115644291647	0.49178932895398	0.0137352807823038
GB_GCA_013697775.1	1.4353509962009	0.480053052119255	0.0120131174713733
RS_GCF_014297445.1	1.44335722560991	0.486004151491154	0.0128853592159693
RS_GCF_007833165.1	1.4389600343699	0.482744950171403	0.0124059120819915
GB_GCA_023438115.1	1.47819566237754	0.511936467094317	0.0166793187549175
GB_GCA_004144865.1	1.46528911766187	0.502339591554682	0.0152733457378838
RS_GCF_015070875.1	1.46142552359791	0.499466507824445	0.0148524752148077
GB_GCA_021323335.1	1.4650373455799	0.502151341654655	0.0152459597640058
RS_GCF_014297465.1	1.4653134027428	0.502356908096099	0.0152760182806625
RS_GCF_016654015.1	1.46410071280987	0.501455213088533	0.015143913644762
GB_GCA_022844525.1	1.48176295548819	0.514588639841209	0.0170679439690127
RS_GCF_013087525.1	1.46302664039791	0.500657049651225	0.0150269006900811
GB_GCA_023436025.1	1.45941112828	0.497961509944199	0.0146333346148995
RS_GCF_012184415.1	1.39965387200886	0.453482118817597	0.00812593384672145
RS_GCF_001580455.1	1.40997448392614	0.46115121009115	0.00925038407250978
RS_GCF_015159745.1	1.41852161380463	0.467501914331173	0.0101816612466148
GB_GCA_020161775.1	1.36516396685512	0.427766945575281	0.00437360936344009
GB_GCA_019635415.1	1.36943976847917	0.430942011593064	0.00483955285034961
GB_GCA_019635435.1	1.36834441454453	0.430128825169025	0.00472016263838086
GB_GCA_016713005.1	1.37915086315885	0.4381500239201	0.00589827836540192
RS_GCF_022809125.1	1.33591737984314	0.406002994972097	0.00118970160276744
GB_GCA_903830985.1	1.36494990877219	0.427475543187551	0.00436016651361121
GB_GCA_903832285.1	1.38313712270606	0.440966875660604	0.0063433558023846
GB_GCA_903909815.1	1.37593644253191	0.435625605493742	0.00555814337004483
GB_GCA_013297875.1	1.3736963320667	0.433956419143832	0.00531491293825838
RS_GCF_001541225.1	1.39590330085057	0.450212811768356	0.00775588768897175
GB_GCA_018820395.1	1.3892007481328	0.445246008583907	0.00702450603893742
GB_GCA_016806145.1	1.39793936358888	0.451730637114042	0.00797714577066195
RS_GCF_014302995.1	1.3993211875878	0.452756703399546	0.00812771803411422
RS_GCF_001426505.1	1.40716839082859	0.458573273513717	0.00898384284768841
RS_GCF_002754375.1	1.41107378831504	0.461467841770467	0.00940994106118199
RS_GCF_009498455.1	1.40832471903617	0.459430325606479	0.00911000253931115
GB_GCA_016082275.1	1.40236598288834	0.455013521476293	0.00845990995809029
GB_GCA_009923345.1	1.38172806945409	0.439330531279988	0.0062431120156254
GB_GCA_903880855.1	1.37971924950495	0.437844528827458	0.00602368187145859
GB_GCA_018969975.1	1.38793001920259	0.443918621236764	0.0069205392307202
GB_GCA_903845315.1	1.36191050537886	0.424672886924544	0.00407799109733804
RS_GCF_002778315.1	1.36095857340307	0.423968794007486	0.00397399601351426
GB_GCA_903892175.1	1.3682045085909	0.429329413634476	0.00476541130440551
GB_GCA_903906635.1	1.37009465978963	0.430727739174765	0.00497186148724759
RS_GCF_002778325.1	1.37510568031238	0.43443598683599	0.0055190888717158
GB_GCA_903856995.1	1.38574398416211	0.442307515800577	0.00668088956416704
RS_GCF_003063475.1	1.3813375045499	0.439047885472933	0.00619955468313911
RS_GCF_003063545.1	1.38183071246111	0.43941284544351	0.00625341430616451
GB_GCA_002282445.1	1.38487119811935	0.441662316640438	0.0065854948365132
GB_GCA_009919175.1	1.41845585047205	0.466443825576906	0.0102632528029767
GB_GCA_018882835.1	1.33920585415114	0.407845200006906	0.00160282241469731
GB_GCA_903850735.1	1.34472261441289	0.411924692886481	0.00220563421840141
GB_GCA_009923505.1	1.37046649696907	0.430961176108149	0.00501885265883017
GB_GCA_903933115.1	1.44024198310845	0.482611665436673	0.0126410564673126
GB_GCA_903861115.1	1.44651118784122	0.487249743269717	0.0133260141401677
GB_GCA_903842945.1	1.45893824952265	0.496442749624295	0.0146838055625589
GB_GCA_009921265.1	1.39386007573594	0.448283421292894	0.0075738458984664
GB_GCA_945890735.1	1.411808584797	0.461579871811914	0.00953346806473986
GB_GCA_005789825.1	1.44452518724977	0.485785158724845	0.0131077274661098
GB_GCA_903887325.1	1.42872370665688	0.474096174124988	0.0113813017055002
GB_GCA_945901125.1	1.42643562387652	0.472403543557694	0.0111313189932248
GB_GCA_023228705.1	1.50711897479032	0.531664306455254	0.0199954844529983
GB_GCA_024235955.1	1.3799816987545	0.437743323322416	0.00608838144315656
GB_GCA_001897615.1	1.39814989861184	0.451176920144242	0.00807418727051023
GB_GCA_017307865.1	1.41030541224925	0.46016031661456	0.00940323459014718
GB_GCA_024235995.1	1.40382446605141	0.455371769661039	0.00869452212962956
GB_GCA_016702555.1	1.40570177040253	0.456765742774979	0.00889914949488738
RS_GCF_017498525.1	1.40915579289662	0.459318382520492	0.00927680250324598
RS_GCF_013423955.1	1.40305148446539	0.454807757579393	0.00860930786743434
RS_GCF_008017535.1	1.41115462809029	0.460796017825537	0.00949532397892948
GB_GCA_023442945.1	1.41182969417879	0.461294841105096	0.00956914087322663
GB_GCA_016703145.1	1.40010799776088	0.452630460534687	0.00828769374204906
GB_GCA_015999985.1	1.42126384471895	0.468265493750901	0.0106008806180233
RS_GCF_000422885.1	1.42394233026436	0.47024470644384	0.0108937690793451
GB_GCA_020161215.1	1.38886215493583	0.444316669798605	0.00705833133845504
RS_GCF_014489595.1	1.32118555771908	0.394326347601647	-0.000344970699946811
RS_GCF_018413525.1	1.37773815734562	0.436164062654085	0.00583338999576865
GB_GCA_019236485.1	1.39407346486608	0.448273091448583	0.00761575108338177
RS_GCF_000964545.1	1.40324807838038	0.455058043242496	0.00861831934030666
RS_GCF_000761245.1	1.40591770639644	0.457031978495392	0.00891008167297167
RS_GCF_014076415.1	1.40101692752251	0.453408320569712	0.0083744779282275
GB_GCA_008727115.1	1.4074523971436	0.45816655536655	0.00907782793766176
RS_GCF_002754475.1	1.4099207502867	0.459991893668215	0.00934757173583181
RS_GCF_012844455.2	1.41007753531115	0.460107821436676	0.00936470670144425
RS_GCF_000429845.1	1.39327102815721	0.44767202682774	0.00752883196874198
RS_GCF_903815225.1	1.39418993361456	0.448351347338263	0.00762927142235716
GB_GCA_018384835.1	1.48330439075926	0.514228775114014	0.0173711881494907
RS_GCF_020080045.1	1.40275858627959	0.454674284320317	0.00856697900923612
RS_GCF_014207855.1	1.40084715031103	0.453261369522312	0.00835803752590371
GB_GCA_002331385.1	1.36178210231973	0.424368088222894	0.00408895837744272
RS_GCF_014395975.1	1.37296183571496	0.432632875195528	0.00531084434318835
RS_GCF_014489535.1	1.38370293322829	0.440572574880515	0.00648489513267593
RS_GCF_011305535.1	1.38609667105478	0.442342332949235	0.00674650140291443
RS_GCF_015354245.1	1.38833201924746	0.443994684875904	0.00699083454419446
RS_GCF_011305995.1	1.3908595365202	0.445862872536064	0.00726711891597418
RS_GCF_017811175.1	1.39046366685056	0.44555914106443	0.00722614537972138
RS_GCF_003008575.1	1.38563259437515	0.441988863113202	0.00669796324274408
RS_GCF_000484635.1	1.42704699566582	0.472629648362579	0.0112237267313288
GB_GCA_001724135.1	1.42414931944895	0.470487544487948	0.0109069605299243
GB_GCA_021166775.1	1.42972735962279	0.474613073988364	0.0115166191710771
GB_GCA_001725255.1	1.42984080007918	0.474696937081312	0.011529020027557
RS_GCF_019195435.1	1.4485711671563	0.48854501999542	0.0135765073861372
RS_GCF_007954405.1	1.44884677515777	0.488748775851421	0.0136066355293755
GB_GCA_018054745.1	1.36708967183587	0.428274718723596	0.00467153799572048
GB_GCA_013297985.1	1.37221918776027	0.431347031863511	0.00530591408213881
GB_GCA_013297865.1	1.36667968027182	0.427282149723518	0.00469696411529545
RS_GCF_018413605.1	1.38792762457586	0.442938243087928	0.00702485030958034
GB_GCA_013297925.1	1.38502999768	0.440803796818089	0.00670732462510277
GB_GCA_013298415.1	1.41134294031537	0.460174695695886	0.0095927024055869
GB_GCA_013817345.1	1.3366331065307	0.402315058127585	0.00169839579933738
GB_GCA_013817365.1	1.33655670182759	0.402259387459337	0.00168995871279895
GB_GCA_016735685.1	1.36274975592503	0.421348698893132	0.00458215427946595
RS_GCF_014145335.1	1.36326778679099	0.421726169595198	0.00463935762473804
GB_GCA_017994835.1	1.38628059849435	0.438491505229363	0.00718179732372975
GB_GCA_016702605.1	1.34133452536859	0.405763933345219	0.00221420853356656
GB_GCA_016703325.1	1.35088685825603	0.412739308683732	0.00326660551120008
RS_GCF_023734135.1	1.34343095816646	0.407305757192056	0.00244340133864933
GB_GCA_023150375.1	1.34893447698515	0.411316793230179	0.00305098618042693
RS_GCF_013426975.1	1.36998122084906	0.426663277005245	0.00537374040652707
GB_GCA_013299055.1	1.36578987486351	0.423610355696987	0.0049107392858329
RS_GCF_013410775.1	1.36959260430444	0.426382231063355	0.00533050906502704
GB_GCA_013299175.1	1.36861266935638	0.425667962911147	0.00522233413724338
GB_GCA_902826345.1	1.3767188780944	0.432337479959793	0.00603944948456095
GB_GCA_022841885.1	1.36893970231432	0.426649775250447	0.00518250028759939
GB_GCA_011390055.1	1.40517817981809	0.453146975116818	0.00917447977833212
GB_GCA_902825995.1	1.36740623125774	0.42552944494006	0.00501355215359051
GB_GCA_024641965.1	1.38813083408315	0.440881604509913	0.00727862476412357
GB_GCA_017302505.1	1.3893932952069	0.441805554912574	0.00741761614695098
GB_GCA_017302495.1	1.39473738338503	0.445715170049868	0.00800617864152078
GB_GCA_020354665.1	1.40311054721405	0.451843873391834	0.00892819904340469
GB_GCA_016790175.1	1.39369626413366	0.444960065506116	0.00789110586938381
GB_GCA_015075165.1	1.40732389406024	0.454936982491795	0.00939121058241442
GB_GCA_015075545.1	1.42179764813197	0.46553066386943	0.0109846766434304
GB_GCA_024235895.1	1.41374459110843	0.459771835847983	0.0100864880347951
GB_GCA_016191995.1	1.41366700812734	0.459715012864719	0.0100779501287862
RS_GCF_004016515.1	1.38788708204331	0.440833981123445	0.00724065135693882
GB_GCA_024235855.1	1.39054044171118	0.442777303213966	0.00753264588055253
GB_GCA_018780805.1	1.39676163833009	0.447333565946934	0.0082173164643574
GB_GCA_903938815.1	1.39542314606125	0.446353238965903	0.00807001916873029
GB_GCA_001725505.1	1.36620952177022	0.424991777845768	0.00485278682883676
GB_GCA_022842595.1	1.4097731970222	0.456991436622556	0.00963976794693309
GB_GCA_024641925.1	1.43228509387735	0.473503842714169	0.0121152763315158
GB_GCA_014859905.1	1.41408044707053	0.460160001857578	0.0101125879783972
GB_GCA_016709385.1	1.4068853439918	0.454885600880939	0.0093211330369051
GB_GCA_022842305.1	1.4037991529418	0.452624626632554	0.00898153492611073
GB_GCA_016790395.1	1.42492163498948	0.468116397463135	0.0113043626820675
GB_GCA_013822265.1	1.42302864671051	0.466731609320286	0.0110958748144397
GB_GCA_016704535.1	1.41590710265994	0.461510472752881	0.010312565188569
GB_GCA_001295905.1	1.41848068509559	0.463397300255889	0.0105956345482502
GB_GCA_001295865.1	1.41916144934204	0.463896399612955	0.0106705128484551
GB_GCA_020720385.1	1.41408740615086	0.460171467163514	0.010112826354232
GB_GCA_903914615.1	1.41207549947789	0.458697527436368	0.00989144892642964
GB_GCA_018971105.1	1.42993527749905	0.471790913010251	0.0118559308386023
GB_GCA_020248945.1	1.42198418330944	0.465956786173346	0.0109821812791981
GB_GCA_023657425.1	1.4308053979193	0.472423850992312	0.0119524813484291
GB_GCA_903828235.1	1.41922462712931	0.463934196845853	0.0106786018923779
GB_GCA_019635315.1	1.39869411344802	0.448877724540827	0.00842069742953511
GB_GCA_016788525.1	1.43971205205722	0.4789860364757	0.0129305326394284
GB_GCA_016789865.1	1.43812974895146	0.477825777428479	0.0127564947314038
GB_GCA_016790425.1	1.44461680163715	0.482582648518907	0.0134700134038079
GB_GCA_016716535.1	1.44031192448202	0.47942683210774	0.0129964594557028
GB_GCA_016223165.1	1.43680435611737	0.476855115321031	0.0126106420967716
GB_GCA_022842825.1	1.44547158750557	0.483210724777865	0.0135639457297627
GB_GCA_020248915.1	1.4405657203368	0.479604222266796	0.0130250229709647
GB_GCA_018241895.1	1.46514034218259	0.497626230671382	0.0157280128961126
GB_GCA_020852865.1	1.46109785772344	0.494662035580735	0.0152833596696325
GB_GCA_021297985.1	1.44349106716951	0.481727451837743	0.013348041491137
GB_GCA_016789955.1	1.39950285031052	0.449411819740014	0.00851389615346905
GB_GCA_022843905.1	1.38349722394805	0.437688250402132	0.0067524950923999
GB_GCA_016707445.1	1.39849766453289	0.448688948298787	0.00840216165681102
GB_GCA_020161065.1	1.4057662081506	0.454017392328234	0.00920168805170038
GB_GCA_016719535.1	1.39867268204986	0.448820846502331	0.00842116555946269
GB_GCA_001724995.1	1.44357683599958	0.481730582796953	0.0133612622406594
GB_GCA_020851615.1	1.44094391965453	0.479800986670246	0.0130715995121494
GB_GCA_903876715.1	1.39663723267838	0.447158448535154	0.00821088174976216
GB_GCA_021300575.1	1.38578610500879	0.439214785406748	0.00701639265763349
GB_GCA_021298085.1	1.408510613486	0.455851897883803	0.00951782653323552
GB_GCA_016790225.1	1.39377813218465	0.445066647652889	0.00789608447932025
GB_GCA_004359425.1	1.39480881433839	0.445752723282119	0.00801389965520586
RS_GCF_018069865.1	1.39286116212601	0.444327254906771	0.00779949018569641
RS_GCF_006519715.1	1.39999988768321	0.449551077446061	0.0085855085967319
GB_GCA_016710065.1	1.41256455810671	0.458747322501928	0.00996871697213826
RS_GCF_020387415.1	1.39097232368588	0.442946797396894	0.00759131779863306
RS_GCF_021049305.1	1.38620532294804	0.4394579650904	0.00706652762716544
RS_GCF_024055665.1	1.39387352360701	0.445070411732865	0.00791066870605306
RS_GCF_018069875.1	1.39630000066973	0.446849558377336	0.00817759657973751
GB_GCA_017302485.1	1.41712564830296	0.462093085980321	0.0104700917430205
RS_GCF_018069755.1	1.4032501048812	0.451936766765061	0.00894266491916422
RS_GCF_002222655.1	1.42619232912249	0.468724624062532	0.0114687367429189
RS_GCF_013266755.1	1.38487300052061	0.438444597225029	0.00692320250325496
GB_GCA_016213205.1	1.36343227965642	0.422756548031583	0.00456250785818308
GB_GCA_010030205.1	1.40286837202878	0.451620553166525	0.00890365513659173
GB_GCA_945878355.1	1.39799950839731	0.448057719475199	0.00836760926169873
GB_GCA_001770815.1	1.39239548784637	0.443955226584811	0.00775079600420866
RS_GCF_002198735.1	1.381512052176	0.435989469513278	0.00655271761509763
GB_GCA_016721465.1	1.39017458296269	0.442328102226097	0.0075064618859858
GB_GCA_017992055.1	1.36619694997886	0.424773395480594	0.00486762892962707
GB_GCA_945878385.1	1.36897738268365	0.426600279916487	0.00519388573175036
GB_GCA_009918225.1	1.39103350456985	0.442722685320338	0.00762389677251241
GB_GCA_016868355.1	1.39400542990889	0.444894960439522	0.00795134085845418
GB_GCA_009923315.1	1.3804327068079	0.43497400253718	0.00645593835312907
RS_GCF_003574675.1	1.33953129602457	0.405056211144421	0.00195200442736701
RS_GCF_001293525.1	1.33613228704839	0.402406382405634	0.00159188949660044
GB_GCA_019635485.1	1.32872555069741	0.397021487828988	0.000770988031587221
GB_GCA_003265685.1	1.33535033870902	0.401860011855336	0.00150108254037132
RS_GCF_004011805.1	1.33503966080279	0.401633123237018	0.00146683993480067
RS_GCF_017795745.1	1.3248267730797	0.394174353259977	0.000341206448279422
GB_GCA_016706565.1	1.32480096194699	0.394155503613429	0.000338361537914635
GB_GCA_017983795.1	1.32879287832735	0.39707071666251	0.000778371549816932
GB_GCA_007994965.1	1.33125668976839	0.398870032166014	0.00104993212548076
GB_GCA_022758925.1	1.3694664183898	0.426774106953791	0.00526257036017142
GB_GCA_014879745.1	1.38199344428059	0.435931225552609	0.00664230839586854
GB_GCA_023954175.1	1.37527131546088	0.431021677071666	0.00590138348326397
GB_GCA_016702655.1	1.37989448009693	0.434396754023402	0.00641115733745431
GB_GCA_018780185.1	1.37041724601259	0.427465908827891	0.00536766725742435
GB_GCA_001263235.1	1.35169340920748	0.413793283275623	0.00330346349590805
RS_GCF_001425865.1	1.35099279720123	0.413281631658433	0.00322623649167274
GB_GCA_018780645.1	1.3091526492112	0.382607556404464	-0.00137319774642666
RS_GCF_004362525.1	1.30988839758982	0.383144482867312	-0.00129205565709307
RS_GCF_016093275.1	1.38847392829284	0.440557285140875	0.00736756873693
RS_GCF_004004565.1	1.40212717283099	0.450526536450863	0.00887279036383697
GB_GCA_017302655.1	1.41227034616624	0.457932097888419	0.00999111232183674
GB_GCA_005503085.1	1.34014140252711	0.405301635192223	0.00203329852503906
RS_GCF_003852425.1	1.37042269226745	0.427419628570089	0.00537029210959418
GB_GCA_018780415.1	1.38365510130324	0.437084704962128	0.00682853183047547
GB_GCA_903820745.1	1.39548190494708	0.445723584977471	0.00813182336773691
GB_GCA_945898095.1	1.39323994210439	0.444086219316315	0.0078847341171969
RS_GCF_001984095.1	1.34850267601126	0.411405209862279	0.0029551219404984
GB_GCA_019234295.1	1.36360197015323	0.422432228189314	0.00461925593485721
GB_GCA_019232985.1	1.37917149018371	0.433801906517469	0.00633532829571737
RS_GCF_015624425.1	1.33700945421265	0.403010436569485	0.0016885387038836
RS_GCF_020535565.1	1.36222644546342	0.42142408313242	0.00446803987987108
GB_GCA_013824165.1	1.33474913781539	0.401359885423262	0.00143937961082175
GB_GCA_015657635.1	1.33605946601466	0.402316673775076	0.00158380999137725
RS_GCF_021353235.1	1.36046882670143	0.420145053273093	0.00427394616467328
RS_GCF_001425705.1	1.38675108337359	0.439339280346688	0.00717056585415921
GB_GCA_009996515.1	1.37114325719828	0.427941223293946	0.00545032173879141
GB_GCA_019237615.1	1.3725122739549	0.428940988471778	0.00560120886961759
GB_GCA_016790285.1	1.37051781233757	0.427484083355914	0.00538144102320083
RS_GCF_022549225.1	1.34659092266182	0.409986195526131	0.00274778756566653
RS_GCF_002930615.1	1.28139846728451	0.361797859537387	-0.0043685855191661
RS_GCF_001017435.1	1.27967458804587	0.360544094332449	-0.00455934051528835
RS_GCF_023721835.1	1.27544952363488	0.35746993228949	-0.00502642565137801
GB_GCA_016790695.1	1.08418496585083	0.188713174069007	-0.0219847137512652
GB_GCA_016790635.1	1.0856915597837	0.189694903372392	-0.0218018613954043
GB_GCA_016195915.1	1.08480427515135	0.180417141764418	-0.02064598312938
GB_GCA_017880775.1	1.0674061557572	0.169335712875432	-0.0227935022916572
GB_GCA_011391295.1	1.11213419040887	0.197841672949324	-0.0172965487316778
GB_GCA_016868105.1	1.13245812047461	0.210794487806852	-0.0147989590030743
GB_GCA_022844545.1	1.12449165225952	0.205719582652451	-0.0157812496551378
GB_GCA_005240145.1	1.14732125454106	0.220265115453179	-0.012968628800985
GB_GCA_945906765.1	1.13766512144345	0.214113809018977	-0.0141593405041094
GB_GCA_009693345.1	1.14626893525472	0.219594886212297	-0.0130986130178451
GB_GCA_021813275.1	1.09480321350713	0.186804112106946	-0.0194383505848348
GB_GCA_022340705.1	1.13077398844638	0.209718499856076	-0.0150023407991958
GB_GCA_004297625.1	1.11622258036784	0.200456614745546	-0.0168071241779309
GB_GCA_005888925.1	1.14649227556021	0.219743683154137	-0.0130794752319815
GB_GCA_019509895.1	1.15599577081578	0.225798403979545	-0.0119084114098527
GB_GCA_005883675.1	1.15538826472863	0.225411368869257	-0.0119832827712045
GB_GCA_019237595.1	1.17103070701856	0.235375728406446	-0.0100534778592378
GB_GCA_005881595.1	1.10608978506851	0.194000269002462	-0.0180548510477184
GB_GCA_001770655.1	1.10377578655914	0.192522666747945	-0.0183356620564583
GB_GCA_016713125.1	1.05372086124994	0.160609879735437	-0.0244671595466665
GB_GCA_945862265.1	1.06841148104684	0.16996628366662	-0.0226529132708173
GB_GCA_005881355.1	1.06540352792312	0.168035352826259	-0.0230540139293285
GB_GCA_005884335.1	1.08438069419889	0.180121873651761	-0.0207157428842865
GB_GCA_005883665.1	1.08241286963931	0.178868619805479	-0.020958412856329
GB_GCA_005882235.1	1.08820793812087	0.182559392933773	-0.0202439133289423
GB_GCA_005884455.1	1.0951581562368	0.186985841164953	-0.0193869459099309
GB_GCA_005881575.1	1.09773792053706	0.188628832603909	-0.019068834371499
GB_GCA_016210745.1	1.07803968936496	0.176079779127544	-0.0214799093173687
GB_GCA_001770355.1	1.11447592344572	0.199293375593732	-0.016996686443199
GB_GCA_903859155.1	1.11050552098111	0.196764637422844	-0.0174865062181858
GB_GCA_945897475.1	1.12542928823088	0.206269725326393	-0.0156454744365531
GB_GCA_903899705.1	1.11891589966401	0.202121327800439	-0.0164489952167905
GB_GCA_903909415.1	1.0957919621119	0.187387701393614	-0.0192898359987412
GB_GCA_903895005.1	1.06779350076198	0.169550442147118	-0.0227407738348123
GB_GCA_945906975.1	1.06887205781911	0.170237301968109	-0.0226076314178281
GB_GCA_021825225.1	1.06887537305016	0.170243493022736	-0.0226294578375804
GB_GCA_021811085.1	1.07074602608945	0.171434832178116	-0.0223987965981811
GB_GCA_014860395.1	1.07911432227398	0.176764469227678	-0.0213678925372582
GB_GCA_007280315.1	1.08660209661009	0.181533157494943	-0.0204447396055517
GB_GCA_919902965.1	1.08919241741109	0.183182919618534	-0.0201257667686384
GB_GCA_014860445.1	1.08877414931932	0.182916539696087	-0.0201773319179724
GB_GCA_014860355.1	1.08232628676333	0.17881009422338	-0.0209720965677834
GB_GCA_016234705.1	1.08288980102032	0.179168830244292	-0.0209018819467629
GB_GCA_903921325.1	1.12144567716676	0.203718674590342	-0.0160891759158322
GB_GCA_902826155.1	1.10695773077877	0.194493317515007	-0.0178845460526236
GB_GCA_009693235.1	1.10682932477273	0.194412340503069	-0.0179027777425107
GB_GCA_945906755.1	1.10495453091543	0.193218372375312	-0.0181343106338606
GB_GCA_023383795.1	1.08428474228753	0.180050694317148	-0.020685801197771
GB_GCA_020848075.1	1.08615715895158	0.181243112869703	-0.0204545592571505
GB_GCA_022340285.1	1.08852407028112	0.182750342826416	-0.0201616060692421
GB_GCA_019137045.1	1.04583365423287	0.155561973839196	-0.0254281227064685
GB_GCA_025056355.1	1.1441979240967	0.210096227847029	-0.0117653682769809
GB_GCA_017989135.1	1.14899526685488	0.213115417746511	-0.0111841410636497
RS_GCF_009746125.1	1.13581260879599	0.204873290992758	-0.0128431398598524
GB_GCA_016790165.1	1.14437238817865	0.210225466615153	-0.0117664643930864
GB_GCA_018241765.1	1.17164960123156	0.227281378223563	-0.00833545011938977
GB_GCA_004293675.1	1.1539494124152	0.216214856356914	-0.0105621845493308
GB_GCA_013298045.1	1.16007173817864	0.220045630500267	-0.00979444912628689
GB_GCA_013298145.1	1.18088305353682	0.233060031336587	-0.00717801248481379
GB_GCA_013298765.1	1.18339354914635	0.234629884249226	-0.00686231290413739
GB_GCA_013298695.1	1.17831802872239	0.231455616304808	-0.00750016867253664
GB_GCA_016192065.1	1.05661986024015	0.155292290613257	-0.0227658835248057
GB_GCA_020851255.1	1.11723249630287	0.193203517401184	-0.0151983330684729
GB_GCA_020847675.1	1.13221731294074	0.202570938480533	-0.0133148916925339
GB_GCA_015075645.1	1.12450365534321	0.197749162952597	-0.0142848578881881
GB_GCA_018241745.1	1.11404804332787	0.191211432465118	-0.0155957734911686
GB_GCA_016861105.1	1.11760845581086	0.193436155755227	-0.0151459747187181
GB_GCA_020853025.1	1.11992070703246	0.194881647940832	-0.014856760121173
GB_GCA_016716425.1	1.10469597923356	0.185364978691875	-0.0167715882873036
GB_GCA_021784125.1	1.10608191241998	0.186231074554573	-0.0165974204054424
GB_GCA_018971195.1	1.10483452817154	0.185451368508954	-0.0167543064658716
GB_GCA_010365205.1	1.08460226252293	0.172801641735998	-0.019290800818259
GB_GCA_005882995.1	1.12867890929046	0.200357049096889	-0.0137539047636244
GB_GCA_003153475.1	1.1196460785618	0.194710911569803	-0.0148905616348785
GB_GCA_005889025.1	1.12386827927329	0.19735032229734	-0.0143598401244941
GB_GCA_005883655.1	1.12554319890516	0.198397305856459	-0.0141491926984885
GB_GCA_016717855.1	1.05335757473112	0.153245586211178	-0.0231562029222145
GB_GCA_017853245.1	1.08939371605446	0.17572806376494	-0.0186411445304083
GB_GCA_016709665.1	1.07331364931487	0.165679855725862	-0.0206674844796869
GB_GCA_016708825.1	1.07752599529574	0.168312255115013	-0.0201386772420833
GB_GCA_019634955.1	1.08717102200807	0.174339390187386	-0.0189251340667675
GB_GCA_016720855.1	1.08440027785478	0.172607976367203	-0.0192739653200742
GB_GCA_019449455.1	1.0720565405145	0.164894510141467	-0.0208275619953999
RS_GCF_013003985.1	1.08611191946093	0.173677837511748	-0.0190542147001219
GB_GCA_001953215.1	1.09431948117538	0.178806868330586	-0.0180218230655794
RS_GCF_013003965.1	1.09029878694318	0.176294360187035	-0.0185279639247734
GB_GCA_017880705.1	1.10479725228075	0.185354105026106	-0.0166996851271136
GB_GCA_016791265.1	1.0385146753095	0.143929636381702	-0.0250185785634619
GB_GCA_021300055.1	1.08713931559158	0.17431718091521	-0.0189078691995014
GB_GCA_001602455.1	1.09149084973934	0.177036568837041	-0.0183605295144194
GB_GCA_020247545.1	1.09961563179042	0.18211362439847	-0.0173372637674231
GB_GCA_016790765.1	1.09691091786771	0.180422816724245	-0.0176751195145065
GB_GCA_016790625.1	1.07007617012516	0.163654193401653	-0.0210558914488897
GB_GCA_016720925.1	1.08277532786926	0.171589621286332	-0.0194563109326228
GB_GCA_002414205.1	1.04501723846245	0.132181121646207	-0.0217437042970257
GB_GCA_024653675.1	1.03709881251144	0.12742755535987	-0.0227879144714973
GB_GCA_024641025.1	1.07457836765731	0.149911593286445	-0.0179373836411861
GB_GCA_016195965.1	1.05548634601421	0.138458092219203	-0.0204086025827434
GB_GCA_002403995.1	1.03834358789663	0.128173977768623	-0.0226281121284235
GB_GCA_021851345.1	1.0631510572994	0.143055789777159	-0.0194180662808628
GB_GCA_017880945.1	1.04364512224838	0.131354306264435	-0.0219422074102239
GB_GCA_022340615.1	1.05913728190334	0.140648102578356	-0.0199368820346717
GB_GCA_024654105.1	1.04937815913525	0.134794181358729	-0.0211976252193946
GB_GCA_903876685.1	1.07119148612255	0.1478800965457	-0.0183744167883115
GB_GCA_021787435.1	1.07164939940212	0.148155907470334	-0.0183173456000681
GB_GCA_021783995.1	1.0847269939988	0.156001321159903	-0.016625242759506
GB_GCA_021821945.1	1.09863927262641	0.164347476538497	-0.0148249822832477
GB_GCA_903885165.1	1.07529455728532	0.150342658078513	-0.0178444123516566
GB_GCA_023229845.1	1.03441546215063	0.125819267776209	-0.023126886679118
GB_GCA_008080515.1	1.04322064767232	0.131101499444241	-0.0219823219188671
GB_GCA_016213335.1	1.0452248953349	0.13230387020252	-0.0217227447125589
GB_GCA_903873725.1	1.0420696478998	0.130411219242532	-0.0221305827104498
GB_GCA_006218055.1	1.05854779447968	0.140291360939167	-0.0200295922998799
GB_GCA_903847155.1	1.05416492002	0.137661911973163	-0.0205975556140104
GB_GCA_016235045.1	1.05295839966676	0.136937911095961	-0.0207547857889921
GB_GCA_016214695.1	1.05724068785729	0.139506727089609	-0.0202012421665303
GB_GCA_016208015.1	1.05910543458792	0.140625339259181	-0.0199601638076765
GB_GCA_018813765.1	1.06119163943672	0.141876827347443	-0.0196903587830781
GB_GCA_018820925.1	1.06426641857212	0.143721309218948	-0.0192928477530409
RS_GCF_000025705.1	1.05542720021821	0.138418942623278	-0.0204352888871359
GB_GCA_020723185.1	1.05853399693286	0.140282758086295	-0.0200344671203489
GB_GCA_011620315.1	1.06581658831092	0.14465136352725	-0.0190933313629589
GB_GCA_013791855.1	1.06273067388579	0.142800202678256	-0.0194922325886583
GB_GCA_018819205.1	1.06678986843299	0.14523520653408	-0.0189675517527998
GB_GCA_024636935.1	1.07270359659733	0.148782695264265	-0.018203172932303
GB_GCA_018814405.1	1.06820973455193	0.146086943551983	-0.0187840536113357
GB_GCA_903876625.1	1.07149097042207	0.148058216058127	-0.0183435488106346
GB_GCA_903913145.1	1.06578729927281	0.144636590869615	-0.019081585755997
GB_GCA_021802655.1	1.01847303223779	0.116286382324358	-0.0249878997191753
GB_GCA_021802545.1	1.03647409899581	0.127087089293957	-0.0226445675211275
GB_GCA_021811205.1	1.0370005289032	0.127402955834039	-0.0225760141619823
GB_GCA_021848825.1	1.02833611622477	0.122204470718604	-0.0237032782232111
GB_GCA_021845885.1	1.03147650949924	0.124088771349328	-0.0232942999579865
GB_GCA_022843925.1	1.07149034404864	0.148129176941713	-0.018201133553397
GB_GCA_001464895.1	1.07260618555708	0.148798807520581	-0.0180561282961135
GB_GCA_016713305.1	1.07249306012004	0.148731113589683	-0.0180704852346279
GB_GCA_016125475.1	1.09000157207504	0.159238393305139	-0.0157958603670145
GB_GCA_001464765.1	1.08146934015238	0.154117993175437	-0.0169045738857936
GB_GCA_016194905.1	1.05507011992947	0.13827601605078	-0.0203159371644962
GB_GCA_020848435.1	1.07532524438356	0.150435627071674	-0.0177236650014704
GB_GCA_003153455.1	1.06100074497698	0.141838402233622	-0.0196534282607171
GB_GCA_016192835.1	1.05767792706421	0.139844327468748	-0.0200843305115281
GB_GCA_023266235.1	1.04568448349311	0.132646960812848	-0.0216391125748092
GB_GCA_945870465.1	1.06338320419817	0.143268507123175	-0.0193429681276493
GB_GCA_903885665.1	1.1203896225452	0.17749468456557	-0.0120395563501311
GB_GCA_022843705.1	1.09443672170332	0.161918496823628	-0.0154024040635209
GB_GCA_019635015.1	1.09982642850872	0.16515329046749	-0.0147053550863565
GB_GCA_019744975.1	1.10187594777688	0.166383519414747	-0.0144410039769517
GB_GCA_019749945.1	1.10640659433853	0.169102740802779	-0.0138551442864973
GB_GCA_945885345.1	1.1064483229922	0.169127785640091	-0.0138497480846278
GB_GCA_945862135.1	1.09296312007952	0.161034039105626	-0.0155927711324449
GB_GCA_903933915.1	1.09914813767171	0.164746163224572	-0.0147928536369782
GB_GCA_019751125.1	1.10019369930818	0.165373769450915	-0.0146578669527853
GB_GCA_001464815.1	1.10857290898665	0.170402815734047	-0.0135742049608662
GB_GCA_945901405.1	1.07912433598731	0.152727678438612	-0.0173666980553347
GB_GCA_945893125.1	1.10520317409822	0.168382400763115	-0.013999530257398
GB_GCA_021730905.1	1.09902272093226	0.164673180185878	-0.0147994788460117
GB_GCA_903893565.1	1.17891697566318	0.212626725038345	-0.00446273611701097
GB_GCA_945906815.1	1.10906420231818	0.170699548142108	-0.0135007513175256
GB_GCA_945864585.1	1.10471771058642	0.168090836271988	-0.0140631158953171
GB_GCA_945861275.1	1.10284732335515	0.166968252861704	-0.0143051078001339
GB_GCA_001771935.1	1.10984537805788	0.171159476518942	-0.0133767304849361
GB_GCA_016192825.1	1.10835514285903	0.170265101787962	-0.0135696808141145
GB_GCA_023266245.1	1.08864324076757	0.158434611066248	-0.0161213301070016
GB_GCA_016183675.1	1.08991297866847	0.159196644803841	-0.0159569185451017
GB_GCA_016868035.1	1.08816931338598	0.158150051772944	-0.0161809602170988
GB_GCA_001771985.1	1.05068589863821	0.135653290275911	-0.0210304205868525
GB_GCA_016202565.1	1.0689039240999	0.146586605465137	-0.0186706969157478
GB_GCA_001772005.1	1.04393565549398	0.131602265333841	-0.0219045488286813
GB_GCA_016199545.1	1.06171381976304	0.142272063009928	-0.019596700909212
GB_GCA_021817985.1	0.996907911597434	0.103353108671008	-0.0276715514352238
GB_GCA_021788645.1	1.0010384492496	0.105831571314948	-0.0271320869584978
GB_GCA_021848325.1	0.947401483135981	0.0736489561024434	-0.0341339724452463
GB_GCA_002347615.1	0.984964607276707	0.096170410540096	-0.0292615856713545
GB_GCA_020061285.1	1.00649150574285	0.109085614585194	-0.0264532144699489
GB_GCA_021845865.1	0.989016537587021	0.0986012854539166	-0.0287332019663027
RS_GCF_011764585.1	0.967552352884395	0.0857184168321715	-0.031540791727442
GB_GCA_003104895.1	0.967789749936102	0.0858603504924824	-0.031510657928236
GB_GCA_002632355.1	0.977130373892313	0.0914639921002256	-0.0302924547360462
GB_GCA_018824405.1	0.977691618649225	0.0918006973814474	-0.0302192532816177
GB_GCA_018336195.1	0.983828534405661	0.0954842036321379	-0.029416472923757
GB_GCA_023266195.1	0.968111467018289	0.0860503839093006	-0.0314745698336317
GB_GCA_021792335.1	0.986419605211674	0.097032637693962	-0.0290891075892556
GB_GCA_021801705.1	0.977958967221162	0.0919570921821346	-0.0301921793999246
GB_GCA_021373185.1	0.985945884149056	0.096748511212075	-0.0291507887248941
GB_GCA_019911785.1	0.980518353988265	0.0934923160947105	-0.0298587994690368
GB_GCA_018823025.1	0.990641718918511	0.0995653084140376	-0.0285389973473889
GB_GCA_023511995.1	1.00306959790943	0.107036466227499	-0.0268988190729735
GB_GCA_018781585.1	1.00633475672462	0.108991152273328	-0.0264834027074215
GB_GCA_016235775.1	1.01308729231924	0.113042348285242	-0.0256028481358738
GB_GCA_001770235.1	1.0154360958429	0.114451521647617	-0.0252965461941196
GB_GCA_021812385.1	1.01955123721297	0.116920773252121	-0.0247593270674442
GB_GCA_024641855.1	1.0262480893199	0.120938611954433	-0.0238859592716489
RS_GCF_001645185.1	0.981574724791922	0.0942015243176533	-0.0295241156001361
GB_GCA_006844635.1	1.14332128159978	0.191292033141551	-0.00832806138303159
GB_GCA_021847305.1	0.956399261283882	0.0790785515348601	-0.0327912274233098
GB_GCA_021851875.1	0.958966100113681	0.0806190530602794	-0.0324546284917358
RS_GCF_002162035.1	0.986526114429388	0.0971159856001792	-0.0289645579221222
RS_GCF_003864975.1	0.984057921421034	0.0956350600140461	-0.0292871907072942
GB_GCA_013140765.1	1.0102667026057	0.111360183521785	-0.0258620439710773
RS_GCF_009937995.1	1.00127176255295	0.105963217675038	-0.0270377096474915
GB_GCA_021795395.1	1.01492514745682	0.114156790523332	-0.025250304741145
GB_GCA_022736605.1	0.976508111368859	0.0911082919377858	-0.0302675051245907
GB_GCA_001899775.1	1.02563985275755	0.12046751161785	-0.0242873269988779
GB_GCA_024708885.1	1.03240715504356	0.124524786816999	-0.0234143121029796
GB_GCA_024709165.1	1.0326843330007	0.124690966812183	-0.0233785536587636
GB_GCA_021811235.1	1.0019812528278	0.10628222039189	-0.027343940494204
GB_GCA_024709685.1	1.02486918239919	0.120003148074465	-0.0243969514942328
GB_GCA_002403375.1	1.01765340888149	0.115677159000926	-0.0253271503581027
GB_GCA_019459055.1	1.05614445851753	0.138750635311771	-0.0203777165852443
RS_GCF_001530125.1	1.05617943210135	0.138771577410704	-0.0203733469007833
GB_GCA_002256995.1	1.05885985092899	0.140378455358663	-0.0200282088877888
GB_GCA_018820745.1	1.06383251960973	0.143359517413052	-0.0193878661933122
GB_GCA_002424845.1	1.04470733188596	0.131894336287534	-0.0218497549679063
GB_GCA_018820765.1	1.03404039450747	0.125499620801333	-0.0232234107597679
GB_GCA_001897675.1	1.03382752048539	0.125371935093291	-0.0232513032348641
RS_GCF_000376425.1	1.03747354140929	0.127557687767551	-0.0227817330279615
GB_GCA_024708915.1	1.0334721744207	0.125158897756683	-0.0232971028611883
GB_GCA_012274165.1	1.08380181442275	0.155330530795589	-0.0168223324398734
GB_GCA_002279795.1	1.07425201424727	0.149605526599901	-0.0180516496426321
GB_GCA_002257045.1	1.07368370083343	0.149264830332174	-0.0181247997468257
GB_GCA_001802655.1	1.07516888867285	0.150155187296282	-0.017933574282028
GB_GCA_020057245.1	1.06929508889043	0.146633929115449	-0.0186894595677673
GB_GCA_018780105.1	1.06284429871421	0.142766764799467	-0.0195198180010156
GB_GCA_019911765.1	1.04989744126983	0.135005424629525	-0.0211845483109554
GB_GCA_010365175.1	1.06538538485498	0.144290202438004	-0.0191909683104526
GB_GCA_018780025.1	1.05974138396526	0.140906683091486	-0.0199176738022173
GB_GCA_002256785.1	1.07005420727852	0.147089096394789	-0.0185899421972223
GB_GCA_016124745.1	1.04497778064094	0.132056347581282	-0.0218163778559028
GB_GCA_016195805.1	1.02064430213389	0.117469062958297	-0.024946878630795
GB_GCA_021820845.1	1.03603672996272	0.126696810397309	-0.0229637827546213
GB_GCA_021802945.1	1.02460974370583	0.119846347654571	-0.0244359587866834
GB_GCA_021784115.1	1.023751503238	0.119331832883269	-0.0245465330336463
GB_GCA_001899765.1	1.03688978175061	0.127208203468438	-0.0228539179787468
GB_GCA_001899305.1	1.02516516597397	0.12017928888758	-0.0243645021718634
GB_GCA_002343685.1	1.02597389476074	0.120664120857521	-0.0242603082833161
GB_GCA_008923315.1	1.02448674287476	0.119777415956649	-0.0244310388654399
GB_GCA_020217265.1	1.01860949894587	0.116253593844588	-0.0251897856817226
GB_GCA_020216925.1	1.03119438909286	0.12379884330565	-0.023565868481267
GB_GCA_002281775.1	1.0278385379077	0.121786830919877	-0.0239989484540124
GB_GCA_021780975.1	1.00756279991448	0.109668250257284	-0.0264699689496042
GB_GCA_021802555.1	1.02352269829831	0.119240621989977	-0.0243971219242126
GB_GCA_021849595.1	1.01860028563194	0.116288250615703	-0.0250364993866219
GB_GCA_013389025.1	1.0150472516431	0.114155481034315	-0.0255029168168299
GB_GCA_018263115.1	1.01605282814367	0.114758599627829	-0.0253723247097624
GB_GCA_021847835.1	1.01422727000648	0.113663326104348	-0.0256105428889556
GB_GCA_008923285.1	1.02689229680727	0.121259360786513	-0.0239661380678852
GB_GCA_024709485.1	1.0358315773102	0.126620857802815	-0.0228053937471559
RS_GCF_004337445.1	1.03624152062527	0.126904294033915	-0.022634921154622
GB_GCA_024235835.1	1.05224339533794	0.136503985635785	-0.0205559711710522
GB_GCA_945897955.1	1.08247876314526	0.154642719894699	-0.0166212785886838
GB_GCA_020049415.1	1.08903846547643	0.158577968562737	-0.0157672106097006
GB_GCA_002360535.1	1.01714333108313	0.115447256777822	-0.0251203346959954
GB_GCA_020725195.1	1.00231627658063	0.106550027388123	-0.0270551169071642
GB_GCA_013389055.1	1.01390090952841	0.113497381159565	-0.0255515750749122
GB_GCA_016234655.1	1.03186253298812	0.124271766139723	-0.0232136507091894
GB_GCA_021848725.1	1.02962859566952	0.122931717089435	-0.023504449305453
RS_GCF_003967275.1	0.999802061926136	0.105040107066927	-0.0273867529064605
GB_GCA_002339725.1	0.996350353652249	0.102969725928216	-0.0278356634070732
GB_GCA_020027345.1	1.09749692330091	0.100896852202853	0.00700118652729089
GB_GCA_002631715.1	0.651262696950093	-0.221211008701134	-0.0295531830119272
GB_GCA_007570905.1	0.648838324383524	-0.222144281026705	-0.0301415282129465
GB_GCA_014323925.1	0.673376732269955	-0.213355269405997	-0.0243881745582257
GB_GCA_003645455.1	0.542309749516864	-0.321353314480369	-0.0188809434938002
GB_GCA_001443385.1	0.193831695680181	-0.970937186404787	-0.0551140827879152
GB_GCA_023248995.1	0.194813006682646	-0.972745387506847	-0.0545092649616667
GB_GCA_016201645.1	0.193370084031087	-0.970093475652075	-0.0553995936864527
GB_GCA_001788395.1	0.200921204414853	-0.984811943459894	-0.0508399373171955
GB_GCA_001788415.1	0.203947860879636	-0.990421210277487	-0.0489780243746042
GB_GCA_016188005.1	0.202526345181902	-0.987789106910795	-0.0498528167405479
GB_GCA_016179165.1	0.203123680682505	-0.98884435441407	-0.0494783261138039
GB_GCA_016209635.1	0.207110001598749	-0.997713810606521	-0.0471953686785232
GB_GCA_001917535.1	0.210672549664823	-1.00455795429068	-0.0450313718359972
GB_GCA_001917585.1	0.215282558458204	-1.01322695681787	-0.0422092732710742
GB_GCA_003220435.1	0.217489900236901	-1.01789570848178	-0.0409177946693593
GB_GCA_003221515.1	0.218209752909233	-1.01925960509542	-0.0404783144946432
GB_GCA_003220535.1	0.21601271504874	-1.01511230150728	-0.0418214191179624
GB_GCA_003221615.1	0.218261485327115	-1.01938395767569	-0.0404497606262128
GB_GCA_003220685.1	0.220070998832308	-1.02281685581956	-0.0393455324940788
GB_GCA_003220495.1	0.219140980744464	-1.02105298553759	-0.0399131191788019
GB_GCA_003221635.1	0.217400446945049	-1.01774530695721	-0.0409746237059502
GB_GCA_003221655.1	0.217387212855682	-1.01772208027522	-0.0409829182724316
GB_GCA_023249095.1	0.217806618120888	-1.01851723836024	-0.0407269261119955
GB_GCA_001914535.1	0.219665809146355	-1.0218765742292	-0.0395728483960785
GB_GCA_003220675.1	0.21874820299358	-1.02014225298595	-0.0401335639573866
GB_GCA_016179925.1	0.215617585753636	-1.01421248871495	-0.042045132801094
GB_GCA_005887895.1	0.2188636982188	-1.02025075524455	-0.0400501559840562
GB_GCA_003220265.1	0.220046216529091	-1.02248232539151	-0.0393271549630887
GB_GCA_016200085.1	0.217267489031658	-1.01709673910939	-0.041009823293316
GB_GCA_016208975.1	0.208995934318285	-0.978964184103496	-0.0433144668696846
GB_GCA_013151235.1	0.176464719215694	-0.924094096818096	-0.064023633461652
GB_GCA_024278555.1	0.199583545957094	-0.96345901031831	-0.0493664877031028
GB_GCA_023248415.1	0.172820001343653	-0.919754267504659	-0.0665893400198107
GB_GCA_919902475.1	0.171913213954383	-0.918201690008666	-0.0671622526816243
GB_GCA_001803815.1	0.169931309731826	-0.914807238164437	-0.0684142362617946
GB_GCA_021783455.1	0.182905131140138	-0.937174368974655	-0.0601961988275498
GB_GCA_014874185.1	0.211665111452049	-0.994391142246096	-0.0428777095691136
GB_GCA_021789215.1	0.216128349474609	-1.00255161337192	-0.0401083480020825
GB_GCA_021789735.1	0.227157574207758	-1.02254609664784	-0.0332471609620832
GB_GCA_021825785.1	0.245820809579827	-1.05594991779732	-0.0215956354019902
GB_GCA_021840255.1	0.227630414457921	-1.02341179571091	-0.0329535881243428
GB_GCA_021789935.1	0.227388479300196	-1.02296637688397	-0.0331036238043991
GB_GCA_021819985.1	0.226188601757153	-1.02079696571334	-0.033850699077187
GB_GCA_021791055.1	0.198058381636501	-0.968732079626188	-0.051240937661917
GB_GCA_002897855.1	0.205355789797332	-0.981450799664499	-0.0466560273003143
GB_GCA_013151785.1	0.205816520675006	-0.98266626140185	-0.0464191619425139
GB_GCA_015484595.1	0.207954916025962	-0.98642815495816	-0.0450783035181826
GB_GCA_002897935.1	0.206061527111781	-0.983099896235503	-0.0462659551840654
GB_GCA_015485235.1	0.206055680760344	-0.983089612322237	-0.0462696211191943
GB_GCA_015484845.1	0.196280844062123	-0.951987217698187	-0.0507502627571537
GB_GCA_011051825.1	0.206940958755108	-0.96991827636155	-0.0439685156255244
GB_GCA_013151365.1	0.205545774140866	-0.96762611228877	-0.0448632138355666
GB_GCA_002897615.1	0.205301779915543	-0.967216002678857	-0.0450184668057523
GB_GCA_013151175.1	0.19717708761027	-0.953034031521519	-0.05012220632929
GB_GCA_024275235.1	0.200725465114971	-0.958971610731186	-0.0478609688622853
GB_GCA_016926755.1	0.198928812088644	-0.942389192827976	-0.0472636119279918
GB_GCA_002683655.1	0.208807635007253	-0.952141248930088	-0.0400878731112736
RS_GCF_000771745.2	0.218820992997988	-1.02843941483019	-0.0393697232534005
RS_GCF_000373145.1	0.223127724256499	-1.03710372466285	-0.0367532772485761
RS_GCF_000376265.1	0.227188495910834	-1.04518921703317	-0.0342776820537323
RS_GCF_021462525.1	0.227821599085311	-1.04645826202776	-0.033892481616442
RS_GCF_003336745.1	0.232955114869146	-1.05651900938371	-0.0307469356228027
RS_GCF_022760855.1	0.234868187698878	-1.06026092831422	-0.0295739999374431
RS_GCF_022760835.1	0.234053139180078	-1.05866691121177	-0.0300737377471002
RS_GCF_022760955.1	0.231909009352194	-1.05446943894576	-0.0313880005681411
RS_GCF_004684245.1	0.232201544527271	-1.05504189900348	-0.0312086694532549
RS_GCF_002964845.1	0.232602195673081	-1.05582518596292	-0.0309629887857953
RS_GCF_021462405.1	0.228893633056434	-1.04856815650621	-0.0332364532509015
RS_GCF_000794385.1	0.224574219369502	-1.04005333781244	-0.0358784072380262
RS_GCF_021462505.1	0.224953802672265	-1.04079337075859	-0.0356454562594185
RS_GCF_001880325.1	0.22485912244558	-1.04060895300032	-0.0357035796377921
RS_GCF_000421625.1	0.227065744666417	-1.04486593289018	-0.0343448051504327
GB_GCA_023382135.1	0.221813918322406	-1.03400008161746	-0.0375021719977176
RS_GCF_003574355.1	0.231116693732291	-1.05268667606502	-0.0318436275563681
GB_GCA_025056915.1	0.231430615719598	-1.05347306449216	-0.0316674288248944
RS_GCF_017497985.1	0.229939043713849	-1.05056801159233	-0.0325833769656914
RS_GCF_003574035.1	0.231048554879849	-1.05272942558787	-0.031902094248354
RS_GCF_000620065.1	0.231021295575447	-1.05267265633031	-0.0319184644238654
GB_GCA_000482765.1	0.231990579116802	-1.05456081655227	-0.0313232756154657
RS_GCF_000423425.1	0.231980337804968	-1.0545384873051	-0.0313291439404757
RS_GCF_003351145.1	0.23957947340805	-1.06937915833261	-0.0266660163888407
GB_GCA_025060375.1	0.239510393871788	-1.06925106508395	-0.0267090213896282
RS_GCF_003574085.1	0.237988427185432	-1.06628337254449	-0.0276433591961048
RS_GCF_000092125.1	0.228257270177404	-1.04693756195481	-0.0335831283773946
RS_GCF_003226535.1	0.228081229598124	-1.0465965985537	-0.0336914088103527
RS_GCF_003574095.1	0.22812538828131	-1.04668338252829	-0.0336643717438333
RS_GCF_000373205.1	0.228311697105166	-1.04704423552839	-0.0335497758043467
GB_GCA_004298675.1	0.21239201625218	-0.977158318175975	-0.0394758119977762
GB_GCA_004298665.1	0.212224811814735	-0.976880631120884	-0.0395832145467562
GB_GCA_014304965.1	0.23353124433877	-1.01238726058967	-0.0258995323781233
GB_GCA_003164045.1	0.234802503774039	-1.01450467254259	-0.0250830943588526
